customer_id,age,tenure,monthly_charges,total_charges,contract_type,payment_method,churn
CUST_00001,56,17,60.49,1056.15,One year,Bank transfer,0
CUST_00002,69,2,109.94,213.34,Month-to-month,Bank transfer,1
CUST_00003,46,5,36.61,230.31,Two year,Electronic check,0
CUST_00004,32,72,86.32,6235.7,Month-to-month,Electronic check,1
CUST_00005,60,18,40.45,859.99,Month-to-month,Electronic check,1
CUST_00006,25,8,61.57,491.36,Month-to-month,Bank transfer,1
CUST_00007,38,72,74.06,5311.44,One year,Credit card,0
CUST_00008,56,72,77.73,5660.47,Month-to-month,Electronic check,1
CUST_00009,36,13,80.25,1077.24,Month-to-month,Electronic check,0
CUST_00010,40,7,84.01,547.6,One year,Bank transfer,0
CUST_00011,28,43,47.18,2072.44,Month-to-month,Electronic check,0
CUST_00012,28,30,60.14,1814.33,One year,Bank transfer,0
CUST_00013,41,27,23.73,645.06,One year,Mailed check,0
CUST_00014,70,53,96.88,5156.46,Two year,Bank transfer,0
CUST_00015,53,28,103.71,2944.44,One year,Electronic check,1
CUST_00016,57,8,39.92,328.86,One year,Electronic check,0
CUST_00017,41,28,40.14,1110.74,Month-to-month,Bank transfer,0
CUST_00018,20,8,24.2,298.03,Month-to-month,Electronic check,1
CUST_00019,39,34,117.04,3977.35,Month-to-month,Credit card,1
CUST_00020,70,23,100.72,2383.41,One year,Credit card,0
CUST_00021,19,1,56.07,27.96,Month-to-month,Electronic check,1
CUST_00022,41,17,68.19,1116.93,One year,Credit card,1
CUST_00023,61,10,49.2,540.51,Month-to-month,Electronic check,1
CUST_00024,47,9,79.72,704.8,One year,Credit card,0
CUST_00025,55,22,91.73,1921.07,Month-to-month,Mailed check,1
CUST_00026,19,9,64.74,572.41,One year,Electronic check,1
CUST_00027,38,36,107.36,3890.31,Two year,Credit card,0
CUST_00028,50,1,71.7,36.88,One year,Credit card,0
CUST_00029,29,25,34.43,819.79,Month-to-month,Bank transfer,0
CUST_00030,39,39,82.23,3216.64,One year,Bank transfer,0
CUST_00031,61,26,66.22,1664.67,One year,Credit card,0
CUST_00032,42,16,113.57,1832.47,One year,Bank transfer,1
CUST_00033,66,72,59.19,4313.45,Two year,Electronic check,0
CUST_00034,44,8,60.29,547.35,Month-to-month,Mailed check,0
CUST_00035,59,0,85.08,0.0,Two year,Credit card,1
CUST_00036,45,13,72.7,1034.08,Month-to-month,Credit card,1
CUST_00037,33,0,57.44,29.37,One year,Credit card,1
CUST_00038,32,72,118.98,8532.97,Month-to-month,Electronic check,1
CUST_00039,64,5,50.22,230.02,Month-to-month,Bank transfer,1
CUST_00040,68,37,47.75,1731.83,Two year,Electronic check,0
CUST_00041,61,35,106.44,3622.75,Month-to-month,Bank transfer,1
CUST_00042,72,5,20.34,172.74,Two year,Bank transfer,0
CUST_00043,69,23,40.13,933.83,Month-to-month,Electronic check,0
CUST_00044,74,1,79.04,111.54,One year,Bank transfer,1
CUST_00045,20,15,36.25,548.72,One year,Electronic check,0
CUST_00046,54,0,118.58,0.0,Month-to-month,Mailed check,1
CUST_00047,68,60,66.42,4002.49,Month-to-month,Mailed check,1
CUST_00048,24,72,79.74,5789.08,Month-to-month,Credit card,0
CUST_00049,38,6,36.04,263.7,Two year,Mailed check,0
CUST_00050,26,5,48.94,299.32,One year,Electronic check,1
CUST_00051,56,33,81.46,2690.7,Month-to-month,Electronic check,1
CUST_00052,35,7,74.96,406.32,Month-to-month,Bank transfer,1
CUST_00053,21,54,98.44,5349.71,Month-to-month,Electronic check,1
CUST_00054,42,20,46.92,941.97,One year,Credit card,1
CUST_00055,31,10,85.35,953.23,Two year,Credit card,1
CUST_00056,67,42,49.1,2156.95,One year,Bank transfer,0
CUST_00057,26,16,78.68,1313.9,Month-to-month,Bank transfer,1
CUST_00058,43,58,80.5,4600.17,One year,Bank transfer,0
CUST_00059,70,63,32.18,1971.91,Two year,Mailed check,0
CUST_00060,19,4,74.86,325.56,One year,Electronic check,1
CUST_00061,37,0,21.19,0.0,Two year,Bank transfer,0
CUST_00062,45,72,70.12,5092.85,Month-to-month,Credit card,0
CUST_00063,64,56,89.75,5072.28,One year,Credit card,0
CUST_00064,24,1,27.28,105.33,One year,Credit card,0
CUST_00065,61,42,113.87,4837.2,One year,Credit card,0
CUST_00066,25,14,65.88,902.96,One year,Electronic check,0
CUST_00067,64,7,113.84,793.66,Month-to-month,Electronic check,1
CUST_00068,52,50,30.74,1494.64,Month-to-month,Mailed check,1
CUST_00069,31,5,114.99,588.31,Two year,Bank transfer,1
CUST_00070,34,70,30.92,2055.63,Month-to-month,Mailed check,1
CUST_00071,53,5,66.15,316.1,Two year,Credit card,1
CUST_00072,67,22,113.8,2538.55,One year,Bank transfer,0
CUST_00073,57,6,43.27,290.45,Month-to-month,Bank transfer,0
CUST_00074,21,18,23.48,466.02,Two year,Electronic check,0
CUST_00075,19,27,99.31,2628.4,One year,Electronic check,1
CUST_00076,23,5,79.59,333.76,Month-to-month,Mailed check,1
CUST_00077,71,17,71.39,1243.44,Month-to-month,Credit card,0
CUST_00078,59,15,23.43,303.72,Two year,Mailed check,0
CUST_00079,21,1,85.32,26.75,One year,Bank transfer,1
CUST_00080,71,40,37.16,1497.11,One year,Credit card,0
CUST_00081,46,9,113.12,1016.74,One year,Electronic check,1
CUST_00082,35,20,88.57,1890.83,Month-to-month,Electronic check,1
CUST_00083,43,17,90.7,1560.49,Two year,Bank transfer,1
CUST_00084,61,17,43.26,744.08,Month-to-month,Bank transfer,0
CUST_00085,51,2,108.08,188.25,Month-to-month,Credit card,1
CUST_00086,27,13,73.77,1000.36,Month-to-month,Electronic check,1
CUST_00087,53,14,105.71,1478.43,Month-to-month,Mailed check,0
CUST_00088,31,31,47.09,1433.85,One year,Mailed check,0
CUST_00089,48,43,95.55,4098.23,Month-to-month,Bank transfer,1
CUST_00090,65,18,77.46,1377.59,Month-to-month,Electronic check,1
CUST_00091,32,2,24.84,45.67,Month-to-month,Bank transfer,1
CUST_00092,25,6,60.53,475.88,One year,Bank transfer,1
CUST_00093,31,4,38.39,185.64,One year,Bank transfer,0
CUST_00094,40,3,55.92,158.56,One year,Mailed check,1
CUST_00095,74,10,58.34,580.56,One year,Bank transfer,0
CUST_00096,57,6,67.49,335.23,One year,Credit card,0
CUST_00097,38,5,80.03,309.87,Month-to-month,Electronic check,1
CUST_00098,33,1,77.1,114.36,Two year,Electronic check,1
CUST_00099,62,0,23.9,36.26,Month-to-month,Bank transfer,0
CUST_00100,35,2,95.07,210.41,Month-to-month,Bank transfer,1
CUST_00101,64,4,114.92,534.0,One year,Mailed check,0
CUST_00102,70,13,54.87,724.27,One year,Bank transfer,0
CUST_00103,41,17,37.97,686.3,Two year,Electronic check,0
CUST_00104,43,3,74.0,218.32,Month-to-month,Electronic check,1
CUST_00105,42,13,90.49,1051.43,One year,Electronic check,0
CUST_00106,62,10,87.89,937.21,One year,Credit card,0
CUST_00107,58,4,81.21,276.34,Month-to-month,Credit card,1
CUST_00108,46,0,34.62,12.93,Month-to-month,Electronic check,1
CUST_00109,32,15,103.68,1520.04,One year,Electronic check,0
CUST_00110,62,27,62.56,1702.43,Month-to-month,Electronic check,1
CUST_00111,18,6,42.15,336.39,Month-to-month,Electronic check,1
CUST_00112,42,3,28.63,115.79,Month-to-month,Credit card,0
CUST_00113,24,52,61.67,3247.57,Month-to-month,Mailed check,1
CUST_00114,26,7,81.8,563.83,Month-to-month,Electronic check,1
CUST_00115,41,6,86.54,504.98,Month-to-month,Mailed check,1
CUST_00116,18,46,116.27,5333.33,Month-to-month,Electronic check,1
CUST_00117,61,40,35.31,1450.61,Two year,Bank transfer,0
CUST_00118,25,14,118.58,1661.62,Month-to-month,Bank transfer,1
CUST_00119,41,16,85.47,1402.1,One year,Mailed check,1
CUST_00120,28,5,65.42,318.24,Two year,Electronic check,0
CUST_00121,68,1,108.82,159.58,Two year,Bank transfer,1
CUST_00122,34,20,89.45,1823.76,Month-to-month,Credit card,1
CUST_00123,25,2,54.87,115.37,Month-to-month,Electronic check,1
CUST_00124,52,14,108.41,1551.81,One year,Electronic check,1
CUST_00125,52,67,86.66,5857.9,Two year,Mailed check,0
CUST_00126,50,72,89.88,6564.03,Month-to-month,Mailed check,0
CUST_00127,22,6,109.64,622.76,Month-to-month,Electronic check,1
CUST_00128,59,23,64.84,1535.42,Two year,Electronic check,1
CUST_00129,56,15,85.69,1319.69,Month-to-month,Electronic check,1
CUST_00130,58,50,94.47,4769.82,One year,Mailed check,1
CUST_00131,45,7,65.39,434.45,One year,Electronic check,1
CUST_00132,24,0,28.35,5.15,Month-to-month,Bank transfer,0
CUST_00133,26,4,97.14,365.06,Month-to-month,Bank transfer,1
CUST_00134,25,10,24.78,265.35,One year,Mailed check,1
CUST_00135,29,9,91.79,782.93,One year,Bank transfer,1
CUST_00136,51,37,111.09,4178.48,Two year,Bank transfer,1
CUST_00137,50,27,54.7,1483.84,One year,Credit card,0
CUST_00138,65,8,30.21,327.94,Month-to-month,Credit card,0
CUST_00139,72,14,43.29,573.06,One year,Bank transfer,0
CUST_00140,40,2,76.23,162.53,One year,Credit card,0
CUST_00141,41,54,114.27,6175.73,One year,Bank transfer,0
CUST_00142,54,65,71.23,4663.23,Month-to-month,Mailed check,0
CUST_00143,52,72,31.27,2289.34,One year,Electronic check,1
CUST_00144,61,48,82.78,3906.92,One year,Mailed check,1
CUST_00145,57,4,93.28,432.52,One year,Electronic check,1
CUST_00146,39,1,59.33,103.92,Two year,Electronic check,1
CUST_00147,44,20,92.15,1768.18,Month-to-month,Electronic check,1
CUST_00148,52,58,52.48,3115.88,Month-to-month,Credit card,1
CUST_00149,18,4,98.91,332.51,One year,Electronic check,0
CUST_00150,52,0,54.11,13.87,Two year,Bank transfer,0
CUST_00151,54,39,45.61,1764.01,Month-to-month,Credit card,0
CUST_00152,64,1,107.92,98.9,Month-to-month,Bank transfer,1
CUST_00153,31,12,74.85,881.05,Two year,Bank transfer,0
CUST_00154,20,27,48.52,1336.22,Two year,Bank transfer,0
CUST_00155,18,6,113.51,636.75,Two year,Mailed check,1
CUST_00156,22,2,89.09,225.22,Month-to-month,Electronic check,1
CUST_00157,43,35,42.07,1499.22,Two year,Credit card,0
CUST_00158,72,23,81.46,1865.5,One year,Electronic check,0
CUST_00159,31,72,107.04,7750.78,One year,Credit card,0
CUST_00160,56,10,89.62,870.81,Month-to-month,Electronic check,1
CUST_00161,44,1,44.48,42.43,One year,Bank transfer,0
CUST_00162,26,31,84.88,2556.26,Month-to-month,Bank transfer,1
CUST_00163,32,17,81.92,1364.74,Month-to-month,Credit card,1
CUST_00164,32,5,102.08,466.63,One year,Mailed check,0
CUST_00165,43,36,37.81,1273.29,Month-to-month,Credit card,1
CUST_00166,59,5,89.96,442.0,Month-to-month,Mailed check,1
CUST_00167,30,7,22.74,153.49,Month-to-month,Bank transfer,0
CUST_00168,68,2,89.62,194.09,One year,Bank transfer,0
CUST_00169,49,12,116.04,1421.35,Month-to-month,Electronic check,1
CUST_00170,56,13,37.44,475.41,One year,Bank transfer,0
CUST_00171,66,17,51.13,894.1,One year,Electronic check,0
CUST_00172,69,29,78.29,2315.17,One year,Mailed check,0
CUST_00173,49,56,93.24,5276.34,One year,Credit card,0
CUST_00174,21,3,54.44,192.22,One year,Credit card,0
CUST_00175,47,1,86.43,110.86,Month-to-month,Bank transfer,1
CUST_00176,54,0,109.93,0.0,Month-to-month,Bank transfer,1
CUST_00177,40,3,92.66,318.43,One year,Bank transfer,1
CUST_00178,56,25,91.1,2227.9,Two year,Credit card,0
CUST_00179,62,31,58.2,1820.32,Month-to-month,Credit card,1
CUST_00180,32,37,111.14,4145.34,One year,Bank transfer,0
CUST_00181,60,6,47.73,307.94,Two year,Mailed check,0
CUST_00182,46,8,40.53,192.65,Two year,Electronic check,0
CUST_00183,53,15,56.42,886.55,Month-to-month,Electronic check,0
CUST_00184,30,1,85.02,160.47,One year,Credit card,1
CUST_00185,49,22,106.17,2256.52,Month-to-month,Credit card,1
CUST_00186,24,72,33.21,2399.99,One year,Bank transfer,0
CUST_00187,68,10,101.38,1004.4,Month-to-month,Credit card,1
CUST_00188,39,33,101.28,3344.53,One year,Mailed check,0
CUST_00189,45,16,78.69,1323.25,Two year,Bank transfer,1
CUST_00190,19,3,96.06,300.2,Two year,Bank transfer,0
CUST_00191,59,20,38.19,714.86,Two year,Bank transfer,0
CUST_00192,62,8,36.96,262.43,Month-to-month,Bank transfer,0
CUST_00193,74,0,106.28,0.0,Month-to-month,Mailed check,1
CUST_00194,70,24,69.81,1581.97,One year,Bank transfer,0
CUST_00195,23,47,44.59,2068.28,One year,Bank transfer,0
CUST_00196,45,10,88.87,922.5,Month-to-month,Credit card,1
CUST_00197,45,11,109.19,1217.74,Month-to-month,Bank transfer,1
CUST_00198,61,53,83.23,4419.76,Two year,Mailed check,0
CUST_00199,61,40,54.73,2174.76,Two year,Bank transfer,0
CUST_00200,37,30,68.32,2045.93,Month-to-month,Electronic check,1
CUST_00201,47,6,95.23,598.37,Month-to-month,Electronic check,1
CUST_00202,28,57,26.75,1567.18,One year,Bank transfer,0
CUST_00203,72,4,41.72,181.87,Two year,Electronic check,0
CUST_00204,45,23,66.26,1469.68,One year,Bank transfer,0
CUST_00205,42,0,80.42,0.0,Two year,Mailed check,1
CUST_00206,56,24,53.92,1315.93,One year,Electronic check,0
CUST_00207,50,7,49.84,315.66,Two year,Mailed check,0
CUST_00208,18,14,24.14,307.1,One year,Electronic check,0
CUST_00209,74,10,23.26,267.58,Two year,Electronic check,0
CUST_00210,44,4,47.87,231.04,Two year,Electronic check,0
CUST_00211,74,23,73.05,1632.15,Month-to-month,Electronic check,1
CUST_00212,69,51,75.64,3789.97,Month-to-month,Mailed check,0
CUST_00213,30,72,69.4,4936.36,Two year,Mailed check,0
CUST_00214,58,5,60.99,338.4,Month-to-month,Mailed check,1
CUST_00215,20,30,45.23,1314.71,Month-to-month,Electronic check,1
CUST_00216,56,26,60.07,1535.0,Two year,Electronic check,0
CUST_00217,23,10,33.88,277.14,Two year,Bank transfer,0
CUST_00218,25,0,31.53,0.72,Month-to-month,Mailed check,1
CUST_00219,44,28,49.99,1387.95,One year,Bank transfer,0
CUST_00220,26,69,119.53,8269.73,One year,Mailed check,1
CUST_00221,54,23,52.65,1228.08,Month-to-month,Credit card,0
CUST_00222,50,13,113.65,1380.15,Two year,Mailed check,1
CUST_00223,68,17,59.23,1024.54,One year,Bank transfer,0
CUST_00224,59,5,63.9,315.18,Two year,Electronic check,1
CUST_00225,61,33,99.71,3352.03,Month-to-month,Bank transfer,1
CUST_00226,41,32,29.36,898.35,Month-to-month,Bank transfer,0
CUST_00227,32,3,38.23,142.18,Two year,Electronic check,1
CUST_00228,71,50,117.38,5873.54,Month-to-month,Electronic check,1
CUST_00229,49,7,70.59,451.36,Month-to-month,Credit card,1
CUST_00230,49,72,24.43,1812.22,Two year,Credit card,0
CUST_00231,41,11,24.74,292.2,Two year,Bank transfer,0
CUST_00232,58,4,110.72,425.75,One year,Credit card,1
CUST_00233,69,10,107.34,1030.06,One year,Electronic check,1
CUST_00234,66,13,65.84,913.65,Month-to-month,Bank transfer,0
CUST_00235,66,1,36.32,79.28,Two year,Electronic check,0
CUST_00236,69,20,103.03,2061.16,Two year,Bank transfer,0
CUST_00237,29,21,52.46,1100.88,Month-to-month,Credit card,0
CUST_00238,56,32,61.91,1925.06,Month-to-month,Electronic check,1
CUST_00239,19,0,88.25,68.56,Two year,Bank transfer,1
CUST_00240,20,18,55.34,940.31,Month-to-month,Mailed check,1
CUST_00241,66,1,82.87,128.11,Two year,Mailed check,1
CUST_00242,54,28,108.53,3139.84,Two year,Credit card,1
CUST_00243,66,1,99.74,61.33,Two year,Credit card,1
CUST_00244,73,58,58.16,3348.42,One year,Electronic check,0
CUST_00245,34,29,48.79,1375.47,One year,Bank transfer,0
CUST_00246,66,16,48.55,838.87,Month-to-month,Mailed check,0
CUST_00247,19,13,54.86,719.66,One year,Electronic check,0
CUST_00248,19,3,69.35,134.08,Month-to-month,Credit card,1
CUST_00249,45,8,61.66,439.3,One year,Electronic check,1
CUST_00250,71,48,33.3,1631.57,Month-to-month,Electronic check,0
CUST_00251,40,56,36.35,1998.87,Month-to-month,Electronic check,1
CUST_00252,54,0,54.29,0.0,Month-to-month,Mailed check,0
CUST_00253,49,21,76.21,1628.53,Two year,Electronic check,0
CUST_00254,50,30,79.27,2396.56,Month-to-month,Bank transfer,1
CUST_00255,18,23,68.62,1540.33,Month-to-month,Mailed check,1
CUST_00256,36,2,93.88,170.25,Month-to-month,Mailed check,1
CUST_00257,19,5,93.72,452.07,Month-to-month,Electronic check,1
CUST_00258,70,6,62.76,366.86,Two year,Mailed check,0
CUST_00259,61,42,32.44,1430.73,One year,Mailed check,0
CUST_00260,43,14,73.02,1059.24,Month-to-month,Mailed check,0
CUST_00261,49,16,58.15,959.56,Month-to-month,Electronic check,1
CUST_00262,23,65,33.79,2191.79,Two year,Electronic check,0
CUST_00263,49,24,118.18,2798.22,One year,Electronic check,0
CUST_00264,72,54,56.98,3148.95,Month-to-month,Bank transfer,0
CUST_00265,21,14,82.58,1155.36,Month-to-month,Electronic check,1
CUST_00266,72,3,69.01,159.23,Month-to-month,Mailed check,1
CUST_00267,28,63,34.28,2310.47,Month-to-month,Bank transfer,0
CUST_00268,73,14,25.55,369.14,Two year,Credit card,0
CUST_00269,34,4,82.58,273.44,Month-to-month,Credit card,1
CUST_00270,55,8,44.7,401.64,Two year,Credit card,0
CUST_00271,41,1,44.37,92.62,One year,Credit card,0
CUST_00272,22,15,115.7,1715.43,Month-to-month,Bank transfer,1
CUST_00273,69,46,66.18,2999.6,Two year,Credit card,0
CUST_00274,51,65,22.94,1478.1,Month-to-month,Bank transfer,0
CUST_00275,23,64,53.98,3488.83,One year,Mailed check,0
CUST_00276,39,3,78.45,275.16,Two year,Mailed check,0
CUST_00277,28,11,52.86,551.0,Two year,Bank transfer,0
CUST_00278,65,0,22.69,70.56,Month-to-month,Credit card,0
CUST_00279,33,46,64.43,2887.63,Month-to-month,Electronic check,1
CUST_00280,50,10,30.59,275.92,One year,Electronic check,0
CUST_00281,26,23,81.92,1878.15,Month-to-month,Credit card,1
CUST_00282,23,30,81.96,2443.31,One year,Bank transfer,1
CUST_00283,33,13,23.78,283.39,Month-to-month,Credit card,0
CUST_00284,46,8,49.07,456.0,One year,Credit card,1
CUST_00285,20,72,61.37,4411.63,Month-to-month,Electronic check,1
CUST_00286,37,72,75.03,5420.96,Two year,Electronic check,1
CUST_00287,53,8,49.61,413.31,One year,Mailed check,1
CUST_00288,36,15,48.77,749.79,Month-to-month,Credit card,0
CUST_00289,43,72,118.3,8509.22,Two year,Electronic check,0
CUST_00290,20,0,24.19,0.0,Month-to-month,Electronic check,1
CUST_00291,36,12,118.9,1471.91,Month-to-month,Electronic check,1
CUST_00292,37,2,24.78,45.42,Month-to-month,Mailed check,1
CUST_00293,49,17,48.83,806.74,Two year,Mailed check,0
CUST_00294,24,0,69.37,0.0,Month-to-month,Credit card,1
CUST_00295,69,12,34.33,427.2,Month-to-month,Bank transfer,0
CUST_00296,58,5,33.48,142.38,Two year,Credit card,0
CUST_00297,50,18,45.63,810.42,Month-to-month,Mailed check,0
CUST_00298,57,72,117.35,8483.89,Two year,Bank transfer,1
CUST_00299,56,38,58.01,2214.57,Month-to-month,Bank transfer,1
CUST_00300,35,44,76.6,3326.53,Two year,Bank transfer,0
CUST_00301,57,24,90.43,2197.83,One year,Electronic check,1
CUST_00302,18,1,94.22,79.15,Two year,Bank transfer,0
CUST_00303,28,5,88.8,486.12,Two year,Bank transfer,0
CUST_00304,45,62,53.69,3309.6,Two year,Electronic check,0
CUST_00305,74,10,31.17,319.18,Month-to-month,Electronic check,1
CUST_00306,42,2,48.17,126.26,Two year,Electronic check,1
CUST_00307,67,29,41.03,1146.54,One year,Electronic check,0
CUST_00308,40,8,33.63,304.8,Month-to-month,Mailed check,0
CUST_00309,48,7,22.45,242.15,Two year,Mailed check,0
CUST_00310,47,72,113.57,8200.74,One year,Electronic check,0
CUST_00311,59,46,112.1,5166.76,Month-to-month,Bank transfer,1
CUST_00312,52,12,25.04,345.14,Month-to-month,Credit card,0
CUST_00313,24,72,37.31,2727.87,One year,Electronic check,0
CUST_00314,33,25,33.95,855.77,One year,Electronic check,0
CUST_00315,43,32,48.12,1492.78,One year,Bank transfer,0
CUST_00316,65,0,40.41,0.0,Month-to-month,Bank transfer,1
CUST_00317,74,3,114.59,325.58,One year,Bank transfer,0
CUST_00318,69,24,28.42,618.47,Two year,Bank transfer,1
CUST_00319,66,55,41.17,2333.72,Month-to-month,Bank transfer,0
CUST_00320,19,23,28.07,598.91,One year,Credit card,0
CUST_00321,18,3,118.04,351.61,Month-to-month,Credit card,1
CUST_00322,65,2,111.84,178.88,Month-to-month,Bank transfer,1
CUST_00323,29,44,91.66,4062.45,One year,Credit card,0
CUST_00324,22,3,62.6,237.3,Month-to-month,Bank transfer,1
CUST_00325,54,17,39.02,597.88,One year,Bank transfer,0
CUST_00326,49,0,42.15,33.06,One year,Bank transfer,0
CUST_00327,72,2,64.3,68.9,Month-to-month,Credit card,1
CUST_00328,26,26,96.82,2497.43,Month-to-month,Credit card,1
CUST_00329,58,28,46.47,1433.69,Two year,Electronic check,1
CUST_00330,52,10,51.08,524.85,Month-to-month,Bank transfer,1
CUST_00331,36,5,79.99,445.0,One year,Credit card,1
CUST_00332,65,40,43.77,1766.52,Two year,Mailed check,0
CUST_00333,33,5,78.42,384.27,Two year,Electronic check,1
CUST_00334,20,18,58.71,1026.06,One year,Electronic check,0
CUST_00335,37,72,23.44,1761.72,Month-to-month,Bank transfer,0
CUST_00336,41,3,60.27,276.87,Month-to-month,Bank transfer,1
CUST_00337,71,67,111.95,7503.35,Month-to-month,Electronic check,1
CUST_00338,73,4,49.31,257.84,One year,Bank transfer,0
CUST_00339,50,20,52.28,1089.3,Month-to-month,Credit card,1
CUST_00340,41,11,26.59,283.05,Two year,Electronic check,0
CUST_00341,69,72,81.5,5870.9,One year,Electronic check,0
CUST_00342,28,7,104.92,712.62,Month-to-month,Credit card,1
CUST_00343,66,12,55.29,765.61,Month-to-month,Credit card,1
CUST_00344,25,72,44.02,3209.9,One year,Electronic check,1
CUST_00345,53,18,115.66,2083.45,Month-to-month,Bank transfer,1
CUST_00346,55,16,94.51,1487.93,One year,Bank transfer,1
CUST_00347,57,7,76.72,562.9,Two year,Electronic check,0
CUST_00348,37,29,50.55,1400.9,Two year,Credit card,0
CUST_00349,52,0,42.08,0.0,One year,Bank transfer,1
CUST_00350,65,1,91.57,81.54,Two year,Bank transfer,0
CUST_00351,42,21,72.18,1494.71,One year,Mailed check,0
CUST_00352,52,10,72.06,710.1,One year,Credit card,0
CUST_00353,42,72,27.37,2004.6,One year,Electronic check,0
CUST_00354,46,56,71.22,4085.32,Month-to-month,Mailed check,1
CUST_00355,35,30,102.27,3103.81,Month-to-month,Mailed check,1
CUST_00356,63,40,114.68,4579.49,One year,Electronic check,0
CUST_00357,35,26,30.67,847.72,Two year,Credit card,0
CUST_00358,19,3,83.12,251.79,One year,Electronic check,1
CUST_00359,71,34,76.83,2518.95,One year,Bank transfer,1
CUST_00360,52,5,109.03,605.02,One year,Credit card,1
CUST_00361,33,9,95.12,796.8,One year,Bank transfer,1
CUST_00362,58,41,116.53,4784.37,Month-to-month,Mailed check,1
CUST_00363,53,18,116.0,2048.12,Two year,Credit card,1
CUST_00364,50,47,42.57,1943.82,One year,Bank transfer,0
CUST_00365,21,5,92.54,440.4,Month-to-month,Electronic check,1
CUST_00366,50,22,73.05,1480.32,One year,Mailed check,0
CUST_00367,31,2,41.46,48.22,Month-to-month,Bank transfer,1
CUST_00368,38,24,39.49,968.69,One year,Bank transfer,0
CUST_00369,65,34,28.11,974.07,One year,Bank transfer,0
CUST_00370,37,21,99.55,1996.94,One year,Electronic check,1
CUST_00371,73,7,52.45,415.65,Month-to-month,Bank transfer,1
CUST_00372,25,0,105.7,118.61,Month-to-month,Mailed check,1
CUST_00373,24,3,80.83,328.89,Month-to-month,Electronic check,1
CUST_00374,20,23,87.36,1982.92,One year,Credit card,0
CUST_00375,34,65,49.17,3163.08,Month-to-month,Mailed check,1
CUST_00376,50,5,65.73,283.81,Month-to-month,Mailed check,1
CUST_00377,65,31,61.23,1989.4,Two year,Credit card,0
CUST_00378,29,48,43.57,2065.44,Month-to-month,Electronic check,1
CUST_00379,68,17,103.25,1719.8,Two year,Bank transfer,1
CUST_00380,39,26,82.21,2179.34,Two year,Credit card,0
CUST_00381,72,40,23.74,1006.4,Two year,Electronic check,0
CUST_00382,39,7,101.99,762.63,Two year,Credit card,0
CUST_00383,63,8,30.6,192.07,One year,Credit card,0
CUST_00384,47,0,60.37,24.68,One year,Bank transfer,0
CUST_00385,55,72,77.13,5626.46,One year,Electronic check,0
CUST_00386,55,59,20.77,1225.54,Month-to-month,Credit card,0
CUST_00387,62,34,85.29,2914.61,Month-to-month,Bank transfer,1
CUST_00388,68,1,85.97,96.13,Month-to-month,Bank transfer,1
CUST_00389,71,14,85.25,1180.01,Month-to-month,Credit card,1
CUST_00390,25,2,36.35,95.37,One year,Mailed check,0
CUST_00391,44,0,45.57,44.46,Two year,Bank transfer,0
CUST_00392,44,22,44.74,1049.42,Two year,Credit card,0
CUST_00393,51,72,116.01,8349.96,Month-to-month,Mailed check,1
CUST_00394,38,55,26.75,1474.62,Month-to-month,Credit card,0
CUST_00395,47,28,62.88,1735.41,One year,Electronic check,0
CUST_00396,50,2,107.13,293.16,Month-to-month,Bank transfer,1
CUST_00397,45,7,96.95,657.05,Two year,Bank transfer,0
CUST_00398,64,9,102.24,915.25,One year,Electronic check,1
CUST_00399,50,34,117.23,3989.8,One year,Electronic check,0
CUST_00400,22,38,58.73,2242.18,Month-to-month,Bank transfer,1
CUST_00401,65,11,50.97,485.78,Month-to-month,Bank transfer,1
CUST_00402,36,12,23.07,304.14,Month-to-month,Bank transfer,0
CUST_00403,21,1,35.0,57.23,One year,Credit card,0
CUST_00404,52,8,76.2,617.5,Two year,Mailed check,1
CUST_00405,66,14,35.77,518.78,Month-to-month,Credit card,1
CUST_00406,34,2,93.63,184.53,Month-to-month,Electronic check,1
CUST_00407,61,14,23.72,260.19,One year,Mailed check,0
CUST_00408,45,46,45.95,2168.42,Month-to-month,Electronic check,0
CUST_00409,47,20,89.55,1718.39,Two year,Credit card,0
CUST_00410,46,1,45.55,2.02,Month-to-month,Bank transfer,0
CUST_00411,63,5,92.88,524.38,Two year,Mailed check,1
CUST_00412,70,15,119.59,1726.22,Two year,Bank transfer,0
CUST_00413,23,10,99.71,989.19,Two year,Bank transfer,0
CUST_00414,52,10,54.18,632.47,Month-to-month,Credit card,1
CUST_00415,58,18,110.06,1984.7,Month-to-month,Bank transfer,1
CUST_00416,54,21,25.12,458.64,Two year,Mailed check,0
CUST_00417,41,38,92.5,3552.62,Two year,Credit card,1
CUST_00418,46,10,22.33,245.78,One year,Credit card,1
CUST_00419,66,39,37.46,1467.02,Month-to-month,Electronic check,1
CUST_00420,63,9,118.76,966.89,Month-to-month,Bank transfer,1
CUST_00421,70,1,56.09,121.42,Two year,Mailed check,0
CUST_00422,48,19,102.05,2027.43,Month-to-month,Bank transfer,1
CUST_00423,52,21,57.61,1208.58,Month-to-month,Bank transfer,0
CUST_00424,50,65,104.0,6726.86,Month-to-month,Mailed check,1
CUST_00425,69,31,116.54,3639.41,One year,Credit card,0
CUST_00426,38,59,63.55,3776.72,Month-to-month,Mailed check,0
CUST_00427,49,57,75.93,4359.63,One year,Bank transfer,0
CUST_00428,40,22,82.86,1823.42,Month-to-month,Credit card,1
CUST_00429,50,18,113.48,2069.89,Month-to-month,Electronic check,1
CUST_00430,20,19,45.67,905.19,One year,Mailed check,0
CUST_00431,35,72,81.12,5968.86,Month-to-month,Electronic check,1
CUST_00432,42,35,52.47,1858.51,Month-to-month,Credit card,1
CUST_00433,59,2,41.69,92.27,One year,Credit card,0
CUST_00434,48,36,28.49,949.7,Month-to-month,Electronic check,0
CUST_00435,71,4,82.07,256.7,Month-to-month,Electronic check,1
CUST_00436,20,14,108.21,1521.21,Two year,Mailed check,1
CUST_00437,57,5,55.14,271.71,Two year,Bank transfer,0
CUST_00438,63,28,75.27,2059.74,Month-to-month,Bank transfer,1
CUST_00439,41,50,84.21,4160.99,Month-to-month,Mailed check,1
CUST_00440,67,8,61.47,521.98,Month-to-month,Mailed check,1
CUST_00441,49,2,110.33,191.76,Two year,Bank transfer,0
CUST_00442,64,8,56.28,411.82,One year,Electronic check,1
CUST_00443,39,26,32.5,792.52,Month-to-month,Electronic check,0
CUST_00444,40,9,34.4,268.81,Two year,Electronic check,1
CUST_00445,19,7,109.09,744.86,One year,Bank transfer,1
CUST_00446,44,4,118.8,474.06,Month-to-month,Electronic check,1
CUST_00447,59,16,48.89,793.91,Month-to-month,Mailed check,1
CUST_00448,19,7,34.36,219.53,Month-to-month,Bank transfer,0
CUST_00449,43,31,68.22,2025.61,Two year,Credit card,0
CUST_00450,34,1,90.95,34.97,One year,Bank transfer,1
CUST_00451,57,26,81.24,2086.59,Month-to-month,Electronic check,1
CUST_00452,50,6,115.11,742.27,One year,Credit card,1
CUST_00453,26,16,101.78,1623.42,One year,Electronic check,0
CUST_00454,60,8,106.9,876.51,Month-to-month,Mailed check,1
CUST_00455,71,30,74.17,2295.14,Month-to-month,Credit card,0
CUST_00456,65,69,52.73,3630.05,One year,Bank transfer,0
CUST_00457,56,59,90.17,5319.52,Month-to-month,Bank transfer,0
CUST_00458,46,21,63.91,1344.04,Month-to-month,Mailed check,1
CUST_00459,59,14,48.78,686.08,Month-to-month,Electronic check,0
CUST_00460,72,40,35.23,1357.1,Month-to-month,Mailed check,1
CUST_00461,43,27,72.79,1990.33,One year,Mailed check,0
CUST_00462,52,4,79.43,322.71,Month-to-month,Electronic check,1
CUST_00463,67,41,76.88,3110.7,One year,Electronic check,1
CUST_00464,42,13,31.65,402.75,Month-to-month,Mailed check,0
CUST_00465,41,5,77.0,292.1,One year,Bank transfer,1
CUST_00466,30,7,36.84,181.2,Month-to-month,Credit card,0
CUST_00467,24,7,86.37,648.82,One year,Bank transfer,1
CUST_00468,74,17,62.94,1059.16,One year,Credit card,0
CUST_00469,53,6,104.88,695.8,One year,Mailed check,0
CUST_00470,62,3,97.83,296.63,One year,Electronic check,1
CUST_00471,37,3,92.44,288.31,Month-to-month,Electronic check,1
CUST_00472,18,21,90.07,1890.38,Two year,Mailed check,1
CUST_00473,25,31,76.05,2307.06,Two year,Bank transfer,0
CUST_00474,63,9,26.11,255.54,One year,Credit card,0
CUST_00475,33,0,85.55,0.0,Two year,Credit card,1
CUST_00476,31,3,66.69,215.96,Month-to-month,Electronic check,1
CUST_00477,29,59,66.96,3908.91,Month-to-month,Credit card,0
CUST_00478,68,16,57.9,963.64,One year,Mailed check,0
CUST_00479,40,14,112.91,1602.47,Two year,Electronic check,1
CUST_00480,32,0,44.95,61.14,Month-to-month,Bank transfer,1
CUST_00481,45,31,51.66,1637.67,One year,Bank transfer,0
CUST_00482,51,18,116.3,2090.59,Two year,Credit card,1
CUST_00483,19,5,101.02,581.94,Two year,Mailed check,0
CUST_00484,49,2,21.41,61.99,Month-to-month,Electronic check,1
CUST_00485,40,11,110.61,1101.14,Month-to-month,Electronic check,1
CUST_00486,39,43,42.66,1803.95,Month-to-month,Electronic check,1
CUST_00487,68,48,90.59,4340.89,One year,Credit card,0
CUST_00488,42,22,75.31,1722.2,Two year,Credit card,0
CUST_00489,39,31,73.68,2262.38,One year,Credit card,0
CUST_00490,39,2,91.79,149.08,Two year,Mailed check,0
CUST_00491,66,21,40.72,752.6,One year,Electronic check,0
CUST_00492,69,26,35.9,998.0,One year,Credit card,0
CUST_00493,59,5,85.19,497.93,Month-to-month,Credit card,1
CUST_00494,23,50,49.06,2396.02,Month-to-month,Electronic check,1
CUST_00495,32,5,117.4,516.04,Month-to-month,Credit card,1
CUST_00496,71,9,65.15,638.36,Month-to-month,Electronic check,1
CUST_00497,60,23,31.16,781.42,Month-to-month,Credit card,0
CUST_00498,54,24,88.58,2089.81,Month-to-month,Electronic check,1
CUST_00499,50,28,50.62,1405.74,Month-to-month,Credit card,0
CUST_00500,25,2,34.86,97.57,One year,Electronic check,1
CUST_00501,70,45,62.28,2751.51,Month-to-month,Bank transfer,0
CUST_00502,61,18,116.42,2050.26,One year,Mailed check,1
CUST_00503,61,15,61.14,900.04,One year,Mailed check,0
CUST_00504,22,72,54.73,3890.75,One year,Mailed check,0
CUST_00505,56,32,64.45,2208.02,One year,Bank transfer,0
CUST_00506,21,3,21.21,125.89,One year,Electronic check,0
CUST_00507,23,33,33.31,1084.03,Two year,Bank transfer,0
CUST_00508,62,2,104.97,216.43,Month-to-month,Electronic check,1
CUST_00509,49,0,117.8,0.0,Month-to-month,Electronic check,1
CUST_00510,69,12,35.79,449.57,Month-to-month,Bank transfer,1
CUST_00511,47,72,73.55,5332.67,One year,Electronic check,0
CUST_00512,64,4,116.63,433.14,Month-to-month,Credit card,1
CUST_00513,52,26,35.66,904.7,One year,Credit card,0
CUST_00514,72,4,38.63,108.98,Month-to-month,Bank transfer,1
CUST_00515,57,30,112.68,3449.64,One year,Electronic check,1
CUST_00516,69,16,90.57,1515.82,One year,Electronic check,0
CUST_00517,33,27,35.2,969.97,Month-to-month,Credit card,0
CUST_00518,30,5,59.35,303.46,One year,Electronic check,0
CUST_00519,67,32,25.63,757.75,Two year,Credit card,0
CUST_00520,59,72,63.27,4519.57,One year,Electronic check,0
CUST_00521,47,26,97.79,2527.99,Month-to-month,Mailed check,1
CUST_00522,36,16,75.4,1172.88,Two year,Bank transfer,0
CUST_00523,34,61,84.74,5197.34,Month-to-month,Credit card,1
CUST_00524,73,0,52.68,0.0,Month-to-month,Electronic check,1
CUST_00525,36,31,36.14,1055.88,Month-to-month,Electronic check,1
CUST_00526,45,52,21.31,1076.62,Two year,Credit card,0
CUST_00527,72,1,102.13,23.48,Month-to-month,Electronic check,1
CUST_00528,43,14,83.67,1221.41,Month-to-month,Electronic check,0
CUST_00529,54,5,42.93,271.62,Two year,Electronic check,0
CUST_00530,43,20,61.84,1152.1,One year,Bank transfer,0
CUST_00531,70,25,100.14,2517.99,One year,Credit card,0
CUST_00532,40,8,73.87,570.78,Month-to-month,Credit card,1
CUST_00533,26,14,50.02,699.75,Month-to-month,Electronic check,1
CUST_00534,29,7,46.72,353.76,Two year,Electronic check,0
CUST_00535,70,11,41.76,356.33,One year,Mailed check,1
CUST_00536,18,4,102.37,462.94,Two year,Electronic check,0
CUST_00537,18,52,78.19,4091.95,Two year,Mailed check,0
CUST_00538,64,0,90.92,54.33,One year,Bank transfer,0
CUST_00539,51,51,106.01,5313.82,Month-to-month,Electronic check,1
CUST_00540,49,20,118.69,2372.12,Month-to-month,Bank transfer,1
CUST_00541,71,9,44.95,431.4,Month-to-month,Credit card,1
CUST_00542,65,30,38.09,1164.48,Month-to-month,Credit card,0
CUST_00543,42,17,66.2,1168.1,Two year,Mailed check,1
CUST_00544,57,16,23.51,398.95,One year,Mailed check,0
CUST_00545,62,2,99.17,100.91,Two year,Mailed check,0
CUST_00546,70,11,108.38,1249.79,Two year,Credit card,1
CUST_00547,18,6,88.6,507.56,Two year,Credit card,0
CUST_00548,33,0,46.8,10.07,Two year,Credit card,1
CUST_00549,56,10,32.32,400.89,One year,Bank transfer,0
CUST_00550,22,2,58.21,115.96,Two year,Electronic check,0
CUST_00551,39,7,103.33,705.81,One year,Credit card,1
CUST_00552,46,2,54.78,51.39,One year,Credit card,1
CUST_00553,72,2,23.43,0.0,One year,Credit card,0
CUST_00554,20,5,47.43,176.74,One year,Mailed check,1
CUST_00555,29,72,118.99,8565.46,Month-to-month,Mailed check,1
CUST_00556,43,0,87.67,109.51,Month-to-month,Electronic check,1
CUST_00557,33,24,110.09,2626.76,Month-to-month,Credit card,1
CUST_00558,68,3,97.49,291.01,Month-to-month,Credit card,0
CUST_00559,54,60,73.97,4472.82,One year,Electronic check,0
CUST_00560,39,2,34.87,34.64,Two year,Bank transfer,0
CUST_00561,74,72,54.86,4018.58,One year,Electronic check,0
CUST_00562,46,22,78.37,1699.7,Month-to-month,Mailed check,0
CUST_00563,31,0,107.06,61.31,Two year,Mailed check,1
CUST_00564,45,53,46.87,2514.14,Two year,Mailed check,0
CUST_00565,22,17,32.12,550.34,Two year,Mailed check,0
CUST_00566,64,7,75.88,500.73,One year,Mailed check,1
CUST_00567,66,34,37.65,1327.34,Month-to-month,Credit card,1
CUST_00568,47,62,81.04,5018.91,Month-to-month,Mailed check,1
CUST_00569,63,15,46.35,669.9,One year,Credit card,0
CUST_00570,69,9,43.1,467.43,Month-to-month,Bank transfer,0
CUST_00571,22,37,59.92,2111.43,Month-to-month,Credit card,0
CUST_00572,29,27,79.32,2217.3,Two year,Credit card,0
CUST_00573,33,52,74.53,3977.03,One year,Electronic check,1
CUST_00574,43,28,44.47,1200.62,Month-to-month,Mailed check,1
CUST_00575,43,6,109.11,621.84,Month-to-month,Electronic check,1
CUST_00576,65,64,30.99,1927.58,Month-to-month,Mailed check,0
CUST_00577,38,2,23.95,91.5,Month-to-month,Electronic check,1
CUST_00578,56,7,80.27,529.88,One year,Bank transfer,1
CUST_00579,53,17,32.34,543.61,Month-to-month,Credit card,0
CUST_00580,50,20,70.49,1441.61,Two year,Bank transfer,0
CUST_00581,47,0,115.18,0.0,Two year,Mailed check,0
CUST_00582,54,36,89.86,3158.13,One year,Electronic check,0
CUST_00583,40,10,81.75,834.21,One year,Electronic check,1
CUST_00584,27,12,77.48,910.51,Month-to-month,Bank transfer,1
CUST_00585,71,39,37.95,1430.45,One year,Electronic check,0
CUST_00586,22,11,63.26,695.88,One year,Credit card,1
CUST_00587,53,1,54.25,48.12,One year,Bank transfer,1
CUST_00588,51,4,115.31,415.72,Month-to-month,Mailed check,1
CUST_00589,69,72,44.23,3192.5,Month-to-month,Electronic check,1
CUST_00590,48,1,67.15,17.43,Month-to-month,Mailed check,0
CUST_00591,27,10,113.81,1174.05,One year,Credit card,1
CUST_00592,36,16,98.92,1572.87,One year,Credit card,0
CUST_00593,49,16,116.45,1955.19,One year,Electronic check,1
CUST_00594,18,0,80.83,0.0,One year,Credit card,1
CUST_00595,73,16,53.38,824.53,Month-to-month,Electronic check,1
CUST_00596,22,11,102.66,1175.93,Two year,Mailed check,1
CUST_00597,62,72,49.15,3486.25,One year,Bank transfer,0
CUST_00598,21,4,36.48,147.57,Month-to-month,Credit card,1
CUST_00599,33,10,90.63,807.42,One year,Electronic check,1
CUST_00600,41,13,83.9,1037.17,One year,Electronic check,0
CUST_00601,33,11,107.89,1140.09,Month-to-month,Bank transfer,1
CUST_00602,72,26,116.19,3012.4,One year,Credit card,0
CUST_00603,19,5,105.72,578.16,Two year,Bank transfer,1
CUST_00604,66,5,26.0,116.4,Month-to-month,Mailed check,1
CUST_00605,45,31,86.45,2663.76,One year,Credit card,0
CUST_00606,49,16,98.47,1535.34,Month-to-month,Credit card,0
CUST_00607,44,12,118.19,1361.12,Two year,Credit card,0
CUST_00608,37,4,57.47,280.8,Month-to-month,Credit card,0
CUST_00609,41,4,36.99,156.76,Month-to-month,Credit card,0
CUST_00610,29,0,105.29,0.0,One year,Electronic check,1
CUST_00611,67,2,51.75,183.64,Month-to-month,Electronic check,1
CUST_00612,52,19,79.82,1377.84,Month-to-month,Bank transfer,1
CUST_00613,50,53,58.99,3177.57,Month-to-month,Credit card,0
CUST_00614,50,8,60.23,403.2,Month-to-month,Credit card,0
CUST_00615,68,9,93.25,845.89,Month-to-month,Electronic check,1
CUST_00616,60,2,56.15,160.54,Two year,Electronic check,1
CUST_00617,54,11,89.31,893.12,Two year,Credit card,1
CUST_00618,29,0,21.43,61.8,One year,Bank transfer,0
CUST_00619,20,59,52.46,3088.26,One year,Mailed check,0
CUST_00620,18,26,51.9,1309.22,One year,Bank transfer,0
CUST_00621,50,72,94.88,6842.45,Month-to-month,Electronic check,1
CUST_00622,57,51,51.46,2650.59,Month-to-month,Credit card,0
CUST_00623,27,15,83.33,1368.58,One year,Credit card,0
CUST_00624,60,17,88.85,1500.85,Month-to-month,Credit card,0
CUST_00625,61,5,85.84,471.51,One year,Electronic check,1
CUST_00626,46,14,80.33,1130.63,One year,Credit card,0
CUST_00627,30,55,61.36,3392.57,One year,Bank transfer,0
CUST_00628,29,1,57.33,44.71,Two year,Mailed check,1
CUST_00629,48,47,76.46,3555.67,One year,Bank transfer,0
CUST_00630,63,10,26.37,282.91,Two year,Credit card,0
CUST_00631,19,55,107.58,5867.09,One year,Bank transfer,1
CUST_00632,68,67,102.53,6769.35,Month-to-month,Mailed check,1
CUST_00633,67,26,54.64,1426.0,One year,Credit card,0
CUST_00634,52,26,76.68,1952.43,One year,Mailed check,0
CUST_00635,40,14,113.22,1570.57,One year,Credit card,1
CUST_00636,34,43,47.16,1944.49,One year,Credit card,1
CUST_00637,43,72,94.25,6833.67,Month-to-month,Bank transfer,0
CUST_00638,25,35,28.27,854.78,Two year,Bank transfer,0
CUST_00639,46,23,72.34,1685.17,Two year,Electronic check,1
CUST_00640,43,22,108.4,2411.12,One year,Credit card,0
CUST_00641,27,45,75.17,3392.63,Month-to-month,Electronic check,1
CUST_00642,43,18,81.63,1520.78,Two year,Bank transfer,1
CUST_00643,51,39,110.76,4260.76,Month-to-month,Electronic check,1
CUST_00644,68,17,91.54,1654.27,Month-to-month,Electronic check,0
CUST_00645,58,1,89.59,44.69,One year,Bank transfer,0
CUST_00646,24,11,78.64,898.09,One year,Credit card,1
CUST_00647,21,14,83.3,1257.3,Month-to-month,Mailed check,1
CUST_00648,70,3,100.37,290.55,One year,Electronic check,1
CUST_00649,67,2,117.92,199.83,One year,Bank transfer,1
CUST_00650,62,18,99.53,1831.24,One year,Credit card,0
CUST_00651,28,2,90.75,152.84,Month-to-month,Electronic check,1
CUST_00652,46,8,33.55,225.23,Month-to-month,Bank transfer,1
CUST_00653,73,32,101.71,3289.32,Month-to-month,Electronic check,1
CUST_00654,53,72,93.6,6776.86,Month-to-month,Mailed check,0
CUST_00655,42,30,97.04,2909.68,Month-to-month,Bank transfer,1
CUST_00656,38,72,43.11,3107.21,Month-to-month,Credit card,0
CUST_00657,74,28,110.34,3097.87,Month-to-month,Mailed check,1
CUST_00658,53,8,29.73,228.25,Month-to-month,Bank transfer,1
CUST_00659,27,26,45.36,1165.5,Month-to-month,Bank transfer,0
CUST_00660,54,29,86.3,2434.92,Month-to-month,Bank transfer,1
CUST_00661,26,11,87.37,924.54,One year,Bank transfer,1
CUST_00662,41,0,51.33,0.0,One year,Mailed check,0
CUST_00663,52,29,90.15,2719.75,Month-to-month,Bank transfer,1
CUST_00664,66,0,58.79,0.0,Month-to-month,Credit card,1
CUST_00665,52,23,20.02,435.71,One year,Electronic check,0
CUST_00666,65,4,36.26,80.35,Month-to-month,Mailed check,1
CUST_00667,53,20,108.26,2061.29,Two year,Bank transfer,0
CUST_00668,35,16,42.27,745.59,One year,Credit card,0
CUST_00669,66,0,31.29,26.51,Month-to-month,Credit card,0
CUST_00670,56,10,88.22,949.96,One year,Bank transfer,1
CUST_00671,49,22,64.07,1315.46,One year,Bank transfer,1
CUST_00672,41,45,99.66,4516.3,Month-to-month,Bank transfer,1
CUST_00673,40,52,106.14,5626.19,Month-to-month,Electronic check,1
CUST_00674,49,15,104.6,1616.95,One year,Electronic check,1
CUST_00675,54,31,51.3,1618.57,Two year,Credit card,0
CUST_00676,29,9,70.55,596.5,Month-to-month,Credit card,1
CUST_00677,66,10,85.01,923.01,Month-to-month,Bank transfer,1
CUST_00678,72,5,52.2,228.78,Month-to-month,Mailed check,0
CUST_00679,30,19,24.11,483.31,One year,Bank transfer,0
CUST_00680,40,9,69.57,574.2,One year,Bank transfer,0
CUST_00681,42,2,21.28,37.75,Month-to-month,Bank transfer,1
CUST_00682,52,27,115.06,3155.45,One year,Bank transfer,0
CUST_00683,58,29,99.67,2935.61,Month-to-month,Electronic check,1
CUST_00684,47,10,39.2,392.87,One year,Electronic check,0
CUST_00685,34,1,48.76,156.38,Month-to-month,Credit card,0
CUST_00686,66,13,118.28,1527.15,One year,Credit card,0
CUST_00687,37,14,57.35,860.18,Two year,Credit card,0
CUST_00688,65,26,98.37,2529.49,One year,Bank transfer,0
CUST_00689,42,9,64.68,519.89,Month-to-month,Electronic check,1
CUST_00690,39,27,106.41,2863.1,One year,Mailed check,0
CUST_00691,30,49,90.38,4344.57,One year,Electronic check,0
CUST_00692,36,6,22.29,149.79,Two year,Bank transfer,0
CUST_00693,66,72,49.44,3565.03,Month-to-month,Mailed check,0
CUST_00694,53,11,75.8,864.64,One year,Bank transfer,1
CUST_00695,29,7,112.62,787.64,Month-to-month,Credit card,1
CUST_00696,58,13,30.2,377.69,Month-to-month,Mailed check,0
CUST_00697,36,2,80.12,164.05,Month-to-month,Mailed check,1
CUST_00698,29,3,50.22,207.16,Month-to-month,Electronic check,1
CUST_00699,26,12,108.93,1358.42,Month-to-month,Electronic check,1
CUST_00700,24,34,96.52,3345.59,Month-to-month,Bank transfer,0
CUST_00701,45,55,56.97,3020.46,Month-to-month,Bank transfer,0
CUST_00702,31,26,36.71,1007.95,One year,Bank transfer,0
CUST_00703,48,2,21.15,77.16,One year,Credit card,0
CUST_00704,69,26,82.11,2237.2,Two year,Mailed check,0
CUST_00705,36,24,60.61,1428.36,One year,Bank transfer,0
CUST_00706,64,39,51.48,1992.61,Two year,Bank transfer,0
CUST_00707,33,41,118.55,4873.81,One year,Electronic check,0
CUST_00708,70,48,66.61,3076.43,Month-to-month,Mailed check,0
CUST_00709,22,12,94.98,1002.87,One year,Bank transfer,0
CUST_00710,52,28,37.74,1072.38,One year,Electronic check,0
CUST_00711,29,7,21.35,91.5,One year,Credit card,0
CUST_00712,42,72,61.76,4379.8,Two year,Electronic check,0
CUST_00713,69,4,86.57,373.37,One year,Electronic check,0
CUST_00714,38,0,70.66,0.0,Month-to-month,Electronic check,1
CUST_00715,53,3,109.05,362.05,Two year,Bank transfer,0
CUST_00716,70,35,63.4,2175.68,One year,Mailed check,0
CUST_00717,40,14,51.1,670.0,Month-to-month,Mailed check,0
CUST_00718,33,14,111.6,1580.41,One year,Electronic check,0
CUST_00719,74,72,60.68,4307.1,One year,Electronic check,0
CUST_00720,56,60,46.96,2904.24,One year,Electronic check,0
CUST_00721,62,8,29.77,232.89,Two year,Electronic check,0
CUST_00722,70,5,99.33,495.76,Month-to-month,Bank transfer,1
CUST_00723,59,45,102.51,4644.58,One year,Bank transfer,1
CUST_00724,56,56,23.33,1360.03,Two year,Mailed check,0
CUST_00725,31,18,55.86,979.29,One year,Electronic check,1
CUST_00726,48,23,94.99,2219.38,Month-to-month,Credit card,1
CUST_00727,22,7,114.64,840.07,Month-to-month,Credit card,1
CUST_00728,52,38,57.78,2269.0,One year,Credit card,1
CUST_00729,40,24,107.21,2549.6,Month-to-month,Electronic check,1
CUST_00730,46,16,59.37,987.53,Two year,Electronic check,0
CUST_00731,60,1,37.95,66.49,Month-to-month,Bank transfer,1
CUST_00732,28,59,20.34,1221.41,One year,Electronic check,1
CUST_00733,35,22,53.02,1055.86,Month-to-month,Mailed check,0
CUST_00734,64,5,57.85,352.1,One year,Electronic check,1
CUST_00735,29,22,114.51,2571.19,One year,Electronic check,1
CUST_00736,26,27,40.61,1129.47,Month-to-month,Electronic check,1
CUST_00737,27,17,58.22,959.29,One year,Bank transfer,1
CUST_00738,61,30,22.52,757.99,Month-to-month,Bank transfer,1
CUST_00739,34,20,96.35,1924.1,One year,Electronic check,1
CUST_00740,55,70,111.51,7830.02,One year,Electronic check,0
CUST_00741,24,1,43.78,0.0,Month-to-month,Bank transfer,1
CUST_00742,63,2,62.9,110.12,Month-to-month,Mailed check,1
CUST_00743,30,4,32.21,132.22,One year,Bank transfer,0
CUST_00744,57,28,65.68,1795.0,Month-to-month,Credit card,1
CUST_00745,59,24,33.33,766.94,Month-to-month,Electronic check,0
CUST_00746,26,53,72.33,3860.29,One year,Mailed check,0
CUST_00747,67,31,93.46,2949.55,Month-to-month,Bank transfer,1
CUST_00748,44,17,75.33,1207.78,One year,Mailed check,0
CUST_00749,19,72,44.52,3320.25,One year,Electronic check,0
CUST_00750,22,7,55.38,344.41,Month-to-month,Mailed check,1
CUST_00751,46,42,83.86,3470.35,Month-to-month,Credit card,0
CUST_00752,54,13,78.98,1103.27,One year,Credit card,0
CUST_00753,55,25,33.68,876.47,Month-to-month,Bank transfer,1
CUST_00754,36,31,104.49,3287.78,Month-to-month,Mailed check,1
CUST_00755,25,24,67.52,1578.26,One year,Bank transfer,0
CUST_00756,65,3,36.24,131.31,One year,Electronic check,0
CUST_00757,62,14,32.28,579.73,Month-to-month,Electronic check,1
CUST_00758,18,19,116.56,2171.97,One year,Bank transfer,0
CUST_00759,39,45,48.15,2203.34,One year,Bank transfer,0
CUST_00760,69,14,110.86,1513.32,One year,Electronic check,1
CUST_00761,34,60,61.06,3611.37,One year,Credit card,0
CUST_00762,24,13,58.59,749.26,Two year,Electronic check,0
CUST_00763,42,19,90.09,1710.18,Month-to-month,Bank transfer,1
CUST_00764,62,38,20.99,789.17,Month-to-month,Credit card,0
CUST_00765,21,20,53.81,1072.6,Month-to-month,Electronic check,0
CUST_00766,53,72,50.26,3728.8,Month-to-month,Electronic check,0
CUST_00767,23,25,106.81,2755.64,Month-to-month,Electronic check,1
CUST_00768,48,17,72.91,1248.2,Month-to-month,Credit card,1
CUST_00769,36,0,56.46,4.78,One year,Bank transfer,0
CUST_00770,61,12,46.61,631.9,Month-to-month,Electronic check,0
CUST_00771,71,8,79.05,669.18,One year,Credit card,1
CUST_00772,56,33,35.17,1173.93,Month-to-month,Bank transfer,0
CUST_00773,44,5,44.62,335.43,Two year,Electronic check,0
CUST_00774,27,5,49.36,203.67,One year,Bank transfer,0
CUST_00775,43,5,80.79,403.29,One year,Mailed check,0
CUST_00776,36,3,57.33,165.13,Two year,Electronic check,1
CUST_00777,56,8,70.58,588.07,Two year,Mailed check,0
CUST_00778,20,52,85.04,4369.24,One year,Electronic check,1
CUST_00779,62,35,115.63,4070.64,Month-to-month,Bank transfer,1
CUST_00780,30,31,96.48,2977.25,One year,Electronic check,0
CUST_00781,67,38,60.53,2351.96,Month-to-month,Electronic check,1
CUST_00782,45,7,94.83,648.19,Month-to-month,Credit card,1
CUST_00783,37,52,114.97,5949.87,Month-to-month,Mailed check,1
CUST_00784,45,3,69.94,244.36,Month-to-month,Electronic check,1
CUST_00785,25,9,61.05,555.09,Month-to-month,Credit card,1
CUST_00786,58,21,27.8,570.85,Month-to-month,Credit card,1
CUST_00787,56,2,109.24,208.67,Month-to-month,Electronic check,1
CUST_00788,18,31,44.64,1359.71,Month-to-month,Bank transfer,0
CUST_00789,20,11,26.4,393.47,Month-to-month,Bank transfer,1
CUST_00790,30,36,73.72,2681.38,One year,Bank transfer,0
CUST_00791,45,16,104.59,1711.85,Month-to-month,Credit card,1
CUST_00792,74,4,60.66,268.72,Two year,Bank transfer,0
CUST_00793,66,31,98.31,3061.71,Month-to-month,Credit card,0
CUST_00794,42,6,103.64,600.89,Two year,Credit card,1
CUST_00795,73,16,65.44,1012.48,Month-to-month,Electronic check,1
CUST_00796,50,1,79.1,57.93,Two year,Credit card,1
CUST_00797,55,23,73.39,1720.99,Month-to-month,Mailed check,1
CUST_00798,70,26,113.92,2940.3,One year,Bank transfer,0
CUST_00799,23,11,92.55,1082.81,Month-to-month,Credit card,1
CUST_00800,61,72,112.53,8186.88,One year,Mailed check,0
CUST_00801,62,49,42.0,1971.51,Month-to-month,Electronic check,0
CUST_00802,49,29,51.02,1559.7,One year,Credit card,0
CUST_00803,62,30,27.09,757.23,One year,Electronic check,0
CUST_00804,64,6,69.99,406.85,Two year,Mailed check,0
CUST_00805,38,25,107.39,2692.24,One year,Bank transfer,0
CUST_00806,33,5,52.68,159.18,Month-to-month,Electronic check,1
CUST_00807,71,3,32.83,64.18,Month-to-month,Credit card,1
CUST_00808,38,72,26.84,1940.97,One year,Electronic check,0
CUST_00809,28,23,64.75,1428.21,Month-to-month,Credit card,1
CUST_00810,54,13,36.4,410.02,Two year,Credit card,0
CUST_00811,53,8,54.61,529.63,Month-to-month,Bank transfer,1
CUST_00812,52,22,102.0,2250.66,One year,Bank transfer,0
CUST_00813,36,1,58.4,108.96,One year,Bank transfer,0
CUST_00814,37,2,80.99,258.45,Month-to-month,Mailed check,1
CUST_00815,74,0,70.22,40.67,One year,Mailed check,1
CUST_00816,35,16,91.85,1444.58,Month-to-month,Credit card,1
CUST_00817,64,22,35.62,753.92,Month-to-month,Bank transfer,1
CUST_00818,58,1,112.04,138.84,Two year,Credit card,1
CUST_00819,66,30,84.36,2565.6,Month-to-month,Bank transfer,0
CUST_00820,31,6,47.1,295.87,One year,Mailed check,0
CUST_00821,32,27,32.33,911.42,One year,Electronic check,0
CUST_00822,48,72,34.97,2512.0,One year,Mailed check,0
CUST_00823,18,28,98.27,2752.27,Month-to-month,Credit card,1
CUST_00824,70,51,78.81,3998.26,One year,Bank transfer,0
CUST_00825,71,71,58.08,4080.4,Month-to-month,Credit card,0
CUST_00826,71,16,53.29,808.29,One year,Credit card,0
CUST_00827,20,29,105.58,3043.42,Two year,Electronic check,0
CUST_00828,33,45,107.48,4873.45,Month-to-month,Electronic check,1
CUST_00829,40,10,78.13,783.05,One year,Mailed check,0
CUST_00830,74,7,72.45,486.17,Month-to-month,Mailed check,1
CUST_00831,28,70,101.64,7101.85,Month-to-month,Electronic check,1
CUST_00832,29,31,94.93,2852.1,Month-to-month,Electronic check,1
CUST_00833,27,5,60.03,273.58,Month-to-month,Credit card,1
CUST_00834,49,14,28.27,433.78,Month-to-month,Bank transfer,1
CUST_00835,33,38,96.85,3622.53,Month-to-month,Mailed check,1
CUST_00836,25,19,36.87,622.35,One year,Bank transfer,1
CUST_00837,55,25,21.64,479.64,Month-to-month,Electronic check,1
CUST_00838,29,33,104.33,3418.24,Month-to-month,Bank transfer,0
CUST_00839,41,23,77.83,1786.94,Month-to-month,Electronic check,1
CUST_00840,45,18,109.17,1976.66,One year,Credit card,0
CUST_00841,70,33,68.46,2294.42,Month-to-month,Electronic check,1
CUST_00842,25,31,112.65,3479.93,Two year,Credit card,0
CUST_00843,45,23,55.4,1310.66,Month-to-month,Bank transfer,1
CUST_00844,53,10,92.45,864.79,Month-to-month,Bank transfer,1
CUST_00845,43,12,50.1,661.3,Month-to-month,Credit card,1
CUST_00846,25,72,20.12,1466.6,Month-to-month,Electronic check,0
CUST_00847,67,2,57.97,15.59,One year,Electronic check,0
CUST_00848,45,7,93.78,661.84,One year,Mailed check,1
CUST_00849,45,16,35.0,675.87,Month-to-month,Credit card,0
CUST_00850,54,43,70.48,3133.16,Month-to-month,Electronic check,1
CUST_00851,58,4,41.23,164.02,Month-to-month,Electronic check,1
CUST_00852,53,7,27.46,222.1,Two year,Mailed check,0
CUST_00853,44,1,81.75,26.19,Two year,Bank transfer,0
CUST_00854,71,29,115.2,3276.9,Month-to-month,Electronic check,0
CUST_00855,34,6,51.07,296.96,One year,Mailed check,1
CUST_00856,26,11,78.06,834.28,Two year,Mailed check,0
CUST_00857,50,14,115.36,1622.46,One year,Electronic check,1
CUST_00858,70,53,85.05,4539.1,Two year,Bank transfer,0
CUST_00859,37,12,87.31,1077.31,One year,Bank transfer,0
CUST_00860,30,3,37.89,164.67,Month-to-month,Credit card,1
CUST_00861,45,17,69.26,1202.77,One year,Bank transfer,0
CUST_00862,65,72,56.71,4139.53,One year,Electronic check,0
CUST_00863,46,22,67.1,1527.64,One year,Bank transfer,0
CUST_00864,30,72,100.08,7196.15,Month-to-month,Credit card,1
CUST_00865,63,44,66.07,2804.75,One year,Mailed check,0
CUST_00866,52,0,26.29,0.0,Month-to-month,Bank transfer,0
CUST_00867,23,25,110.55,2793.2,Month-to-month,Bank transfer,1
CUST_00868,35,8,74.48,604.21,One year,Electronic check,0
CUST_00869,68,19,112.45,2238.71,One year,Bank transfer,0
CUST_00870,22,7,77.24,461.89,One year,Bank transfer,0
CUST_00871,64,10,26.96,314.19,Two year,Mailed check,0
CUST_00872,42,61,75.29,4591.86,One year,Electronic check,0
CUST_00873,19,5,77.57,347.58,One year,Credit card,1
CUST_00874,27,49,41.43,2118.59,One year,Electronic check,1
CUST_00875,73,0,67.1,0.0,Month-to-month,Mailed check,1
CUST_00876,47,2,65.94,148.88,Two year,Credit card,1
CUST_00877,67,46,82.29,3847.81,Month-to-month,Electronic check,1
CUST_00878,62,23,45.96,1015.28,One year,Credit card,0
CUST_00879,22,33,78.17,2487.86,Month-to-month,Bank transfer,1
CUST_00880,72,5,44.1,251.32,Month-to-month,Bank transfer,1
CUST_00881,73,18,64.64,1220.48,Month-to-month,Mailed check,0
CUST_00882,50,32,32.27,1007.32,One year,Credit card,0
CUST_00883,71,23,23.73,466.93,Month-to-month,Credit card,1
CUST_00884,18,15,52.06,793.24,Month-to-month,Mailed check,1
CUST_00885,35,72,47.46,3402.41,One year,Bank transfer,0
CUST_00886,49,27,60.69,1545.54,Month-to-month,Mailed check,1
CUST_00887,64,57,116.2,6652.38,Month-to-month,Mailed check,1
CUST_00888,66,31,72.22,2203.1,Month-to-month,Electronic check,0
CUST_00889,28,31,75.32,2365.52,One year,Credit card,1
CUST_00890,38,2,114.16,343.33,One year,Credit card,1
CUST_00891,43,10,112.11,1119.51,Two year,Credit card,0
CUST_00892,42,46,108.41,4991.05,Month-to-month,Bank transfer,0
CUST_00893,39,6,29.8,184.78,Month-to-month,Credit card,1
CUST_00894,44,2,83.43,161.74,Month-to-month,Credit card,1
CUST_00895,66,9,100.81,849.02,Two year,Bank transfer,1
CUST_00896,30,5,103.56,533.27,One year,Credit card,0
CUST_00897,50,62,77.79,4794.72,One year,Electronic check,1
CUST_00898,51,48,21.75,1021.61,Two year,Electronic check,0
CUST_00899,58,16,117.37,1841.17,Month-to-month,Electronic check,1
CUST_00900,52,1,67.22,89.97,Month-to-month,Electronic check,1
CUST_00901,18,30,59.36,1741.68,One year,Mailed check,0
CUST_00902,38,23,59.49,1387.35,One year,Credit card,0
CUST_00903,65,72,62.42,4518.94,One year,Bank transfer,0
CUST_00904,72,19,44.22,843.32,One year,Bank transfer,0
CUST_00905,23,9,52.73,404.15,One year,Mailed check,0
CUST_00906,45,17,118.54,1984.96,Two year,Bank transfer,1
CUST_00907,34,72,56.82,4086.75,One year,Mailed check,0
CUST_00908,22,28,72.67,1968.89,Month-to-month,Bank transfer,0
CUST_00909,48,26,104.83,2741.24,One year,Bank transfer,1
CUST_00910,22,6,72.74,508.22,One year,Bank transfer,1
CUST_00911,55,32,52.45,1703.65,One year,Mailed check,0
CUST_00912,20,33,72.38,2326.77,Month-to-month,Credit card,1
CUST_00913,70,9,31.41,404.07,Month-to-month,Electronic check,1
CUST_00914,40,15,33.0,468.86,Month-to-month,Bank transfer,1
CUST_00915,54,8,89.41,727.89,Two year,Credit card,0
CUST_00916,70,7,111.75,748.25,Month-to-month,Credit card,1
CUST_00917,54,0,92.57,10.52,One year,Electronic check,0
CUST_00918,27,8,27.46,288.69,One year,Bank transfer,0
CUST_00919,27,19,60.29,1091.96,Two year,Mailed check,1
CUST_00920,36,0,20.26,0.0,One year,Electronic check,1
CUST_00921,34,7,71.12,506.13,Two year,Bank transfer,0
CUST_00922,38,51,39.32,1919.0,One year,Mailed check,0
CUST_00923,31,21,106.81,2284.18,Two year,Bank transfer,0
CUST_00924,26,22,30.43,633.25,Month-to-month,Electronic check,1
CUST_00925,63,12,20.14,244.14,Month-to-month,Credit card,0
CUST_00926,18,27,65.11,1702.81,Two year,Bank transfer,0
CUST_00927,68,5,35.54,120.66,Month-to-month,Bank transfer,1
CUST_00928,62,40,93.8,3751.36,Two year,Bank transfer,0
CUST_00929,30,2,111.99,301.86,Month-to-month,Credit card,1
CUST_00930,21,25,24.19,556.96,Month-to-month,Credit card,0
CUST_00931,18,10,59.56,641.32,Month-to-month,Bank transfer,1
CUST_00932,66,33,119.68,4014.95,One year,Bank transfer,0
CUST_00933,57,19,93.27,1820.98,Month-to-month,Bank transfer,1
CUST_00934,49,14,115.32,1605.92,Month-to-month,Mailed check,1
CUST_00935,51,4,36.41,157.47,Two year,Electronic check,0
CUST_00936,45,24,42.14,1087.82,Two year,Mailed check,0
CUST_00937,48,72,35.48,2602.04,Month-to-month,Bank transfer,0
CUST_00938,25,41,50.24,2060.89,One year,Electronic check,0
CUST_00939,56,1,92.44,33.81,One year,Bank transfer,0
CUST_00940,43,11,36.49,493.2,Month-to-month,Mailed check,1
CUST_00941,51,62,72.42,4495.92,One year,Bank transfer,0
CUST_00942,71,16,46.92,723.4,One year,Credit card,1
CUST_00943,71,26,102.92,2702.29,One year,Electronic check,0
CUST_00944,20,58,20.66,1092.97,One year,Credit card,0
CUST_00945,67,49,42.31,2107.89,One year,Bank transfer,0
CUST_00946,29,16,80.52,1318.76,Month-to-month,Electronic check,1
CUST_00947,18,13,29.67,403.25,One year,Bank transfer,0
CUST_00948,71,9,66.63,646.64,One year,Bank transfer,0
CUST_00949,61,30,63.62,1922.67,One year,Bank transfer,0
CUST_00950,22,8,105.25,871.94,One year,Bank transfer,1
CUST_00951,47,6,82.54,529.32,One year,Credit card,1
CUST_00952,47,10,83.97,891.86,Month-to-month,Credit card,1
CUST_00953,74,4,115.18,444.33,Month-to-month,Credit card,1
CUST_00954,34,28,118.24,3332.71,One year,Credit card,0
CUST_00955,65,22,85.34,1854.45,One year,Electronic check,1
CUST_00956,64,15,72.2,1098.63,Month-to-month,Mailed check,0
CUST_00957,40,11,80.79,887.76,Month-to-month,Credit card,0
CUST_00958,32,57,58.24,3274.62,One year,Credit card,0
CUST_00959,54,0,118.75,28.19,Month-to-month,Bank transfer,1
CUST_00960,38,35,90.5,3078.61,Month-to-month,Credit card,0
CUST_00961,31,55,49.1,2645.69,One year,Electronic check,1
CUST_00962,19,14,25.78,396.55,Month-to-month,Bank transfer,0
CUST_00963,28,19,24.47,431.64,Month-to-month,Bank transfer,1
CUST_00964,68,69,40.49,2820.34,Month-to-month,Bank transfer,0
CUST_00965,56,5,43.29,331.26,One year,Bank transfer,0
CUST_00966,55,17,61.5,941.12,Month-to-month,Credit card,1
CUST_00967,51,15,41.48,636.74,One year,Electronic check,0
CUST_00968,55,7,83.09,674.02,One year,Credit card,1
CUST_00969,67,40,41.13,1657.69,One year,Bank transfer,0
CUST_00970,51,55,38.79,2133.78,Month-to-month,Bank transfer,1
CUST_00971,35,36,67.12,2396.27,One year,Mailed check,0
CUST_00972,47,5,108.87,504.66,Month-to-month,Credit card,1
CUST_00973,32,2,66.83,30.26,Month-to-month,Bank transfer,1
CUST_00974,44,22,61.38,1326.56,Month-to-month,Electronic check,1
CUST_00975,68,1,77.81,80.77,Month-to-month,Bank transfer,1
CUST_00976,51,26,45.72,1196.3,Two year,Electronic check,0
CUST_00977,69,18,55.34,1042.59,One year,Mailed check,0
CUST_00978,74,26,41.38,1119.62,Month-to-month,Electronic check,0
CUST_00979,55,21,77.18,1631.8,Two year,Bank transfer,1
CUST_00980,50,13,89.74,1183.03,Month-to-month,Mailed check,0
CUST_00981,41,5,87.37,433.93,One year,Electronic check,1
CUST_00982,32,8,45.48,326.07,Two year,Credit card,0
CUST_00983,47,17,97.96,1712.18,Two year,Bank transfer,0
CUST_00984,72,25,45.6,1131.95,Month-to-month,Bank transfer,1
CUST_00985,59,36,35.03,1274.33,One year,Credit card,0
CUST_00986,68,34,54.98,1998.55,Month-to-month,Bank transfer,0
CUST_00987,34,72,79.77,5789.04,Month-to-month,Bank transfer,1
CUST_00988,22,8,34.2,263.36,One year,Mailed check,0
CUST_00989,46,1,84.81,8.64,One year,Bank transfer,0
CUST_00990,21,10,106.31,1118.61,Month-to-month,Bank transfer,1
CUST_00991,27,32,49.31,1431.77,Month-to-month,Electronic check,0
CUST_00992,73,13,65.02,824.18,Month-to-month,Bank transfer,1
CUST_00993,34,40,42.83,1619.17,Month-to-month,Bank transfer,0
CUST_00994,27,19,56.13,1042.09,Month-to-month,Mailed check,1
CUST_00995,34,63,22.2,1373.58,Two year,Bank transfer,0
CUST_00996,37,70,115.38,8084.03,Month-to-month,Mailed check,1
CUST_00997,41,1,61.59,51.22,Month-to-month,Bank transfer,1
CUST_00998,22,14,98.89,1431.8,One year,Bank transfer,1
CUST_00999,51,22,34.26,785.74,One year,Electronic check,0
CUST_01000,23,7,101.24,750.65,One year,Bank transfer,1
CUST_01001,70,12,106.01,1201.56,One year,Credit card,1
CUST_01002,19,27,91.55,2465.26,Month-to-month,Mailed check,1
CUST_01003,30,6,110.32,693.26,One year,Credit card,0
CUST_01004,60,22,36.72,812.19,One year,Mailed check,0
CUST_01005,60,28,67.65,1864.88,One year,Credit card,0
CUST_01006,65,2,82.01,126.26,Two year,Electronic check,0
CUST_01007,28,16,79.62,1366.45,Two year,Electronic check,0
CUST_01008,68,7,106.1,766.24,Two year,Electronic check,0
CUST_01009,64,30,41.57,1141.78,Month-to-month,Credit card,0
CUST_01010,74,5,37.56,125.27,One year,Bank transfer,1
CUST_01011,40,53,45.34,2298.21,Two year,Bank transfer,0
CUST_01012,72,13,109.16,1349.51,One year,Credit card,0
CUST_01013,33,5,114.1,511.67,Month-to-month,Electronic check,0
CUST_01014,48,13,76.96,1061.4,One year,Mailed check,0
CUST_01015,28,12,70.14,868.35,Month-to-month,Bank transfer,1
CUST_01016,71,13,80.54,1004.51,One year,Mailed check,0
CUST_01017,33,21,81.63,1674.6,Two year,Electronic check,1
CUST_01018,25,17,37.03,599.22,Month-to-month,Bank transfer,1
CUST_01019,21,3,88.64,221.19,Month-to-month,Mailed check,1
CUST_01020,57,1,65.24,51.08,Month-to-month,Electronic check,1
CUST_01021,21,31,71.74,2182.25,Two year,Electronic check,1
CUST_01022,73,19,23.03,425.46,One year,Electronic check,0
CUST_01023,42,10,96.46,898.88,One year,Bank transfer,1
CUST_01024,20,39,103.54,4034.71,One year,Electronic check,1
CUST_01025,49,11,81.94,912.38,Month-to-month,Mailed check,1
CUST_01026,20,38,94.87,3553.43,Month-to-month,Credit card,1
CUST_01027,44,8,72.27,542.62,One year,Credit card,0
CUST_01028,46,1,81.84,72.38,Two year,Credit card,0
CUST_01029,49,64,59.46,3848.73,Month-to-month,Bank transfer,0
CUST_01030,67,12,99.19,1247.2,Month-to-month,Bank transfer,0
CUST_01031,68,37,66.83,2467.61,Month-to-month,Bank transfer,1
CUST_01032,36,7,88.02,630.32,One year,Credit card,0
CUST_01033,38,24,82.14,1964.06,Month-to-month,Credit card,1
CUST_01034,22,49,90.23,4482.19,Two year,Bank transfer,0
CUST_01035,35,1,98.52,181.85,Month-to-month,Bank transfer,1
CUST_01036,45,42,71.27,3033.93,Month-to-month,Bank transfer,1
CUST_01037,59,20,101.31,2047.98,Month-to-month,Electronic check,1
CUST_01038,39,22,69.73,1556.18,Two year,Credit card,0
CUST_01039,38,17,115.66,1972.86,Month-to-month,Bank transfer,1
CUST_01040,23,49,95.27,4630.15,One year,Bank transfer,1
CUST_01041,18,1,37.11,10.51,Month-to-month,Electronic check,1
CUST_01042,22,7,102.96,733.32,One year,Electronic check,1
CUST_01043,58,50,75.16,3732.6,Month-to-month,Electronic check,1
CUST_01044,29,33,118.45,3841.17,One year,Electronic check,0
CUST_01045,43,0,91.88,0.0,Month-to-month,Bank transfer,1
CUST_01046,63,17,28.44,403.09,Two year,Electronic check,0
CUST_01047,51,18,59.5,1166.13,Two year,Credit card,0
CUST_01048,66,12,71.73,832.44,Month-to-month,Mailed check,0
CUST_01049,31,8,103.9,829.78,Two year,Mailed check,0
CUST_01050,43,27,92.93,2568.76,Month-to-month,Bank transfer,0
CUST_01051,62,5,56.94,407.88,One year,Electronic check,0
CUST_01052,44,38,85.34,3233.29,Month-to-month,Credit card,0
CUST_01053,26,38,77.69,2912.47,Month-to-month,Bank transfer,1
CUST_01054,43,12,32.61,423.58,Month-to-month,Electronic check,1
CUST_01055,74,8,43.49,345.86,One year,Electronic check,1
CUST_01056,64,8,54.11,425.91,Month-to-month,Mailed check,1
CUST_01057,74,15,39.55,602.83,One year,Bank transfer,0
CUST_01058,39,30,35.01,1072.3,Month-to-month,Mailed check,1
CUST_01059,64,10,25.82,359.3,One year,Bank transfer,1
CUST_01060,73,22,107.31,2293.86,One year,Bank transfer,0
CUST_01061,47,11,48.89,634.45,One year,Bank transfer,0
CUST_01062,60,8,49.03,381.36,One year,Mailed check,0
CUST_01063,65,0,40.62,44.83,Month-to-month,Bank transfer,0
CUST_01064,34,0,67.54,7.59,Month-to-month,Electronic check,1
CUST_01065,43,6,71.42,429.64,Month-to-month,Bank transfer,1
CUST_01066,53,12,40.83,499.71,Two year,Electronic check,0
CUST_01067,18,45,80.86,3599.06,One year,Electronic check,0
CUST_01068,25,38,92.3,3587.63,One year,Bank transfer,0
CUST_01069,66,7,57.38,429.8,Two year,Bank transfer,0
CUST_01070,52,6,78.55,490.51,Two year,Electronic check,1
CUST_01071,69,6,70.23,405.91,One year,Electronic check,1
CUST_01072,32,9,39.55,286.72,One year,Credit card,0
CUST_01073,64,16,93.0,1522.02,Two year,Mailed check,0
CUST_01074,73,13,100.15,1338.87,Two year,Electronic check,0
CUST_01075,39,5,84.88,454.13,One year,Electronic check,1
CUST_01076,31,3,52.39,161.74,One year,Bank transfer,0
CUST_01077,43,0,112.68,0.0,One year,Bank transfer,1
CUST_01078,45,4,65.54,323.98,Month-to-month,Electronic check,1
CUST_01079,40,29,46.59,1374.72,Two year,Bank transfer,0
CUST_01080,31,6,60.82,379.03,One year,Bank transfer,1
CUST_01081,41,15,89.21,1264.95,Month-to-month,Bank transfer,1
CUST_01082,19,21,104.59,2104.73,Month-to-month,Credit card,1
CUST_01083,62,52,55.66,3010.56,Two year,Electronic check,0
CUST_01084,43,52,43.26,2290.91,One year,Credit card,0
CUST_01085,31,32,82.65,2709.64,Month-to-month,Credit card,0
CUST_01086,73,0,112.12,0.0,Month-to-month,Mailed check,1
CUST_01087,68,20,38.33,816.25,One year,Credit card,0
CUST_01088,24,37,100.3,3696.9,Month-to-month,Bank transfer,1
CUST_01089,20,0,67.66,5.57,One year,Credit card,1
CUST_01090,64,19,99.95,1926.07,One year,Bank transfer,0
CUST_01091,40,46,70.55,3254.3,One year,Electronic check,1
CUST_01092,63,15,57.73,874.66,Two year,Bank transfer,0
CUST_01093,60,0,89.67,0.0,Month-to-month,Electronic check,1
CUST_01094,64,0,110.06,30.59,Month-to-month,Electronic check,1
CUST_01095,62,12,52.03,579.8,Month-to-month,Bank transfer,1
CUST_01096,35,4,66.07,223.01,Month-to-month,Credit card,1
CUST_01097,55,26,42.94,1121.63,Month-to-month,Bank transfer,1
CUST_01098,52,29,38.34,1048.79,One year,Credit card,0
CUST_01099,68,4,97.79,449.94,Month-to-month,Electronic check,1
CUST_01100,32,52,40.07,2142.7,Two year,Bank transfer,0
CUST_01101,42,13,99.33,1270.02,Month-to-month,Bank transfer,1
CUST_01102,72,3,62.92,176.22,One year,Electronic check,1
CUST_01103,54,34,119.5,4064.78,Two year,Electronic check,1
CUST_01104,45,37,39.73,1371.61,Month-to-month,Credit card,0
CUST_01105,27,24,29.3,629.62,Month-to-month,Mailed check,0
CUST_01106,56,46,27.54,1302.91,One year,Mailed check,0
CUST_01107,74,32,103.54,3332.77,One year,Credit card,0
CUST_01108,34,51,63.78,3234.71,One year,Credit card,0
CUST_01109,56,13,20.31,242.18,Month-to-month,Credit card,0
CUST_01110,39,33,107.48,3582.37,One year,Credit card,1
CUST_01111,43,72,107.69,7659.52,One year,Electronic check,0
CUST_01112,61,30,100.64,3113.26,Month-to-month,Electronic check,1
CUST_01113,42,2,44.83,135.76,Two year,Credit card,1
CUST_01114,34,17,57.28,953.79,One year,Bank transfer,0
CUST_01115,30,21,94.49,2003.38,One year,Bank transfer,0
CUST_01116,37,4,68.94,344.75,Two year,Electronic check,1
CUST_01117,42,72,35.38,2494.99,One year,Credit card,0
CUST_01118,21,4,44.28,241.32,Month-to-month,Electronic check,1
CUST_01119,27,4,117.26,468.32,One year,Electronic check,1
CUST_01120,20,59,35.1,2104.98,One year,Electronic check,0
CUST_01121,58,15,92.61,1432.99,One year,Bank transfer,0
CUST_01122,62,1,67.8,76.13,Two year,Bank transfer,1
CUST_01123,35,21,94.86,2046.72,Month-to-month,Bank transfer,1
CUST_01124,64,22,86.11,1873.22,Month-to-month,Electronic check,1
CUST_01125,53,1,63.92,62.75,One year,Credit card,0
CUST_01126,64,72,55.39,3949.53,One year,Credit card,0
CUST_01127,39,18,95.44,1683.38,Month-to-month,Electronic check,1
CUST_01128,51,19,52.31,1003.44,Two year,Credit card,0
CUST_01129,64,17,98.78,1721.74,Month-to-month,Credit card,1
CUST_01130,25,22,87.98,1871.21,Month-to-month,Mailed check,0
CUST_01131,57,7,77.77,564.02,Two year,Electronic check,0
CUST_01132,66,8,56.88,513.71,Month-to-month,Credit card,1
CUST_01133,61,17,40.51,754.64,Two year,Electronic check,0
CUST_01134,36,39,91.04,3544.81,Month-to-month,Electronic check,1
CUST_01135,59,1,29.13,0.0,Month-to-month,Bank transfer,0
CUST_01136,58,22,117.05,2608.56,One year,Bank transfer,1
CUST_01137,54,39,117.87,4619.13,Two year,Bank transfer,0
CUST_01138,23,4,33.02,132.02,One year,Bank transfer,0
CUST_01139,69,0,30.39,0.0,Month-to-month,Bank transfer,0
CUST_01140,43,9,61.27,568.26,One year,Mailed check,0
CUST_01141,51,21,116.37,2464.8,Month-to-month,Mailed check,1
CUST_01142,73,3,60.03,159.58,Two year,Mailed check,1
CUST_01143,62,13,56.38,722.04,Month-to-month,Credit card,1
CUST_01144,23,19,90.36,1647.33,Two year,Credit card,0
CUST_01145,54,21,37.87,810.68,Month-to-month,Bank transfer,0
CUST_01146,74,7,56.33,415.04,One year,Electronic check,0
CUST_01147,50,12,49.13,528.09,One year,Credit card,0
CUST_01148,70,36,80.15,2880.09,Month-to-month,Electronic check,1
CUST_01149,39,68,36.28,2440.85,Two year,Electronic check,0
CUST_01150,38,47,74.87,3575.94,Month-to-month,Credit card,1
CUST_01151,23,19,105.75,1945.88,Month-to-month,Bank transfer,1
CUST_01152,23,12,71.42,913.03,One year,Mailed check,1
CUST_01153,72,9,88.35,858.74,Two year,Credit card,1
CUST_01154,65,3,27.52,0.0,Month-to-month,Credit card,1
CUST_01155,21,2,64.9,161.91,One year,Mailed check,0
CUST_01156,47,27,29.49,821.56,One year,Credit card,0
CUST_01157,28,7,79.95,483.51,Month-to-month,Bank transfer,1
CUST_01158,47,7,48.11,320.67,Month-to-month,Electronic check,1
CUST_01159,48,72,48.73,3486.8,One year,Credit card,0
CUST_01160,41,4,27.68,63.4,Month-to-month,Electronic check,1
CUST_01161,72,3,51.02,121.21,One year,Mailed check,0
CUST_01162,26,2,70.67,183.86,One year,Mailed check,0
CUST_01163,72,20,78.47,1573.62,Two year,Bank transfer,0
CUST_01164,20,23,26.67,583.73,Month-to-month,Electronic check,1
CUST_01165,68,10,85.15,794.1,One year,Credit card,1
CUST_01166,48,18,68.89,1282.06,Month-to-month,Bank transfer,1
CUST_01167,57,37,73.69,2811.21,One year,Electronic check,1
CUST_01168,54,40,103.28,4120.26,Two year,Bank transfer,0
CUST_01169,53,72,54.22,3899.26,Month-to-month,Bank transfer,1
CUST_01170,41,41,37.41,1661.47,One year,Mailed check,0
CUST_01171,48,19,75.18,1470.36,One year,Electronic check,0
CUST_01172,23,4,114.5,513.14,One year,Bank transfer,1
CUST_01173,19,2,71.79,114.89,Month-to-month,Electronic check,1
CUST_01174,37,1,103.19,60.88,Month-to-month,Credit card,1
CUST_01175,45,26,95.7,2552.54,One year,Electronic check,1
CUST_01176,28,39,71.83,2824.23,Month-to-month,Mailed check,1
CUST_01177,21,17,84.76,1450.51,One year,Mailed check,0
CUST_01178,32,1,60.67,81.57,Month-to-month,Bank transfer,1
CUST_01179,23,18,73.06,1401.32,Two year,Electronic check,0
CUST_01180,71,65,70.73,4560.73,Month-to-month,Electronic check,1
CUST_01181,66,21,90.91,1917.03,Month-to-month,Electronic check,1
CUST_01182,47,39,61.0,2344.89,One year,Bank transfer,0
CUST_01183,73,38,29.98,1153.14,Month-to-month,Electronic check,1
CUST_01184,55,64,98.87,6367.74,One year,Electronic check,0
CUST_01185,68,35,88.49,3112.93,Month-to-month,Electronic check,0
CUST_01186,74,33,115.01,3881.99,Month-to-month,Credit card,1
CUST_01187,19,6,62.87,351.47,Month-to-month,Credit card,1
CUST_01188,32,1,27.82,55.16,Month-to-month,Bank transfer,0
CUST_01189,28,17,32.16,610.61,Two year,Mailed check,0
CUST_01190,25,3,97.33,273.08,Month-to-month,Electronic check,1
CUST_01191,43,72,26.78,1904.79,Two year,Bank transfer,0
CUST_01192,68,8,110.78,878.61,Month-to-month,Bank transfer,1
CUST_01193,62,46,48.17,2143.5,One year,Mailed check,0
CUST_01194,61,11,109.89,1265.59,One year,Mailed check,1
CUST_01195,22,9,97.35,884.2,Two year,Bank transfer,1
CUST_01196,23,65,107.12,6878.37,One year,Electronic check,0
CUST_01197,43,10,41.4,392.68,Two year,Electronic check,0
CUST_01198,71,11,79.57,940.85,One year,Electronic check,1
CUST_01199,21,2,29.36,42.31,Month-to-month,Electronic check,1
CUST_01200,36,26,40.23,1124.43,Two year,Electronic check,1
CUST_01201,37,8,50.99,394.27,Two year,Electronic check,0
CUST_01202,50,21,94.08,1903.27,Month-to-month,Electronic check,1
CUST_01203,37,21,22.47,365.91,Two year,Electronic check,0
CUST_01204,66,30,110.31,3414.25,One year,Electronic check,0
CUST_01205,29,32,27.08,825.51,Two year,Electronic check,0
CUST_01206,64,17,57.65,950.63,Two year,Mailed check,0
CUST_01207,18,9,28.11,247.33,Two year,Bank transfer,0
CUST_01208,43,43,96.9,4179.19,Two year,Credit card,1
CUST_01209,31,8,34.13,223.46,Month-to-month,Credit card,0
CUST_01210,55,16,108.48,1799.59,Month-to-month,Bank transfer,0
CUST_01211,54,12,73.02,891.62,Month-to-month,Bank transfer,1
CUST_01212,28,46,114.85,5344.45,Month-to-month,Electronic check,1
CUST_01213,53,13,49.04,538.33,Month-to-month,Credit card,1
CUST_01214,30,11,65.43,744.13,One year,Credit card,0
CUST_01215,60,28,89.42,2523.89,Month-to-month,Credit card,0
CUST_01216,20,22,103.19,2268.73,One year,Electronic check,1
CUST_01217,50,2,62.14,98.1,Two year,Mailed check,0
CUST_01218,23,17,109.24,1782.66,One year,Electronic check,1
CUST_01219,67,31,31.8,917.4,One year,Credit card,0
CUST_01220,73,72,90.87,6607.59,Month-to-month,Electronic check,1
CUST_01221,27,23,54.82,1279.63,Month-to-month,Bank transfer,1
CUST_01222,22,11,30.13,321.42,One year,Electronic check,0
CUST_01223,40,6,58.67,339.05,One year,Credit card,1
CUST_01224,27,49,108.02,5344.04,One year,Electronic check,0
CUST_01225,61,40,118.05,4770.96,One year,Credit card,1
CUST_01226,19,6,59.28,314.88,Month-to-month,Mailed check,1
CUST_01227,30,5,108.64,471.12,Month-to-month,Bank transfer,1
CUST_01228,57,30,70.97,2147.62,One year,Electronic check,1
CUST_01229,19,9,91.7,886.96,Month-to-month,Credit card,1
CUST_01230,37,8,24.54,230.83,One year,Credit card,0
CUST_01231,18,3,75.73,310.19,Two year,Mailed check,0
CUST_01232,54,7,27.02,180.58,Month-to-month,Bank transfer,0
CUST_01233,26,13,46.86,623.43,One year,Electronic check,0
CUST_01234,34,31,76.68,2374.26,One year,Electronic check,0
CUST_01235,26,9,100.72,944.6,One year,Bank transfer,0
CUST_01236,28,9,76.09,649.12,Month-to-month,Bank transfer,1
CUST_01237,32,8,113.62,918.68,Two year,Bank transfer,1
CUST_01238,41,15,101.03,1597.81,Month-to-month,Bank transfer,1
CUST_01239,55,4,35.62,106.03,One year,Bank transfer,1
CUST_01240,72,15,58.9,782.92,Month-to-month,Credit card,1
CUST_01241,52,29,86.85,2544.91,Month-to-month,Mailed check,1
CUST_01242,47,0,113.84,112.04,Month-to-month,Bank transfer,1
CUST_01243,48,0,118.77,0.0,Month-to-month,Credit card,1
CUST_01244,66,1,96.32,160.16,Month-to-month,Bank transfer,1
CUST_01245,22,18,77.38,1393.54,Month-to-month,Mailed check,0
CUST_01246,61,46,95.66,4351.24,Two year,Credit card,0
CUST_01247,67,0,47.32,34.43,Month-to-month,Credit card,1
CUST_01248,31,66,48.36,3120.62,Two year,Bank transfer,0
CUST_01249,70,2,85.43,246.92,Two year,Electronic check,0
CUST_01250,73,44,107.18,4721.47,One year,Bank transfer,0
CUST_01251,28,15,116.98,1669.38,One year,Electronic check,1
CUST_01252,26,25,54.13,1445.95,Month-to-month,Mailed check,1
CUST_01253,51,17,99.66,1737.09,Two year,Bank transfer,1
CUST_01254,29,15,105.15,1593.05,One year,Electronic check,0
CUST_01255,52,43,82.32,3584.17,Two year,Bank transfer,0
CUST_01256,52,33,54.76,1684.16,Month-to-month,Bank transfer,0
CUST_01257,18,15,81.91,1197.43,Two year,Credit card,0
CUST_01258,57,2,78.44,282.33,Month-to-month,Electronic check,1
CUST_01259,39,2,80.65,167.78,Two year,Mailed check,0
CUST_01260,46,38,81.93,3081.31,Month-to-month,Mailed check,1
CUST_01261,25,18,104.71,1893.23,One year,Electronic check,1
CUST_01262,28,15,37.01,500.23,One year,Mailed check,0
CUST_01263,58,27,56.73,1610.59,One year,Credit card,0
CUST_01264,54,46,78.6,3593.28,Month-to-month,Electronic check,1
CUST_01265,31,23,48.33,1032.66,One year,Mailed check,1
CUST_01266,47,34,117.82,4014.39,Month-to-month,Mailed check,0
CUST_01267,52,34,46.32,1624.75,One year,Electronic check,1
CUST_01268,38,10,66.96,704.36,One year,Electronic check,0
CUST_01269,54,7,107.74,684.26,Month-to-month,Credit card,1
CUST_01270,22,38,28.01,1016.93,One year,Credit card,0
CUST_01271,36,11,102.07,1016.38,Month-to-month,Bank transfer,1
CUST_01272,31,56,77.1,4353.28,Month-to-month,Bank transfer,1
CUST_01273,43,1,23.18,46.69,One year,Credit card,0
CUST_01274,21,1,110.29,138.59,Two year,Electronic check,1
CUST_01275,42,62,23.92,1461.29,One year,Credit card,0
CUST_01276,62,25,71.52,1692.88,Two year,Mailed check,0
CUST_01277,59,11,24.9,233.94,One year,Credit card,0
CUST_01278,42,33,27.12,950.42,One year,Electronic check,0
CUST_01279,35,26,108.72,2845.3,Month-to-month,Credit card,1
CUST_01280,57,18,96.58,1652.0,Two year,Bank transfer,1
CUST_01281,25,2,39.69,65.71,Month-to-month,Electronic check,1
CUST_01282,56,40,82.05,3310.3,One year,Bank transfer,0
CUST_01283,57,48,99.47,4769.53,Month-to-month,Mailed check,1
CUST_01284,31,4,108.96,364.9,Two year,Electronic check,1
CUST_01285,49,45,66.83,2983.04,One year,Mailed check,0
CUST_01286,68,50,109.75,5450.94,Two year,Mailed check,0
CUST_01287,55,19,70.79,1346.69,Month-to-month,Electronic check,0
CUST_01288,50,25,88.82,2234.56,Month-to-month,Mailed check,0
CUST_01289,40,11,117.9,1264.11,Month-to-month,Electronic check,1
CUST_01290,32,7,43.6,337.5,One year,Electronic check,0
CUST_01291,50,30,36.85,1187.22,Two year,Electronic check,0
CUST_01292,42,47,54.2,2703.16,Month-to-month,Electronic check,1
CUST_01293,34,25,36.44,864.42,Month-to-month,Credit card,0
CUST_01294,50,17,48.42,826.89,Month-to-month,Credit card,1
CUST_01295,64,4,94.3,286.52,One year,Credit card,1
CUST_01296,72,1,67.75,43.89,Month-to-month,Electronic check,0
CUST_01297,19,14,57.5,868.94,Two year,Bank transfer,0
CUST_01298,31,1,56.87,0.0,Month-to-month,Bank transfer,0
CUST_01299,70,20,39.45,768.14,One year,Electronic check,0
CUST_01300,57,11,64.74,710.37,One year,Credit card,0
CUST_01301,57,33,82.46,2643.05,Month-to-month,Credit card,1
CUST_01302,68,8,33.92,290.18,One year,Bank transfer,0
CUST_01303,56,21,117.28,2475.59,Month-to-month,Electronic check,1
CUST_01304,68,18,64.33,1127.34,One year,Bank transfer,1
CUST_01305,23,0,114.8,32.44,One year,Electronic check,1
CUST_01306,23,1,33.47,0.0,Month-to-month,Electronic check,1
CUST_01307,20,8,96.72,796.55,Two year,Bank transfer,0
CUST_01308,24,51,81.76,4169.96,One year,Mailed check,0
CUST_01309,68,3,102.01,317.76,One year,Electronic check,0
CUST_01310,25,29,80.07,2309.79,Month-to-month,Electronic check,1
CUST_01311,59,72,116.28,8304.76,Month-to-month,Bank transfer,0
CUST_01312,69,37,82.69,2989.63,Month-to-month,Credit card,0
CUST_01313,32,6,98.46,552.26,Two year,Bank transfer,1
CUST_01314,64,57,107.76,6115.05,Two year,Electronic check,0
CUST_01315,46,2,91.46,196.53,One year,Bank transfer,0
CUST_01316,50,15,72.42,1084.69,Month-to-month,Bank transfer,1
CUST_01317,69,52,47.28,2435.68,One year,Credit card,0
CUST_01318,47,24,105.45,2430.78,One year,Bank transfer,0
CUST_01319,56,12,68.06,781.94,Two year,Electronic check,1
CUST_01320,44,8,82.07,598.59,Month-to-month,Electronic check,1
CUST_01321,53,11,27.92,394.39,Month-to-month,Credit card,1
CUST_01322,46,17,69.74,1189.25,Month-to-month,Electronic check,0
CUST_01323,55,9,89.82,886.66,Month-to-month,Bank transfer,1
CUST_01324,74,72,78.41,5649.37,Two year,Electronic check,0
CUST_01325,50,64,64.86,4244.29,One year,Bank transfer,0
CUST_01326,54,49,42.34,2090.43,Two year,Electronic check,0
CUST_01327,44,13,50.97,680.29,Month-to-month,Electronic check,1
CUST_01328,72,28,90.06,2619.04,One year,Mailed check,0
CUST_01329,50,55,42.42,2297.54,One year,Bank transfer,0
CUST_01330,21,45,82.17,3664.4,Month-to-month,Mailed check,1
CUST_01331,39,12,78.97,953.88,One year,Bank transfer,1
CUST_01332,19,2,117.04,379.96,One year,Mailed check,1
CUST_01333,27,1,26.08,7.21,Two year,Bank transfer,0
CUST_01334,22,20,30.81,631.64,Month-to-month,Bank transfer,1
CUST_01335,27,24,70.61,1739.82,Two year,Bank transfer,0
CUST_01336,50,45,72.71,3351.9,Two year,Mailed check,0
CUST_01337,71,8,23.99,236.78,One year,Credit card,0
CUST_01338,55,4,102.59,484.81,One year,Mailed check,1
CUST_01339,30,11,69.47,802.35,Month-to-month,Mailed check,0
CUST_01340,48,10,54.66,552.2,One year,Bank transfer,1
CUST_01341,64,3,51.89,101.78,One year,Bank transfer,0
CUST_01342,53,26,106.14,2733.77,One year,Bank transfer,1
CUST_01343,62,17,39.67,656.22,Month-to-month,Credit card,1
CUST_01344,41,30,36.04,1095.7,Two year,Bank transfer,0
CUST_01345,69,10,41.32,439.6,One year,Credit card,0
CUST_01346,73,9,82.5,838.25,Two year,Bank transfer,1
CUST_01347,32,15,101.09,1412.61,One year,Electronic check,1
CUST_01348,46,50,53.1,2652.5,One year,Credit card,0
CUST_01349,25,0,37.35,95.49,One year,Credit card,0
CUST_01350,22,39,40.92,1526.94,One year,Electronic check,1
CUST_01351,46,11,81.92,865.89,Month-to-month,Electronic check,1
CUST_01352,64,46,44.6,2074.92,Month-to-month,Bank transfer,0
CUST_01353,21,38,107.73,4137.24,One year,Electronic check,1
CUST_01354,29,10,30.39,234.72,Two year,Mailed check,0
CUST_01355,62,28,23.24,728.08,One year,Credit card,0
CUST_01356,19,4,28.84,144.25,Month-to-month,Electronic check,1
CUST_01357,44,54,104.56,5576.51,Month-to-month,Electronic check,1
CUST_01358,48,12,85.12,1079.13,One year,Bank transfer,0
CUST_01359,68,14,115.77,1671.97,One year,Electronic check,1
CUST_01360,68,29,53.63,1555.17,Two year,Credit card,0
CUST_01361,53,41,41.27,1669.13,One year,Electronic check,0
CUST_01362,53,6,76.2,398.79,Month-to-month,Bank transfer,0
CUST_01363,43,25,73.78,1824.03,One year,Electronic check,1
CUST_01364,60,11,79.1,921.61,One year,Bank transfer,0
CUST_01365,44,11,54.75,516.37,One year,Bank transfer,0
CUST_01366,22,28,20.59,534.82,Month-to-month,Credit card,0
CUST_01367,37,11,23.5,273.01,Month-to-month,Mailed check,1
CUST_01368,28,10,86.38,899.3,One year,Credit card,1
CUST_01369,27,43,72.33,3143.7,Month-to-month,Bank transfer,1
CUST_01370,57,2,102.1,165.11,Month-to-month,Credit card,1
CUST_01371,55,27,50.04,1345.92,Month-to-month,Electronic check,1
CUST_01372,23,6,101.55,586.3,Two year,Bank transfer,1
CUST_01373,25,0,62.55,13.41,Month-to-month,Mailed check,1
CUST_01374,40,4,29.67,147.64,One year,Electronic check,0
CUST_01375,64,22,117.79,2582.72,One year,Bank transfer,0
CUST_01376,43,29,71.19,2070.29,One year,Credit card,0
CUST_01377,63,0,82.95,0.0,One year,Bank transfer,1
CUST_01378,60,0,87.08,0.0,Month-to-month,Electronic check,1
CUST_01379,29,55,56.24,3157.89,Month-to-month,Electronic check,0
CUST_01380,43,1,94.75,146.53,Month-to-month,Electronic check,1
CUST_01381,30,53,107.03,5582.57,One year,Credit card,1
CUST_01382,57,6,58.72,457.66,Two year,Mailed check,0
CUST_01383,35,32,85.7,2762.95,Two year,Mailed check,0
CUST_01384,42,8,95.71,793.01,One year,Mailed check,1
CUST_01385,50,46,39.01,1769.37,Two year,Electronic check,0
CUST_01386,64,28,53.26,1497.49,Two year,Electronic check,0
CUST_01387,57,12,30.88,397.87,One year,Bank transfer,1
CUST_01388,60,1,80.22,171.29,Month-to-month,Credit card,1
CUST_01389,29,31,100.09,3048.03,One year,Credit card,0
CUST_01390,61,23,81.08,1921.02,Two year,Credit card,0
CUST_01391,53,0,37.98,0.0,One year,Credit card,1
CUST_01392,65,0,74.64,71.01,Two year,Electronic check,1
CUST_01393,21,39,103.49,3963.49,Month-to-month,Electronic check,1
CUST_01394,22,7,50.27,348.08,Month-to-month,Electronic check,1
CUST_01395,73,24,103.27,2374.91,Month-to-month,Bank transfer,1
CUST_01396,54,14,98.46,1345.49,Month-to-month,Bank transfer,1
CUST_01397,25,47,22.17,1018.1,Two year,Bank transfer,0
CUST_01398,59,59,43.95,2614.83,Month-to-month,Mailed check,0
CUST_01399,66,72,74.29,5270.4,One year,Mailed check,0
CUST_01400,45,4,91.76,449.88,Month-to-month,Bank transfer,1
CUST_01401,48,47,108.05,5169.85,Month-to-month,Electronic check,1
CUST_01402,26,7,84.1,596.41,Month-to-month,Credit card,1
CUST_01403,71,21,58.03,1152.57,Two year,Credit card,0
CUST_01404,68,16,38.46,544.35,One year,Mailed check,0
CUST_01405,46,0,96.0,4.86,One year,Bank transfer,0
CUST_01406,31,64,40.68,2563.91,Two year,Bank transfer,0
CUST_01407,57,1,89.54,153.38,Two year,Electronic check,0
CUST_01408,58,27,38.12,1012.25,One year,Electronic check,0
CUST_01409,39,36,29.11,1070.56,Month-to-month,Electronic check,0
CUST_01410,28,38,45.11,1711.26,Month-to-month,Bank transfer,0
CUST_01411,40,3,48.49,118.51,Month-to-month,Electronic check,1
CUST_01412,18,14,84.72,1148.09,Month-to-month,Credit card,1
CUST_01413,63,42,36.09,1458.32,Month-to-month,Credit card,1
CUST_01414,54,8,113.03,885.39,Month-to-month,Electronic check,1
CUST_01415,38,15,75.44,1135.02,Two year,Electronic check,0
CUST_01416,43,7,69.09,495.09,Two year,Bank transfer,0
CUST_01417,63,14,63.47,890.16,Month-to-month,Credit card,0
CUST_01418,53,52,76.66,3976.49,Two year,Mailed check,0
CUST_01419,71,14,22.24,217.55,One year,Bank transfer,0
CUST_01420,40,19,119.01,2319.35,Month-to-month,Credit card,1
CUST_01421,74,12,75.75,832.3,One year,Mailed check,0
CUST_01422,18,14,23.52,354.54,Month-to-month,Electronic check,1
CUST_01423,71,0,79.0,61.78,Month-to-month,Credit card,1
CUST_01424,72,8,63.71,569.54,One year,Electronic check,1
CUST_01425,68,13,22.4,331.17,Month-to-month,Electronic check,1
CUST_01426,57,24,112.44,2702.29,Month-to-month,Mailed check,1
CUST_01427,32,14,21.06,249.68,One year,Electronic check,0
CUST_01428,38,9,77.79,630.21,Two year,Credit card,0
CUST_01429,64,11,116.18,1279.79,One year,Mailed check,1
CUST_01430,26,6,43.76,228.59,One year,Credit card,0
CUST_01431,70,62,45.42,2790.41,One year,Electronic check,0
CUST_01432,26,17,20.04,375.26,One year,Electronic check,0
CUST_01433,27,0,26.64,0.0,Month-to-month,Bank transfer,1
CUST_01434,69,0,24.49,0.0,Two year,Credit card,0
CUST_01435,74,72,102.27,7512.77,Two year,Electronic check,0
CUST_01436,70,6,103.67,605.19,Month-to-month,Bank transfer,1
CUST_01437,43,39,92.67,3653.14,One year,Electronic check,1
CUST_01438,58,1,55.27,89.97,One year,Credit card,0
CUST_01439,52,60,102.13,6106.95,Month-to-month,Credit card,1
CUST_01440,69,49,73.98,3590.5,Month-to-month,Bank transfer,0
CUST_01441,42,20,50.43,926.98,Month-to-month,Bank transfer,0
CUST_01442,43,0,63.73,12.24,Two year,Electronic check,0
CUST_01443,28,7,26.58,187.84,Month-to-month,Electronic check,1
CUST_01444,55,12,114.49,1313.27,Month-to-month,Electronic check,1
CUST_01445,19,14,81.91,1210.16,Month-to-month,Electronic check,1
CUST_01446,24,8,93.12,776.2,One year,Credit card,0
CUST_01447,35,0,87.66,1.0,Two year,Mailed check,1
CUST_01448,44,21,86.77,1803.72,One year,Electronic check,0
CUST_01449,51,17,21.73,358.71,Month-to-month,Credit card,0
CUST_01450,44,7,72.54,448.7,One year,Credit card,0
CUST_01451,34,0,102.17,0.0,One year,Bank transfer,0
CUST_01452,60,72,24.45,1796.56,One year,Bank transfer,0
CUST_01453,61,15,115.62,1726.22,One year,Electronic check,1
CUST_01454,68,33,62.42,2166.94,Month-to-month,Mailed check,1
CUST_01455,71,14,48.99,655.83,Month-to-month,Mailed check,1
CUST_01456,41,1,73.18,68.88,Month-to-month,Credit card,1
CUST_01457,42,8,100.12,825.0,Two year,Bank transfer,1
CUST_01458,24,9,67.48,638.42,One year,Credit card,0
CUST_01459,69,43,84.51,3621.32,One year,Electronic check,0
CUST_01460,23,25,69.99,1714.54,Two year,Mailed check,0
CUST_01461,70,7,83.13,567.14,Two year,Electronic check,1
CUST_01462,41,72,33.8,2455.2,Month-to-month,Credit card,0
CUST_01463,50,9,23.87,201.64,Month-to-month,Electronic check,1
CUST_01464,66,72,33.69,2547.32,Two year,Mailed check,0
CUST_01465,46,72,48.58,3483.44,Two year,Electronic check,0
CUST_01466,60,5,45.34,239.13,One year,Bank transfer,0
CUST_01467,39,9,81.52,735.76,Two year,Bank transfer,0
CUST_01468,43,15,65.59,973.29,Month-to-month,Bank transfer,0
CUST_01469,45,26,23.88,664.73,Month-to-month,Electronic check,1
CUST_01470,67,18,23.49,372.25,One year,Bank transfer,1
CUST_01471,38,72,29.06,2210.7,Two year,Bank transfer,0
CUST_01472,66,30,55.31,1625.4,One year,Credit card,1
CUST_01473,24,5,20.62,126.91,One year,Electronic check,0
CUST_01474,34,2,69.4,149.38,Month-to-month,Credit card,1
CUST_01475,37,27,56.07,1512.89,Month-to-month,Bank transfer,0
CUST_01476,58,4,75.54,368.22,Two year,Electronic check,1
CUST_01477,66,37,92.08,3504.26,Month-to-month,Bank transfer,1
CUST_01478,37,8,45.1,321.81,One year,Bank transfer,0
CUST_01479,71,9,35.71,283.39,One year,Electronic check,0
CUST_01480,39,0,47.81,27.11,One year,Bank transfer,0
CUST_01481,45,28,20.18,562.62,Two year,Bank transfer,0
CUST_01482,57,2,32.0,39.1,Month-to-month,Bank transfer,0
CUST_01483,66,35,95.08,3313.65,One year,Bank transfer,0
CUST_01484,24,16,42.28,651.54,Month-to-month,Bank transfer,1
CUST_01485,18,36,119.43,4243.48,Month-to-month,Mailed check,1
CUST_01486,49,21,36.78,785.99,One year,Electronic check,0
CUST_01487,30,2,98.88,200.38,Month-to-month,Bank transfer,0
CUST_01488,47,34,90.5,3054.34,Two year,Electronic check,0
CUST_01489,40,1,52.21,0.0,One year,Electronic check,1
CUST_01490,68,15,53.07,779.46,Month-to-month,Mailed check,1
CUST_01491,73,4,76.36,403.43,Month-to-month,Electronic check,1
CUST_01492,36,33,105.24,3456.25,Month-to-month,Bank transfer,1
CUST_01493,49,58,58.62,3384.87,One year,Bank transfer,0
CUST_01494,47,19,26.12,472.13,Two year,Credit card,0
CUST_01495,46,17,57.44,1007.45,One year,Electronic check,0
CUST_01496,66,34,40.73,1438.51,Month-to-month,Mailed check,1
CUST_01497,62,0,113.92,0.0,Month-to-month,Bank transfer,1
CUST_01498,46,59,89.73,5218.84,Month-to-month,Credit card,1
CUST_01499,47,5,25.08,108.36,One year,Credit card,0
CUST_01500,33,72,49.3,3523.35,Month-to-month,Bank transfer,0
CUST_01501,57,31,25.02,765.19,Month-to-month,Bank transfer,0
CUST_01502,36,35,103.0,3664.7,Month-to-month,Bank transfer,0
CUST_01503,35,25,110.63,2714.58,One year,Mailed check,0
CUST_01504,18,15,31.23,489.55,One year,Bank transfer,0
CUST_01505,31,20,64.03,1302.03,Two year,Mailed check,0
CUST_01506,68,1,113.19,138.39,One year,Electronic check,0
CUST_01507,64,23,34.52,828.74,One year,Bank transfer,0
CUST_01508,67,23,49.19,1036.93,Month-to-month,Credit card,0
CUST_01509,19,53,50.43,2703.03,Month-to-month,Electronic check,0
CUST_01510,71,16,23.01,367.65,One year,Bank transfer,0
CUST_01511,45,1,23.63,0.0,Month-to-month,Mailed check,1
CUST_01512,66,8,115.28,1004.91,Month-to-month,Mailed check,1
CUST_01513,67,25,77.11,1972.39,Month-to-month,Bank transfer,1
CUST_01514,47,6,50.66,263.43,Month-to-month,Credit card,0
CUST_01515,55,7,57.87,381.27,Month-to-month,Mailed check,0
CUST_01516,68,41,91.48,3804.67,Two year,Credit card,0
CUST_01517,21,21,56.65,1188.12,Month-to-month,Mailed check,1
CUST_01518,18,17,42.78,662.4,Month-to-month,Credit card,1
CUST_01519,25,9,30.18,359.48,Month-to-month,Credit card,1
CUST_01520,46,31,92.89,2867.31,One year,Credit card,0
CUST_01521,72,8,38.06,306.0,One year,Credit card,1
CUST_01522,56,32,26.96,885.68,Month-to-month,Electronic check,1
CUST_01523,20,1,62.7,20.89,One year,Mailed check,1
CUST_01524,49,47,23.96,1190.96,Month-to-month,Bank transfer,1
CUST_01525,27,16,116.5,1817.59,One year,Bank transfer,1
CUST_01526,27,13,82.73,1087.5,One year,Credit card,0
CUST_01527,36,22,35.27,749.61,One year,Electronic check,0
CUST_01528,63,23,37.25,910.01,One year,Bank transfer,0
CUST_01529,51,3,76.98,259.33,Month-to-month,Bank transfer,1
CUST_01530,50,33,55.66,1827.89,One year,Electronic check,0
CUST_01531,40,7,97.43,604.45,Month-to-month,Bank transfer,1
CUST_01532,72,56,74.58,4195.36,Two year,Electronic check,1
CUST_01533,45,40,63.33,2540.46,Month-to-month,Credit card,1
CUST_01534,49,10,116.3,1085.82,Month-to-month,Electronic check,1
CUST_01535,67,39,59.07,2313.95,Month-to-month,Electronic check,0
CUST_01536,24,10,60.06,633.53,Month-to-month,Electronic check,1
CUST_01537,46,2,86.58,176.39,One year,Electronic check,1
CUST_01538,25,72,100.95,7243.53,One year,Bank transfer,0
CUST_01539,18,25,82.62,2134.14,Month-to-month,Credit card,0
CUST_01540,74,14,89.86,1349.31,Month-to-month,Bank transfer,1
CUST_01541,72,12,57.29,631.82,One year,Electronic check,0
CUST_01542,20,9,67.95,663.06,Month-to-month,Mailed check,1
CUST_01543,41,72,39.7,2879.8,One year,Mailed check,0
CUST_01544,40,3,88.02,233.57,One year,Bank transfer,0
CUST_01545,25,9,42.15,368.76,Month-to-month,Mailed check,1
CUST_01546,71,15,20.13,293.61,Month-to-month,Bank transfer,0
CUST_01547,74,15,113.38,1753.22,One year,Mailed check,0
CUST_01548,64,15,50.6,736.81,Month-to-month,Bank transfer,1
CUST_01549,54,4,39.66,67.08,Month-to-month,Bank transfer,1
CUST_01550,20,3,46.81,129.76,One year,Electronic check,1
CUST_01551,68,7,53.04,418.11,Month-to-month,Credit card,0
CUST_01552,50,59,67.45,4038.89,Month-to-month,Electronic check,1
CUST_01553,45,2,26.94,33.28,One year,Bank transfer,0
CUST_01554,64,33,25.27,857.73,Two year,Credit card,0
CUST_01555,25,34,49.29,1736.13,One year,Electronic check,0
CUST_01556,51,39,49.58,1966.29,Month-to-month,Electronic check,0
CUST_01557,52,52,31.76,1754.78,Month-to-month,Bank transfer,0
CUST_01558,49,7,60.48,493.01,One year,Electronic check,1
CUST_01559,41,6,48.4,268.86,Month-to-month,Bank transfer,0
CUST_01560,31,15,22.61,334.17,Month-to-month,Credit card,0
CUST_01561,49,7,108.57,844.85,One year,Bank transfer,0
CUST_01562,73,31,108.6,3308.02,Month-to-month,Bank transfer,0
CUST_01563,63,24,40.92,978.68,Month-to-month,Bank transfer,0
CUST_01564,60,49,36.29,1873.35,Month-to-month,Credit card,0
CUST_01565,33,2,74.73,251.01,One year,Bank transfer,1
CUST_01566,21,59,83.08,4916.44,Month-to-month,Credit card,1
CUST_01567,69,8,115.75,842.67,Month-to-month,Bank transfer,1
CUST_01568,54,16,57.73,905.82,Month-to-month,Electronic check,1
CUST_01569,71,13,81.82,1099.81,Two year,Mailed check,0
CUST_01570,38,34,107.82,3626.26,One year,Credit card,0
CUST_01571,31,13,65.0,962.25,Month-to-month,Electronic check,1
CUST_01572,48,68,32.23,2179.87,One year,Bank transfer,0
CUST_01573,72,55,57.74,3242.2,Month-to-month,Bank transfer,1
CUST_01574,65,49,33.66,1643.31,Month-to-month,Credit card,0
CUST_01575,35,1,21.66,37.2,One year,Bank transfer,0
CUST_01576,24,46,95.16,4377.26,One year,Bank transfer,0
CUST_01577,27,36,43.84,1550.1,Month-to-month,Credit card,0
CUST_01578,24,2,20.2,20.36,Two year,Credit card,0
CUST_01579,50,2,107.24,249.52,One year,Mailed check,0
CUST_01580,40,2,64.38,118.18,Two year,Credit card,0
CUST_01581,38,0,43.89,0.0,One year,Electronic check,0
CUST_01582,36,19,46.28,910.01,Two year,Credit card,0
CUST_01583,65,72,44.05,3248.08,One year,Mailed check,0
CUST_01584,36,13,39.46,598.71,Month-to-month,Bank transfer,1
CUST_01585,53,18,104.12,1824.41,One year,Credit card,1
CUST_01586,46,72,37.03,2627.32,One year,Bank transfer,0
CUST_01587,35,7,76.19,598.19,Two year,Bank transfer,0
CUST_01588,19,46,27.73,1250.87,Month-to-month,Electronic check,0
CUST_01589,18,18,114.95,2057.23,One year,Credit card,0
CUST_01590,64,20,80.33,1539.2,Two year,Mailed check,0
CUST_01591,22,10,110.32,1139.08,Two year,Electronic check,0
CUST_01592,37,19,59.79,1134.51,Month-to-month,Bank transfer,0
CUST_01593,28,1,101.07,154.16,One year,Mailed check,0
CUST_01594,59,34,105.37,3622.79,One year,Bank transfer,0
CUST_01595,19,8,90.29,774.95,Month-to-month,Electronic check,0
CUST_01596,20,52,29.29,1576.31,Two year,Mailed check,0
CUST_01597,40,11,21.61,218.38,Month-to-month,Credit card,0
CUST_01598,72,3,36.86,109.91,One year,Credit card,0
CUST_01599,29,28,31.81,900.9,Two year,Credit card,0
CUST_01600,37,4,92.51,375.42,Month-to-month,Credit card,1
CUST_01601,22,33,75.7,2532.46,Two year,Electronic check,1
CUST_01602,54,72,72.6,5204.13,One year,Bank transfer,0
CUST_01603,55,36,45.29,1646.2,Two year,Bank transfer,0
CUST_01604,47,0,35.46,0.0,One year,Electronic check,1
CUST_01605,26,21,40.65,866.34,Month-to-month,Electronic check,1
CUST_01606,51,28,60.03,1699.19,One year,Mailed check,0
CUST_01607,70,41,94.01,3795.5,Month-to-month,Mailed check,0
CUST_01608,61,1,45.45,63.15,Month-to-month,Electronic check,1
CUST_01609,52,15,89.86,1416.16,Month-to-month,Mailed check,1
CUST_01610,69,18,69.15,1298.02,One year,Credit card,0
CUST_01611,39,4,108.54,375.19,One year,Electronic check,1
CUST_01612,61,9,43.29,326.41,One year,Bank transfer,0
CUST_01613,41,13,65.09,872.45,One year,Bank transfer,0
CUST_01614,34,42,29.67,1253.74,One year,Credit card,0
CUST_01615,27,63,53.52,3364.18,Two year,Bank transfer,0
CUST_01616,47,23,70.69,1501.36,Month-to-month,Electronic check,0
CUST_01617,73,12,93.27,1067.92,Two year,Electronic check,1
CUST_01618,63,7,39.81,343.21,Month-to-month,Bank transfer,1
CUST_01619,40,72,41.81,3031.37,One year,Electronic check,0
CUST_01620,49,72,83.16,6086.9,Month-to-month,Mailed check,1
CUST_01621,34,62,58.25,3654.88,One year,Mailed check,0
CUST_01622,67,36,68.21,2472.05,Month-to-month,Electronic check,0
CUST_01623,68,9,103.61,854.08,Month-to-month,Mailed check,1
CUST_01624,34,40,69.91,2813.17,Month-to-month,Mailed check,0
CUST_01625,31,12,85.25,1018.5,One year,Electronic check,1
CUST_01626,26,9,85.68,714.81,Month-to-month,Credit card,1
CUST_01627,57,32,100.36,3276.36,Month-to-month,Credit card,1
CUST_01628,19,1,83.81,86.91,Month-to-month,Electronic check,1
CUST_01629,62,1,26.48,47.28,Month-to-month,Electronic check,1
CUST_01630,42,14,54.22,717.71,Two year,Credit card,0
CUST_01631,56,14,118.93,1683.12,One year,Bank transfer,1
CUST_01632,26,54,39.65,2133.03,Two year,Credit card,0
CUST_01633,71,3,78.67,350.15,One year,Mailed check,0
CUST_01634,39,3,104.29,285.29,Two year,Bank transfer,1
CUST_01635,60,3,78.66,201.14,One year,Credit card,1
CUST_01636,63,0,57.23,12.79,One year,Bank transfer,0
CUST_01637,21,1,28.02,16.65,One year,Bank transfer,0
CUST_01638,43,25,56.17,1416.18,Month-to-month,Bank transfer,0
CUST_01639,46,13,38.21,578.84,One year,Credit card,0
CUST_01640,62,34,116.09,3898.25,Two year,Credit card,1
CUST_01641,51,72,91.5,6593.65,One year,Mailed check,0
CUST_01642,40,25,94.94,2342.24,One year,Electronic check,1
CUST_01643,54,1,63.6,30.28,Two year,Electronic check,0
CUST_01644,28,2,31.0,55.12,Two year,Credit card,0
CUST_01645,23,51,46.67,2380.69,One year,Electronic check,1
CUST_01646,35,17,45.97,870.5,Two year,Electronic check,1
CUST_01647,38,41,68.68,2789.71,Month-to-month,Credit card,0
CUST_01648,59,46,66.1,3028.22,Month-to-month,Bank transfer,1
CUST_01649,53,63,63.34,3897.38,Month-to-month,Credit card,1
CUST_01650,58,71,69.6,4964.36,One year,Bank transfer,0
CUST_01651,55,19,118.7,2261.39,Month-to-month,Mailed check,1
CUST_01652,51,10,49.84,528.15,Month-to-month,Electronic check,1
CUST_01653,34,72,81.53,5882.22,Month-to-month,Mailed check,1
CUST_01654,54,19,43.95,744.44,Month-to-month,Electronic check,1
CUST_01655,42,1,66.66,153.43,One year,Bank transfer,0
CUST_01656,55,24,40.0,975.11,Month-to-month,Mailed check,0
CUST_01657,29,21,75.82,1610.76,One year,Electronic check,0
CUST_01658,40,54,46.5,2599.01,Month-to-month,Bank transfer,1
CUST_01659,70,25,23.68,567.59,Month-to-month,Credit card,0
CUST_01660,59,10,101.53,946.06,Two year,Credit card,1
CUST_01661,39,72,32.83,2309.36,Two year,Bank transfer,0
CUST_01662,38,38,56.8,2156.76,One year,Electronic check,0
CUST_01663,44,23,67.72,1551.86,Month-to-month,Credit card,1
CUST_01664,74,8,63.25,587.3,Two year,Bank transfer,0
CUST_01665,48,11,92.57,1037.77,One year,Credit card,0
CUST_01666,23,26,79.68,1998.96,One year,Bank transfer,1
CUST_01667,44,1,49.54,15.48,Month-to-month,Mailed check,1
CUST_01668,57,7,25.17,146.44,Month-to-month,Credit card,1
CUST_01669,51,30,96.76,2889.51,One year,Bank transfer,1
CUST_01670,29,15,55.25,793.72,One year,Electronic check,0
CUST_01671,62,12,108.97,1246.76,One year,Bank transfer,0
CUST_01672,74,3,59.51,185.99,Month-to-month,Electronic check,0
CUST_01673,70,13,91.77,1170.09,Two year,Bank transfer,0
CUST_01674,24,35,113.96,3925.53,Month-to-month,Bank transfer,1
CUST_01675,27,7,85.12,676.05,One year,Electronic check,1
CUST_01676,62,0,61.35,0.0,Month-to-month,Credit card,1
CUST_01677,34,26,76.74,2094.75,One year,Bank transfer,0
CUST_01678,43,72,74.34,5408.81,Month-to-month,Electronic check,1
CUST_01679,38,22,78.48,1703.5,One year,Electronic check,1
CUST_01680,45,3,34.68,196.34,Month-to-month,Credit card,0
CUST_01681,63,9,89.85,863.93,One year,Mailed check,0
CUST_01682,19,48,34.5,1627.14,Month-to-month,Credit card,0
CUST_01683,71,6,21.46,113.02,Two year,Electronic check,1
CUST_01684,60,22,82.48,1829.5,Two year,Electronic check,1
CUST_01685,18,12,31.69,369.53,One year,Credit card,0
CUST_01686,68,5,97.04,536.76,Two year,Bank transfer,0
CUST_01687,70,40,106.6,4283.63,Month-to-month,Mailed check,0
CUST_01688,53,32,114.47,3715.5,Two year,Credit card,1
CUST_01689,68,26,86.45,2279.39,Month-to-month,Electronic check,1
CUST_01690,43,6,68.2,375.23,Month-to-month,Credit card,0
CUST_01691,46,2,55.23,29.72,Month-to-month,Bank transfer,1
CUST_01692,38,20,69.09,1345.32,Two year,Electronic check,0
CUST_01693,28,19,39.04,847.39,One year,Bank transfer,0
CUST_01694,57,5,54.84,323.19,One year,Credit card,1
CUST_01695,28,1,91.79,97.75,Two year,Bank transfer,0
CUST_01696,53,2,41.74,152.97,One year,Bank transfer,0
CUST_01697,66,72,46.41,3343.17,One year,Mailed check,0
CUST_01698,56,36,94.93,3423.16,Month-to-month,Credit card,0
CUST_01699,57,61,37.78,2323.79,Two year,Credit card,0
CUST_01700,52,5,44.59,202.4,Two year,Credit card,0
CUST_01701,71,72,21.75,1521.56,Two year,Bank transfer,0
CUST_01702,51,3,92.01,297.89,Month-to-month,Electronic check,1
CUST_01703,72,17,81.79,1391.49,Month-to-month,Credit card,1
CUST_01704,64,42,89.44,3744.61,Month-to-month,Electronic check,1
CUST_01705,41,10,41.43,441.09,Month-to-month,Credit card,1
CUST_01706,71,13,88.74,1134.76,Month-to-month,Electronic check,1
CUST_01707,39,3,79.64,278.34,One year,Bank transfer,1
CUST_01708,22,3,56.61,109.54,Two year,Bank transfer,0
CUST_01709,73,23,63.78,1403.16,Two year,Credit card,0
CUST_01710,50,27,76.79,2007.34,Month-to-month,Credit card,0
CUST_01711,53,36,69.33,2496.46,Month-to-month,Electronic check,0
CUST_01712,64,19,84.18,1532.2,Month-to-month,Electronic check,1
CUST_01713,37,24,38.1,1001.48,Month-to-month,Credit card,1
CUST_01714,36,0,74.07,85.2,Month-to-month,Electronic check,1
CUST_01715,52,4,65.03,279.93,Month-to-month,Bank transfer,1
CUST_01716,69,72,66.1,4805.56,Two year,Credit card,0
CUST_01717,60,1,66.94,24.36,Month-to-month,Credit card,1
CUST_01718,34,27,108.15,2977.99,One year,Mailed check,0
CUST_01719,62,4,101.86,392.19,One year,Bank transfer,1
CUST_01720,60,30,82.96,2486.29,One year,Bank transfer,0
CUST_01721,51,29,91.65,2648.13,One year,Mailed check,0
CUST_01722,26,6,24.28,110.06,Two year,Electronic check,1
CUST_01723,43,7,94.4,689.96,One year,Credit card,1
CUST_01724,19,25,68.62,1688.45,Two year,Electronic check,0
CUST_01725,70,11,51.77,556.31,Month-to-month,Bank transfer,1
CUST_01726,26,5,33.98,56.44,Month-to-month,Bank transfer,1
CUST_01727,26,31,27.52,871.87,Two year,Mailed check,0
CUST_01728,57,4,24.49,92.82,Month-to-month,Electronic check,0
CUST_01729,34,46,36.18,1617.32,One year,Credit card,0
CUST_01730,18,17,23.01,379.25,One year,Bank transfer,0
CUST_01731,42,2,93.26,163.23,Month-to-month,Bank transfer,1
CUST_01732,60,28,44.86,1178.78,One year,Electronic check,0
CUST_01733,57,17,56.87,1047.97,Two year,Electronic check,0
CUST_01734,59,8,102.27,888.96,Two year,Electronic check,1
CUST_01735,42,13,31.47,444.79,One year,Electronic check,0
CUST_01736,56,8,103.56,890.93,One year,Electronic check,1
CUST_01737,52,7,83.95,562.74,Two year,Bank transfer,0
CUST_01738,20,4,54.2,216.35,One year,Electronic check,1
CUST_01739,67,10,31.78,291.04,Month-to-month,Electronic check,1
CUST_01740,54,6,29.15,187.49,Month-to-month,Electronic check,1
CUST_01741,61,27,53.55,1493.57,Month-to-month,Bank transfer,1
CUST_01742,61,27,34.03,915.06,Month-to-month,Bank transfer,0
CUST_01743,68,16,46.77,683.89,Month-to-month,Mailed check,0
CUST_01744,47,36,25.3,931.53,Two year,Bank transfer,0
CUST_01745,55,44,79.5,3467.75,One year,Bank transfer,0
CUST_01746,51,20,34.53,737.27,Two year,Electronic check,0
CUST_01747,29,23,95.67,2294.15,One year,Credit card,0
CUST_01748,36,7,41.82,346.06,Month-to-month,Mailed check,0
CUST_01749,54,54,99.8,5378.42,Month-to-month,Mailed check,1
CUST_01750,61,0,38.99,5.73,Two year,Credit card,0
CUST_01751,66,10,92.14,916.62,Month-to-month,Electronic check,1
CUST_01752,34,30,53.31,1554.39,One year,Electronic check,0
CUST_01753,27,2,78.31,130.11,Month-to-month,Credit card,1
CUST_01754,74,4,23.87,87.87,Month-to-month,Bank transfer,1
CUST_01755,72,21,69.52,1448.78,Month-to-month,Mailed check,1
CUST_01756,66,19,34.87,601.31,One year,Credit card,0
CUST_01757,64,32,68.63,2198.42,Two year,Electronic check,0
CUST_01758,29,40,34.14,1362.67,One year,Electronic check,1
CUST_01759,33,3,63.71,78.46,One year,Electronic check,0
CUST_01760,41,0,31.06,0.0,Two year,Bank transfer,0
CUST_01761,36,28,42.0,1058.57,One year,Mailed check,0
CUST_01762,25,8,79.51,585.18,Two year,Credit card,0
CUST_01763,48,23,117.67,2647.25,Month-to-month,Electronic check,1
CUST_01764,38,3,64.92,183.17,Two year,Bank transfer,0
CUST_01765,34,15,88.72,1296.7,One year,Mailed check,0
CUST_01766,40,16,73.94,1166.18,Month-to-month,Electronic check,1
CUST_01767,54,21,69.84,1561.54,Month-to-month,Credit card,1
CUST_01768,71,17,26.47,401.64,Month-to-month,Mailed check,1
CUST_01769,33,16,34.43,605.86,Month-to-month,Bank transfer,1
CUST_01770,23,9,108.31,1004.73,Two year,Electronic check,1
CUST_01771,25,1,61.02,80.13,One year,Credit card,0
CUST_01772,42,2,81.43,224.46,Two year,Electronic check,1
CUST_01773,35,13,72.82,923.89,One year,Bank transfer,1
CUST_01774,42,10,57.89,571.45,One year,Credit card,0
CUST_01775,29,17,58.78,956.91,Month-to-month,Electronic check,1
CUST_01776,32,8,75.55,485.21,One year,Electronic check,0
CUST_01777,43,27,34.11,926.19,One year,Bank transfer,1
CUST_01778,58,47,58.73,2846.36,Two year,Electronic check,0
CUST_01779,62,8,64.7,448.42,One year,Credit card,0
CUST_01780,43,5,118.51,528.36,One year,Mailed check,0
CUST_01781,64,2,55.15,125.29,Month-to-month,Mailed check,1
CUST_01782,49,22,84.46,1846.83,One year,Electronic check,1
CUST_01783,27,14,33.74,547.44,Two year,Electronic check,0
CUST_01784,33,4,26.55,80.66,One year,Electronic check,0
CUST_01785,24,25,107.15,2755.36,Month-to-month,Electronic check,1
CUST_01786,34,3,93.07,301.45,Month-to-month,Electronic check,1
CUST_01787,40,19,51.75,1039.77,One year,Mailed check,0
CUST_01788,43,17,70.46,1157.66,One year,Mailed check,1
CUST_01789,38,31,33.57,1029.55,Month-to-month,Electronic check,1
CUST_01790,39,1,90.72,98.87,Two year,Electronic check,0
CUST_01791,24,52,27.03,1423.19,Month-to-month,Mailed check,0
CUST_01792,31,29,95.7,2738.86,Month-to-month,Bank transfer,1
CUST_01793,32,5,74.68,348.25,One year,Bank transfer,1
CUST_01794,70,4,47.89,268.59,One year,Credit card,0
CUST_01795,24,13,106.26,1426.5,Two year,Electronic check,1
CUST_01796,26,40,118.61,4682.91,Month-to-month,Electronic check,1
CUST_01797,68,44,45.43,2012.13,Month-to-month,Electronic check,0
CUST_01798,65,17,100.62,1770.98,Month-to-month,Electronic check,1
CUST_01799,25,47,95.02,4429.31,Month-to-month,Credit card,1
CUST_01800,67,0,94.72,26.44,Two year,Mailed check,1
CUST_01801,40,0,115.72,28.53,Month-to-month,Bank transfer,1
CUST_01802,46,58,68.66,3897.81,Two year,Electronic check,0
CUST_01803,35,35,87.42,3020.9,One year,Credit card,0
CUST_01804,48,14,102.39,1407.09,One year,Bank transfer,1
CUST_01805,47,33,67.95,2242.36,Two year,Mailed check,0
CUST_01806,69,72,68.14,4878.6,Month-to-month,Credit card,1
CUST_01807,56,35,51.87,1835.09,Month-to-month,Credit card,1
CUST_01808,52,44,98.08,4299.51,One year,Electronic check,1
CUST_01809,35,34,88.62,2935.11,Month-to-month,Electronic check,1
CUST_01810,59,4,65.11,124.79,Two year,Electronic check,0
CUST_01811,56,43,61.93,2636.08,Two year,Bank transfer,0
CUST_01812,34,5,27.26,144.02,Two year,Electronic check,0
CUST_01813,31,53,20.65,1094.22,Two year,Credit card,0
CUST_01814,48,14,72.89,966.26,One year,Bank transfer,0
CUST_01815,41,27,61.75,1708.9,One year,Credit card,1
CUST_01816,52,16,99.6,1573.68,Month-to-month,Bank transfer,0
CUST_01817,61,2,74.27,191.1,One year,Credit card,1
CUST_01818,62,8,113.67,953.87,Month-to-month,Mailed check,0
CUST_01819,51,72,39.61,2892.93,Two year,Credit card,0
CUST_01820,20,72,119.02,8601.42,Two year,Bank transfer,1
CUST_01821,54,9,49.79,388.65,Month-to-month,Bank transfer,1
CUST_01822,60,72,84.24,6055.15,Month-to-month,Mailed check,0
CUST_01823,57,44,70.19,3162.92,One year,Credit card,0
CUST_01824,43,22,55.96,1218.75,One year,Mailed check,0
CUST_01825,72,0,33.93,0.0,One year,Credit card,1
CUST_01826,40,55,33.48,1877.19,One year,Mailed check,0
CUST_01827,61,19,91.15,1758.72,Two year,Credit card,0
CUST_01828,56,48,57.76,2766.97,Month-to-month,Credit card,0
CUST_01829,32,43,116.13,4979.28,One year,Bank transfer,0
CUST_01830,73,42,52.56,2219.09,One year,Bank transfer,0
CUST_01831,66,28,118.35,3351.41,Month-to-month,Mailed check,0
CUST_01832,21,8,40.54,328.28,Month-to-month,Electronic check,1
CUST_01833,46,9,30.28,301.56,Two year,Bank transfer,0
CUST_01834,39,8,51.26,493.4,Two year,Electronic check,1
CUST_01835,42,0,108.56,0.0,One year,Mailed check,0
CUST_01836,30,20,72.19,1578.26,Two year,Mailed check,0
CUST_01837,35,28,33.57,1030.74,Month-to-month,Electronic check,0
CUST_01838,50,46,40.25,1827.84,Two year,Bank transfer,0
CUST_01839,33,3,51.13,255.41,Month-to-month,Electronic check,1
CUST_01840,62,18,79.02,1395.65,One year,Credit card,1
CUST_01841,59,0,53.24,121.89,Month-to-month,Electronic check,1
CUST_01842,61,2,94.71,176.58,Two year,Electronic check,1
CUST_01843,19,1,81.63,107.36,Month-to-month,Mailed check,1
CUST_01844,72,31,107.38,3353.54,Month-to-month,Electronic check,0
CUST_01845,52,2,70.1,121.08,Month-to-month,Mailed check,1
CUST_01846,59,30,53.12,1616.07,Month-to-month,Electronic check,1
CUST_01847,51,6,119.63,775.81,Month-to-month,Mailed check,1
CUST_01848,47,50,55.56,2782.28,One year,Mailed check,0
CUST_01849,72,40,62.86,2527.49,Month-to-month,Mailed check,0
CUST_01850,30,72,100.91,7306.08,Month-to-month,Bank transfer,1
CUST_01851,30,51,28.86,1416.33,Month-to-month,Credit card,0
CUST_01852,35,64,58.65,3757.81,Month-to-month,Mailed check,0
CUST_01853,49,46,28.57,1377.14,One year,Electronic check,0
CUST_01854,49,28,33.93,936.14,One year,Bank transfer,0
CUST_01855,52,4,20.46,111.81,One year,Credit card,0
CUST_01856,56,7,20.95,63.8,Month-to-month,Bank transfer,1
CUST_01857,63,5,58.03,295.35,One year,Electronic check,1
CUST_01858,69,22,100.92,2213.22,One year,Bank transfer,1
CUST_01859,46,16,78.7,1261.72,Month-to-month,Credit card,0
CUST_01860,66,48,83.49,3999.17,Month-to-month,Mailed check,1
CUST_01861,46,72,71.92,5240.08,Month-to-month,Mailed check,1
CUST_01862,70,12,101.98,1178.38,Month-to-month,Electronic check,1
CUST_01863,61,16,108.04,1711.13,Month-to-month,Bank transfer,1
CUST_01864,74,72,104.97,7518.71,Month-to-month,Electronic check,1
CUST_01865,33,7,101.21,642.41,Month-to-month,Electronic check,1
CUST_01866,73,37,38.27,1412.56,One year,Bank transfer,0
CUST_01867,61,6,79.39,429.27,Two year,Electronic check,1
CUST_01868,64,27,78.22,2124.22,One year,Credit card,1
CUST_01869,74,7,72.79,523.12,One year,Mailed check,0
CUST_01870,27,51,68.08,3479.99,Month-to-month,Bank transfer,0
CUST_01871,47,19,28.92,578.36,Month-to-month,Mailed check,1
CUST_01872,42,4,30.22,4.06,Month-to-month,Bank transfer,1
CUST_01873,56,6,110.23,736.15,One year,Credit card,1
CUST_01874,37,16,83.02,1325.31,One year,Electronic check,0
CUST_01875,22,72,46.23,3362.87,Two year,Credit card,0
CUST_01876,18,35,47.93,1627.6,Month-to-month,Bank transfer,0
CUST_01877,47,16,81.02,1232.57,Month-to-month,Bank transfer,1
CUST_01878,66,9,60.69,571.67,One year,Electronic check,0
CUST_01879,20,19,64.13,1254.69,One year,Credit card,0
CUST_01880,62,33,26.06,798.57,Month-to-month,Electronic check,1
CUST_01881,31,36,33.87,1249.19,One year,Credit card,0
CUST_01882,73,9,59.34,569.1,Month-to-month,Credit card,1
CUST_01883,47,30,89.97,2730.54,One year,Bank transfer,0
CUST_01884,67,25,24.8,627.65,Month-to-month,Credit card,0
CUST_01885,21,72,53.46,3864.64,One year,Electronic check,0
CUST_01886,35,64,89.51,5814.18,One year,Credit card,0
CUST_01887,54,37,99.21,3641.74,Two year,Bank transfer,0
CUST_01888,42,30,39.02,1214.41,Two year,Electronic check,0
CUST_01889,65,7,93.15,673.11,One year,Bank transfer,1
CUST_01890,18,44,115.54,5015.17,One year,Bank transfer,1
CUST_01891,70,13,110.68,1367.62,Month-to-month,Bank transfer,1
CUST_01892,63,7,98.94,700.99,Month-to-month,Mailed check,1
CUST_01893,32,11,91.23,923.55,Month-to-month,Electronic check,1
CUST_01894,26,43,43.51,1751.12,Month-to-month,Electronic check,1
CUST_01895,32,3,83.39,415.26,One year,Credit card,0
CUST_01896,66,14,84.33,1132.3,Month-to-month,Electronic check,1
CUST_01897,74,16,60.68,1016.83,Month-to-month,Credit card,1
CUST_01898,41,0,69.3,11.71,One year,Electronic check,1
CUST_01899,21,5,89.4,563.33,One year,Mailed check,1
CUST_01900,29,42,115.21,4933.41,One year,Electronic check,1
CUST_01901,54,42,49.53,2108.33,One year,Credit card,0
CUST_01902,54,8,44.64,286.19,Month-to-month,Electronic check,1
CUST_01903,60,49,80.18,4005.5,Month-to-month,Mailed check,0
CUST_01904,23,35,33.08,1095.71,Two year,Credit card,0
CUST_01905,56,12,78.25,992.59,Month-to-month,Credit card,1
CUST_01906,73,33,28.89,903.87,One year,Credit card,0
CUST_01907,63,72,69.06,4947.37,One year,Credit card,0
CUST_01908,41,14,82.04,1264.82,Two year,Credit card,0
CUST_01909,28,6,27.01,174.35,One year,Credit card,0
CUST_01910,30,68,40.7,2728.55,One year,Bank transfer,0
CUST_01911,51,22,53.54,1166.97,Month-to-month,Bank transfer,1
CUST_01912,42,2,56.86,125.64,Two year,Electronic check,1
CUST_01913,24,20,87.61,1709.54,One year,Bank transfer,0
CUST_01914,69,16,72.9,1199.02,Month-to-month,Electronic check,1
CUST_01915,21,46,58.21,2636.92,One year,Credit card,0
CUST_01916,25,18,65.07,1064.21,Month-to-month,Bank transfer,1
CUST_01917,37,7,21.3,138.2,Month-to-month,Credit card,1
CUST_01918,46,27,97.05,2590.03,Month-to-month,Electronic check,1
CUST_01919,71,18,24.1,441.08,One year,Bank transfer,0
CUST_01920,70,6,102.93,607.58,One year,Bank transfer,1
CUST_01921,68,20,74.1,1525.29,One year,Credit card,1
CUST_01922,62,41,72.78,3019.82,One year,Electronic check,1
CUST_01923,63,0,90.46,0.0,One year,Electronic check,0
CUST_01924,27,23,105.96,2434.67,Month-to-month,Bank transfer,1
CUST_01925,60,10,114.26,1120.37,Month-to-month,Bank transfer,1
CUST_01926,51,8,74.34,579.42,Month-to-month,Mailed check,1
CUST_01927,74,11,35.07,296.16,Month-to-month,Credit card,1
CUST_01928,43,10,107.86,920.01,Two year,Electronic check,1
CUST_01929,58,42,24.07,1085.75,Two year,Bank transfer,0
CUST_01930,66,7,100.73,693.27,Month-to-month,Electronic check,1
CUST_01931,20,31,88.04,2743.85,Month-to-month,Electronic check,1
CUST_01932,73,2,110.47,186.55,Two year,Credit card,0
CUST_01933,23,72,109.75,7830.19,Month-to-month,Bank transfer,1
CUST_01934,22,23,25.32,555.07,One year,Credit card,0
CUST_01935,22,29,80.94,2296.61,Month-to-month,Credit card,1
CUST_01936,71,8,32.47,290.18,One year,Credit card,0
CUST_01937,64,12,27.85,350.97,Two year,Bank transfer,0
CUST_01938,40,6,64.83,422.04,Two year,Credit card,0
CUST_01939,66,64,29.76,1923.98,One year,Mailed check,0
CUST_01940,26,16,92.79,1387.61,One year,Mailed check,0
CUST_01941,52,23,116.89,2670.22,One year,Electronic check,0
CUST_01942,37,31,76.96,2344.72,Month-to-month,Mailed check,1
CUST_01943,66,11,43.52,487.09,Month-to-month,Credit card,0
CUST_01944,59,30,104.32,3096.81,Two year,Bank transfer,0
CUST_01945,52,27,105.31,2858.83,Month-to-month,Credit card,0
CUST_01946,67,29,93.28,2722.97,Month-to-month,Electronic check,0
CUST_01947,35,16,81.51,1291.38,One year,Credit card,0
CUST_01948,34,11,106.78,1188.57,Two year,Electronic check,1
CUST_01949,41,6,36.33,236.79,One year,Credit card,0
CUST_01950,20,41,113.16,4645.74,One year,Credit card,1
CUST_01951,49,22,114.72,2541.65,One year,Electronic check,0
CUST_01952,52,14,107.2,1533.88,One year,Bank transfer,1
CUST_01953,55,69,45.07,3091.54,One year,Credit card,0
CUST_01954,30,1,105.82,68.7,Two year,Mailed check,1
CUST_01955,73,45,69.76,3156.57,One year,Electronic check,1
CUST_01956,64,72,79.49,5694.36,Month-to-month,Credit card,1
CUST_01957,42,52,104.06,5410.64,Two year,Bank transfer,0
CUST_01958,26,39,22.96,888.73,One year,Electronic check,0
CUST_01959,21,11,56.29,703.52,Month-to-month,Electronic check,1
CUST_01960,31,6,101.57,647.35,Month-to-month,Bank transfer,1
CUST_01961,54,31,101.4,3205.07,Two year,Electronic check,0
CUST_01962,51,8,104.87,859.52,Month-to-month,Credit card,1
CUST_01963,28,4,36.92,162.03,One year,Credit card,1
CUST_01964,58,37,90.59,3372.61,Month-to-month,Mailed check,0
CUST_01965,73,8,34.65,254.33,One year,Bank transfer,0
CUST_01966,20,59,98.51,5755.03,One year,Bank transfer,1
CUST_01967,45,44,44.51,1987.48,One year,Credit card,1
CUST_01968,46,45,93.78,4245.66,Month-to-month,Bank transfer,1
CUST_01969,26,35,65.5,2363.87,Month-to-month,Credit card,1
CUST_01970,20,51,118.63,6093.05,Two year,Mailed check,0
CUST_01971,42,39,77.99,3019.81,Two year,Bank transfer,0
CUST_01972,51,22,83.26,1776.0,One year,Electronic check,0
CUST_01973,29,8,56.82,472.0,One year,Bank transfer,0
CUST_01974,59,52,93.45,4860.65,One year,Bank transfer,0
CUST_01975,26,44,69.49,3029.51,Two year,Credit card,0
CUST_01976,32,15,21.81,354.45,One year,Credit card,0
CUST_01977,57,0,80.86,0.0,Two year,Credit card,0
CUST_01978,42,24,103.05,2442.24,Month-to-month,Electronic check,1
CUST_01979,22,1,43.68,186.28,Month-to-month,Mailed check,1
CUST_01980,28,62,42.11,2561.6,One year,Electronic check,1
CUST_01981,51,72,80.89,5846.17,Month-to-month,Electronic check,1
CUST_01982,41,5,101.8,559.26,One year,Electronic check,1
CUST_01983,32,27,44.96,1256.27,One year,Bank transfer,1
CUST_01984,55,2,113.23,260.3,Month-to-month,Credit card,1
CUST_01985,25,31,112.74,3517.53,One year,Bank transfer,0
CUST_01986,22,10,40.05,399.69,Month-to-month,Credit card,1
CUST_01987,65,27,46.38,1324.09,One year,Credit card,0
CUST_01988,43,11,90.06,1059.74,Month-to-month,Mailed check,1
CUST_01989,35,3,115.17,395.69,Two year,Credit card,0
CUST_01990,23,12,90.99,1171.9,Month-to-month,Electronic check,1
CUST_01991,54,2,64.49,176.61,One year,Bank transfer,0
CUST_01992,65,20,36.9,721.36,One year,Mailed check,0
CUST_01993,30,1,66.1,31.56,Month-to-month,Electronic check,1
CUST_01994,45,17,80.68,1390.07,One year,Mailed check,0
CUST_01995,22,52,53.1,2775.75,Two year,Mailed check,0
CUST_01996,30,43,71.03,3077.43,Month-to-month,Credit card,0
CUST_01997,34,51,33.02,1760.66,Month-to-month,Credit card,0
CUST_01998,67,61,65.22,3959.54,Month-to-month,Bank transfer,0
CUST_01999,57,2,29.08,50.56,Month-to-month,Bank transfer,1
CUST_02000,62,3,24.91,89.7,Two year,Electronic check,0
CUST_02001,49,19,105.72,2001.26,Month-to-month,Bank transfer,1
CUST_02002,46,53,40.51,2055.43,One year,Electronic check,0
CUST_02003,68,72,77.52,5558.4,Month-to-month,Electronic check,1
CUST_02004,20,1,34.9,0.0,Month-to-month,Electronic check,1
CUST_02005,73,10,46.25,530.9,Month-to-month,Bank transfer,1
CUST_02006,57,5,56.13,239.28,Month-to-month,Bank transfer,0
CUST_02007,51,33,34.37,1132.1,One year,Electronic check,0
CUST_02008,57,24,24.6,592.98,Month-to-month,Electronic check,1
CUST_02009,44,3,107.72,348.09,Two year,Credit card,0
CUST_02010,30,15,21.18,330.7,One year,Credit card,0
CUST_02011,62,27,26.13,721.19,Month-to-month,Bank transfer,0
CUST_02012,50,36,100.51,3574.38,Month-to-month,Electronic check,1
CUST_02013,23,0,48.2,0.0,Month-to-month,Electronic check,1
CUST_02014,41,53,92.28,4821.5,Month-to-month,Electronic check,1
CUST_02015,36,20,34.62,711.34,One year,Bank transfer,0
CUST_02016,33,40,43.73,1710.7,Two year,Bank transfer,0
CUST_02017,57,39,77.28,3081.35,Two year,Bank transfer,0
CUST_02018,45,5,118.86,495.42,Two year,Bank transfer,0
CUST_02019,50,2,27.34,150.9,Month-to-month,Credit card,1
CUST_02020,65,30,60.06,1813.48,Month-to-month,Bank transfer,0
CUST_02021,58,4,24.31,81.92,Two year,Electronic check,0
CUST_02022,30,45,39.92,1823.92,One year,Electronic check,1
CUST_02023,60,31,110.75,3506.35,Month-to-month,Credit card,0
CUST_02024,62,44,29.65,1398.91,Month-to-month,Bank transfer,0
CUST_02025,42,8,105.69,845.3,Month-to-month,Electronic check,1
CUST_02026,70,9,37.78,240.27,One year,Credit card,0
CUST_02027,59,26,106.18,2756.47,Two year,Electronic check,0
CUST_02028,53,0,73.8,0.0,Month-to-month,Bank transfer,0
CUST_02029,44,31,107.82,3375.2,Month-to-month,Credit card,1
CUST_02030,55,43,35.17,1491.64,Month-to-month,Electronic check,1
CUST_02031,24,12,96.2,1097.82,Month-to-month,Electronic check,1
CUST_02032,22,34,88.07,2968.24,One year,Bank transfer,1
CUST_02033,60,4,74.29,365.44,One year,Bank transfer,1
CUST_02034,62,9,101.06,916.05,Month-to-month,Electronic check,1
CUST_02035,74,72,84.83,6156.9,One year,Bank transfer,1
CUST_02036,68,72,107.7,7733.72,Month-to-month,Electronic check,1
CUST_02037,48,17,58.11,1046.73,One year,Electronic check,1
CUST_02038,40,65,78.99,5090.91,One year,Bank transfer,0
CUST_02039,59,17,107.06,1782.16,Month-to-month,Bank transfer,1
CUST_02040,27,8,41.48,400.18,One year,Bank transfer,0
CUST_02041,49,7,68.57,546.06,Month-to-month,Electronic check,1
CUST_02042,60,63,116.07,7217.06,Month-to-month,Credit card,1
CUST_02043,70,4,67.36,319.19,Month-to-month,Mailed check,1
CUST_02044,47,20,45.28,838.64,Month-to-month,Bank transfer,1
CUST_02045,56,19,55.11,1100.29,One year,Mailed check,1
CUST_02046,48,32,108.51,3524.18,Month-to-month,Credit card,1
CUST_02047,35,16,115.49,1926.67,One year,Bank transfer,0
CUST_02048,53,7,115.01,890.26,Two year,Bank transfer,1
CUST_02049,19,4,89.89,371.34,Month-to-month,Credit card,1
CUST_02050,31,23,70.96,1619.69,Month-to-month,Credit card,1
CUST_02051,30,30,38.27,1147.04,Month-to-month,Electronic check,1
CUST_02052,46,20,32.32,640.11,Month-to-month,Bank transfer,1
CUST_02053,29,32,25.98,818.38,Month-to-month,Electronic check,1
CUST_02054,56,3,21.77,55.97,One year,Mailed check,0
CUST_02055,19,51,107.81,5554.67,Month-to-month,Credit card,0
CUST_02056,49,20,100.91,1953.47,One year,Credit card,0
CUST_02057,30,3,76.78,284.34,Month-to-month,Electronic check,1
CUST_02058,63,14,119.87,1677.76,Month-to-month,Electronic check,1
CUST_02059,44,44,115.31,5000.03,Month-to-month,Mailed check,1
CUST_02060,66,54,85.51,4647.26,Month-to-month,Mailed check,1
CUST_02061,58,7,66.46,387.56,Month-to-month,Bank transfer,1
CUST_02062,34,29,35.22,1025.72,One year,Bank transfer,0
CUST_02063,57,2,71.56,249.13,One year,Mailed check,0
CUST_02064,48,0,35.77,0.0,Month-to-month,Electronic check,0
CUST_02065,51,19,59.85,1118.43,One year,Credit card,0
CUST_02066,41,28,114.26,3238.6,Month-to-month,Electronic check,1
CUST_02067,62,38,54.2,2091.36,Month-to-month,Electronic check,1
CUST_02068,52,9,35.28,349.3,Two year,Bank transfer,0
CUST_02069,65,0,78.24,0.0,Two year,Mailed check,0
CUST_02070,23,15,80.24,1227.33,Two year,Bank transfer,1
CUST_02071,36,0,39.38,0.0,Month-to-month,Electronic check,1
CUST_02072,47,2,39.66,102.65,Two year,Credit card,0
CUST_02073,24,9,118.95,1064.05,One year,Electronic check,1
CUST_02074,27,13,44.33,614.48,One year,Mailed check,0
CUST_02075,58,7,103.82,771.95,Two year,Bank transfer,0
CUST_02076,49,20,67.03,1362.37,Two year,Credit card,0
CUST_02077,51,1,63.5,25.04,One year,Bank transfer,0
CUST_02078,45,3,49.5,73.11,Two year,Electronic check,0
CUST_02079,32,28,97.38,2670.01,Month-to-month,Mailed check,1
CUST_02080,47,3,108.07,275.54,One year,Bank transfer,0
CUST_02081,54,24,46.11,1256.22,Month-to-month,Bank transfer,0
CUST_02082,46,1,29.51,62.47,Two year,Bank transfer,0
CUST_02083,39,12,33.69,415.6,One year,Bank transfer,0
CUST_02084,21,4,99.28,369.47,Two year,Credit card,1
CUST_02085,37,2,63.58,174.04,Month-to-month,Mailed check,0
CUST_02086,49,20,33.19,654.17,One year,Credit card,0
CUST_02087,53,63,54.03,3420.99,Month-to-month,Credit card,0
CUST_02088,67,1,71.42,101.37,One year,Bank transfer,1
CUST_02089,21,13,105.21,1388.57,One year,Credit card,0
CUST_02090,44,29,84.17,2444.34,Month-to-month,Mailed check,0
CUST_02091,34,14,37.6,475.67,Month-to-month,Bank transfer,0
CUST_02092,29,39,35.87,1401.92,One year,Electronic check,0
CUST_02093,39,4,61.23,299.24,Month-to-month,Credit card,1
CUST_02094,34,72,27.52,2019.14,Month-to-month,Bank transfer,1
CUST_02095,27,11,95.56,1067.06,Month-to-month,Bank transfer,1
CUST_02096,71,10,60.15,642.26,Month-to-month,Credit card,1
CUST_02097,18,49,54.3,2600.82,Two year,Credit card,0
CUST_02098,39,19,70.91,1339.28,Two year,Mailed check,1
CUST_02099,43,17,90.9,1543.25,One year,Electronic check,0
CUST_02100,73,31,76.93,2331.28,Month-to-month,Electronic check,0
CUST_02101,35,20,100.24,2030.54,One year,Mailed check,0
CUST_02102,67,4,82.94,365.9,One year,Mailed check,0
CUST_02103,31,26,98.8,2577.01,One year,Electronic check,0
CUST_02104,64,3,89.68,279.09,Month-to-month,Mailed check,0
CUST_02105,46,39,39.31,1503.35,Month-to-month,Electronic check,1
CUST_02106,29,72,25.24,1788.05,One year,Electronic check,0
CUST_02107,53,11,110.34,1145.62,Month-to-month,Credit card,1
CUST_02108,52,14,114.57,1594.72,Two year,Bank transfer,0
CUST_02109,69,1,92.69,62.86,One year,Mailed check,0
CUST_02110,29,0,92.42,0.0,Month-to-month,Electronic check,1
CUST_02111,24,61,47.01,2870.38,One year,Credit card,0
CUST_02112,46,3,74.24,204.18,One year,Credit card,1
CUST_02113,28,14,119.22,1598.71,Month-to-month,Bank transfer,1
CUST_02114,50,40,105.61,4196.7,Month-to-month,Credit card,0
CUST_02115,23,52,50.44,2616.26,Month-to-month,Bank transfer,0
CUST_02116,64,17,50.1,796.84,Month-to-month,Electronic check,1
CUST_02117,32,19,68.36,1316.39,Month-to-month,Electronic check,0
CUST_02118,49,26,60.46,1575.74,Month-to-month,Electronic check,0
CUST_02119,68,72,57.12,4068.9,Month-to-month,Bank transfer,1
CUST_02120,28,22,82.7,1858.38,One year,Mailed check,1
CUST_02121,40,19,21.15,471.22,Month-to-month,Bank transfer,0
CUST_02122,43,0,96.33,0.0,Month-to-month,Bank transfer,1
CUST_02123,51,2,94.01,177.46,Month-to-month,Mailed check,1
CUST_02124,63,20,103.03,2044.66,Month-to-month,Electronic check,1
CUST_02125,51,66,104.15,6847.65,Two year,Electronic check,0
CUST_02126,46,48,76.64,3631.92,One year,Credit card,0
CUST_02127,21,72,98.01,7062.47,Two year,Credit card,1
CUST_02128,34,18,69.24,1208.23,One year,Bank transfer,0
CUST_02129,52,37,115.15,4130.57,One year,Electronic check,1
CUST_02130,30,44,39.07,1820.65,Two year,Electronic check,1
CUST_02131,58,25,111.56,2873.87,Month-to-month,Credit card,1
CUST_02132,56,9,45.85,418.23,One year,Electronic check,0
CUST_02133,32,15,30.27,389.07,One year,Electronic check,0
CUST_02134,72,46,63.91,3054.81,Two year,Bank transfer,0
CUST_02135,46,8,81.49,677.9,Month-to-month,Electronic check,1
CUST_02136,46,61,43.1,2610.76,One year,Credit card,0
CUST_02137,28,6,75.58,529.14,Month-to-month,Bank transfer,1
CUST_02138,69,33,100.79,3276.29,Two year,Credit card,0
CUST_02139,49,23,45.71,947.49,One year,Credit card,0
CUST_02140,19,33,78.03,2542.33,Two year,Bank transfer,0
CUST_02141,64,13,53.93,737.09,Two year,Credit card,0
CUST_02142,31,64,72.98,4784.68,One year,Bank transfer,0
CUST_02143,37,24,86.69,2044.92,One year,Electronic check,1
CUST_02144,39,8,55.04,382.08,One year,Mailed check,1
CUST_02145,28,24,119.45,2868.44,One year,Electronic check,1
CUST_02146,44,8,76.38,610.47,Month-to-month,Mailed check,1
CUST_02147,20,8,102.45,913.79,Month-to-month,Bank transfer,1
CUST_02148,34,12,92.51,1122.83,Month-to-month,Electronic check,1
CUST_02149,61,45,105.28,4843.25,Two year,Electronic check,0
CUST_02150,73,16,37.38,666.87,Month-to-month,Electronic check,1
CUST_02151,45,27,42.26,1187.2,One year,Credit card,0
CUST_02152,46,11,68.74,682.93,Month-to-month,Credit card,1
CUST_02153,38,7,105.23,716.89,One year,Credit card,0
CUST_02154,64,72,39.76,2875.53,Month-to-month,Electronic check,1
CUST_02155,33,22,117.11,2445.49,One year,Electronic check,1
CUST_02156,54,65,32.76,2096.08,Month-to-month,Electronic check,1
CUST_02157,37,5,37.51,171.44,One year,Bank transfer,0
CUST_02158,23,3,36.72,70.94,One year,Mailed check,1
CUST_02159,36,46,78.6,3721.27,One year,Credit card,0
CUST_02160,74,27,111.75,3042.05,One year,Bank transfer,0
CUST_02161,22,4,45.51,171.72,Two year,Electronic check,1
CUST_02162,20,7,75.3,435.16,One year,Credit card,1
CUST_02163,18,38,37.58,1401.54,Month-to-month,Credit card,0
CUST_02164,55,14,83.11,1243.31,Month-to-month,Bank transfer,1
CUST_02165,32,26,32.32,809.88,Month-to-month,Electronic check,0
CUST_02166,51,9,69.13,602.26,Month-to-month,Credit card,1
CUST_02167,52,11,85.52,875.68,One year,Bank transfer,1
CUST_02168,66,72,77.91,5617.84,Two year,Electronic check,0
CUST_02169,42,6,34.0,219.99,One year,Bank transfer,0
CUST_02170,41,16,36.14,587.49,One year,Electronic check,0
CUST_02171,29,44,87.14,3775.27,Month-to-month,Credit card,1
CUST_02172,35,6,100.89,630.88,Month-to-month,Credit card,1
CUST_02173,32,12,110.81,1309.16,Two year,Bank transfer,0
CUST_02174,61,22,101.36,2241.81,Month-to-month,Electronic check,1
CUST_02175,33,15,117.39,1800.38,Two year,Bank transfer,1
CUST_02176,44,14,60.83,872.64,Month-to-month,Electronic check,0
CUST_02177,25,10,53.12,563.89,Two year,Electronic check,0
CUST_02178,63,21,22.82,513.74,One year,Bank transfer,0
CUST_02179,42,23,64.99,1538.45,One year,Electronic check,1
CUST_02180,34,25,85.14,2177.26,Two year,Credit card,0
CUST_02181,46,1,101.54,161.57,Month-to-month,Electronic check,1
CUST_02182,70,23,46.75,1096.98,Month-to-month,Credit card,1
CUST_02183,25,72,71.36,5180.0,Month-to-month,Electronic check,1
CUST_02184,32,18,86.2,1560.16,Month-to-month,Bank transfer,0
CUST_02185,44,30,75.16,2289.2,Month-to-month,Credit card,1
CUST_02186,63,19,47.4,877.73,Two year,Electronic check,1
CUST_02187,67,46,99.63,4494.94,Month-to-month,Bank transfer,0
CUST_02188,69,63,37.34,2424.97,Two year,Bank transfer,1
CUST_02189,24,4,110.5,451.7,Two year,Bank transfer,0
CUST_02190,20,13,115.26,1506.85,One year,Mailed check,1
CUST_02191,46,11,56.56,667.1,Two year,Credit card,0
CUST_02192,61,12,57.62,658.27,One year,Bank transfer,0
CUST_02193,70,3,94.33,277.65,One year,Bank transfer,1
CUST_02194,41,40,65.63,2595.99,One year,Credit card,0
CUST_02195,20,0,22.86,0.0,One year,Electronic check,0
CUST_02196,37,18,111.99,1996.28,Month-to-month,Electronic check,1
CUST_02197,63,26,63.08,1612.38,Month-to-month,Mailed check,0
CUST_02198,32,5,40.35,221.12,One year,Electronic check,0
CUST_02199,42,56,75.57,4138.84,Month-to-month,Mailed check,1
CUST_02200,47,43,41.89,1867.16,Two year,Mailed check,0
CUST_02201,31,15,40.6,573.41,One year,Bank transfer,0
CUST_02202,24,12,74.57,919.14,Month-to-month,Electronic check,1
CUST_02203,34,6,59.1,381.75,Month-to-month,Credit card,1
CUST_02204,61,31,77.3,2381.45,Month-to-month,Electronic check,1
CUST_02205,37,3,119.68,380.75,Month-to-month,Credit card,0
CUST_02206,53,27,105.9,2805.16,Month-to-month,Mailed check,1
CUST_02207,26,44,20.77,886.5,Two year,Bank transfer,0
CUST_02208,55,6,25.06,138.26,Month-to-month,Electronic check,1
CUST_02209,65,48,81.01,3911.2,One year,Bank transfer,0
CUST_02210,74,0,82.63,0.0,Month-to-month,Credit card,1
CUST_02211,39,58,107.82,6245.47,Two year,Bank transfer,0
CUST_02212,71,3,82.91,290.18,One year,Credit card,1
CUST_02213,70,24,42.77,1046.3,One year,Electronic check,0
CUST_02214,70,6,66.85,517.98,One year,Credit card,1
CUST_02215,19,43,100.9,4293.42,One year,Mailed check,0
CUST_02216,41,17,112.28,1844.49,Month-to-month,Bank transfer,1
CUST_02217,25,3,43.69,226.63,Month-to-month,Electronic check,1
CUST_02218,28,20,73.96,1492.32,Month-to-month,Bank transfer,1
CUST_02219,30,12,35.89,497.28,One year,Bank transfer,0
CUST_02220,34,25,69.7,1692.23,Month-to-month,Bank transfer,1
CUST_02221,25,51,29.01,1455.1,Two year,Credit card,0
CUST_02222,38,12,114.17,1376.73,Month-to-month,Mailed check,0
CUST_02223,35,8,83.81,670.5,Month-to-month,Credit card,0
CUST_02224,47,0,105.42,0.0,Two year,Credit card,0
CUST_02225,35,20,119.83,2317.42,Two year,Mailed check,1
CUST_02226,63,12,38.27,453.51,Two year,Electronic check,0
CUST_02227,64,11,89.41,1000.57,One year,Electronic check,0
CUST_02228,48,4,108.7,417.94,Month-to-month,Electronic check,1
CUST_02229,55,13,77.59,1057.67,Two year,Credit card,0
CUST_02230,49,72,83.97,6095.02,Month-to-month,Electronic check,1
CUST_02231,28,8,60.77,497.07,Month-to-month,Electronic check,0
CUST_02232,62,21,87.48,1800.75,Month-to-month,Electronic check,1
CUST_02233,42,35,59.56,2102.49,One year,Electronic check,0
CUST_02234,50,33,67.66,2257.64,Month-to-month,Electronic check,1
CUST_02235,55,9,30.29,277.54,One year,Electronic check,0
CUST_02236,58,22,20.78,419.86,Month-to-month,Credit card,0
CUST_02237,25,49,25.52,1292.7,Month-to-month,Electronic check,1
CUST_02238,28,0,39.25,21.42,Month-to-month,Electronic check,1
CUST_02239,39,13,65.66,833.63,Month-to-month,Credit card,1
CUST_02240,68,6,22.1,140.37,Two year,Bank transfer,0
CUST_02241,41,11,35.59,345.38,Two year,Electronic check,0
CUST_02242,58,12,98.14,1083.33,Month-to-month,Electronic check,1
CUST_02243,34,32,96.22,3002.67,Two year,Electronic check,0
CUST_02244,29,2,98.97,211.04,One year,Bank transfer,1
CUST_02245,74,17,112.15,1891.6,Month-to-month,Electronic check,1
CUST_02246,63,19,31.91,627.29,One year,Bank transfer,0
CUST_02247,49,16,36.31,622.5,Two year,Bank transfer,0
CUST_02248,32,31,53.36,1671.54,Month-to-month,Electronic check,1
CUST_02249,33,11,111.51,1194.42,Month-to-month,Bank transfer,1
CUST_02250,71,69,97.55,6751.54,Month-to-month,Credit card,1
CUST_02251,39,15,52.41,766.75,Month-to-month,Credit card,0
CUST_02252,45,20,28.76,559.07,Month-to-month,Bank transfer,1
CUST_02253,37,41,81.64,3399.77,One year,Bank transfer,0
CUST_02254,50,7,45.68,348.28,Two year,Mailed check,0
CUST_02255,27,1,73.12,52.26,Month-to-month,Bank transfer,1
CUST_02256,57,29,114.18,3270.34,Month-to-month,Credit card,0
CUST_02257,49,15,77.26,1228.24,One year,Bank transfer,0
CUST_02258,67,54,112.38,6066.34,Month-to-month,Credit card,1
CUST_02259,50,72,59.3,4212.34,Two year,Credit card,0
CUST_02260,19,12,83.34,978.0,Two year,Bank transfer,0
CUST_02261,50,12,109.39,1225.14,Two year,Bank transfer,0
CUST_02262,50,12,78.8,815.01,One year,Mailed check,0
CUST_02263,58,9,81.49,781.14,Month-to-month,Electronic check,1
CUST_02264,30,36,91.63,3254.68,Month-to-month,Mailed check,1
CUST_02265,47,34,108.21,3618.2,One year,Bank transfer,0
CUST_02266,50,15,28.82,404.02,Two year,Electronic check,0
CUST_02267,30,1,53.69,36.84,Month-to-month,Bank transfer,0
CUST_02268,69,8,59.77,448.44,Month-to-month,Credit card,1
CUST_02269,43,8,110.97,842.45,Two year,Credit card,0
CUST_02270,39,39,115.6,4506.33,Month-to-month,Credit card,1
CUST_02271,56,2,32.04,52.08,Month-to-month,Electronic check,1
CUST_02272,19,39,31.91,1329.23,Two year,Electronic check,0
CUST_02273,55,26,113.49,2932.47,Month-to-month,Mailed check,0
CUST_02274,56,31,49.58,1534.89,Month-to-month,Electronic check,1
CUST_02275,43,13,44.18,528.58,One year,Bank transfer,0
CUST_02276,63,27,23.56,668.5,One year,Electronic check,0
CUST_02277,67,22,47.56,1129.59,Month-to-month,Mailed check,1
CUST_02278,32,35,89.35,3122.44,Month-to-month,Electronic check,1
CUST_02279,51,14,62.6,844.9,One year,Bank transfer,0
CUST_02280,59,15,71.69,1084.38,One year,Credit card,0
CUST_02281,72,24,111.73,2705.38,Month-to-month,Credit card,1
CUST_02282,61,2,31.47,207.48,Month-to-month,Credit card,1
CUST_02283,66,13,27.12,345.1,One year,Mailed check,0
CUST_02284,57,72,105.19,7556.63,One year,Credit card,0
CUST_02285,28,0,97.49,0.0,One year,Bank transfer,1
CUST_02286,20,9,46.37,402.37,One year,Bank transfer,1
CUST_02287,23,9,52.42,450.72,One year,Credit card,1
CUST_02288,26,24,51.03,1252.05,Month-to-month,Electronic check,0
CUST_02289,23,2,84.78,156.08,Two year,Credit card,0
CUST_02290,26,23,26.12,549.78,Two year,Bank transfer,0
CUST_02291,56,2,68.94,84.99,One year,Mailed check,0
CUST_02292,48,2,33.39,45.66,Month-to-month,Mailed check,1
CUST_02293,49,31,101.97,3198.85,One year,Credit card,1
CUST_02294,58,9,58.07,531.55,One year,Bank transfer,0
CUST_02295,67,72,72.76,5262.22,Month-to-month,Bank transfer,0
CUST_02296,29,0,22.93,0.68,One year,Electronic check,1
CUST_02297,25,14,25.83,381.5,One year,Electronic check,0
CUST_02298,25,2,87.51,157.38,Two year,Bank transfer,0
CUST_02299,67,10,96.68,923.74,Month-to-month,Electronic check,1
CUST_02300,45,72,91.0,6510.04,Month-to-month,Electronic check,1
CUST_02301,37,52,93.7,4827.93,One year,Electronic check,1
CUST_02302,64,1,30.46,93.66,Two year,Electronic check,0
CUST_02303,24,19,89.35,1746.52,One year,Mailed check,0
CUST_02304,28,25,38.17,932.91,One year,Electronic check,0
CUST_02305,37,5,29.8,157.35,Month-to-month,Credit card,1
CUST_02306,33,3,95.72,322.03,One year,Bank transfer,0
CUST_02307,21,56,108.94,6071.09,Two year,Bank transfer,0
CUST_02308,23,72,91.67,6594.08,One year,Mailed check,0
CUST_02309,39,72,100.56,7192.84,Two year,Bank transfer,0
CUST_02310,43,37,119.11,4363.45,One year,Bank transfer,0
CUST_02311,20,26,33.48,904.08,Two year,Electronic check,0
CUST_02312,58,10,116.52,1168.44,Month-to-month,Electronic check,1
CUST_02313,59,4,80.12,321.92,Month-to-month,Bank transfer,1
CUST_02314,31,1,101.33,158.2,Month-to-month,Electronic check,1
CUST_02315,28,28,85.02,2359.11,One year,Electronic check,1
CUST_02316,35,36,77.0,2807.72,Month-to-month,Mailed check,0
CUST_02317,71,42,90.36,3753.8,One year,Bank transfer,0
CUST_02318,29,58,52.03,2996.87,Two year,Credit card,0
CUST_02319,40,50,112.43,5585.32,One year,Credit card,1
CUST_02320,29,72,31.53,2230.54,Month-to-month,Electronic check,0
CUST_02321,30,6,51.8,399.78,Two year,Credit card,0
CUST_02322,42,34,23.12,722.56,One year,Credit card,0
CUST_02323,62,21,47.13,954.78,One year,Electronic check,0
CUST_02324,68,7,41.82,190.37,Two year,Credit card,0
CUST_02325,36,72,24.96,1770.95,Two year,Bank transfer,0
CUST_02326,72,54,69.18,3726.64,One year,Electronic check,0
CUST_02327,63,3,66.86,242.89,Two year,Electronic check,1
CUST_02328,53,0,27.77,0.0,One year,Mailed check,1
CUST_02329,62,27,46.19,1188.94,One year,Bank transfer,0
CUST_02330,25,22,115.33,2512.01,One year,Credit card,1
CUST_02331,46,65,31.07,2032.7,One year,Electronic check,0
CUST_02332,72,6,50.5,340.94,Month-to-month,Bank transfer,1
CUST_02333,70,2,23.59,15.32,One year,Electronic check,0
CUST_02334,72,7,34.89,196.99,Month-to-month,Bank transfer,1
CUST_02335,49,0,89.94,0.0,One year,Credit card,0
CUST_02336,68,0,56.67,17.15,One year,Bank transfer,0
CUST_02337,61,59,65.21,3887.26,Two year,Bank transfer,0
CUST_02338,35,10,35.7,305.8,Month-to-month,Credit card,1
CUST_02339,23,12,88.21,1022.48,Two year,Electronic check,1
CUST_02340,35,0,95.15,0.0,Two year,Credit card,1
CUST_02341,36,7,38.11,164.01,One year,Bank transfer,1
CUST_02342,39,39,24.5,900.09,One year,Bank transfer,0
CUST_02343,54,22,28.09,568.51,Month-to-month,Credit card,1
CUST_02344,49,33,85.7,2804.01,Two year,Bank transfer,0
CUST_02345,73,14,33.55,484.72,One year,Bank transfer,0
CUST_02346,58,8,69.39,550.83,Month-to-month,Bank transfer,1
CUST_02347,20,15,35.26,542.78,Month-to-month,Electronic check,1
CUST_02348,45,9,37.01,378.31,One year,Mailed check,1
CUST_02349,27,43,20.44,891.23,Month-to-month,Credit card,0
CUST_02350,68,8,52.08,406.66,One year,Electronic check,0
CUST_02351,52,25,28.98,747.5,Month-to-month,Bank transfer,1
CUST_02352,46,3,59.4,83.55,One year,Electronic check,1
CUST_02353,71,27,79.78,2141.19,One year,Mailed check,0
CUST_02354,32,58,56.75,3323.56,Two year,Bank transfer,0
CUST_02355,50,22,90.51,1983.92,One year,Bank transfer,0
CUST_02356,24,19,94.15,1800.24,One year,Mailed check,1
CUST_02357,29,72,89.66,6445.51,Two year,Credit card,0
CUST_02358,66,23,113.67,2644.78,One year,Credit card,1
CUST_02359,47,7,43.73,350.52,Two year,Electronic check,0
CUST_02360,38,8,38.95,206.54,Month-to-month,Bank transfer,0
CUST_02361,48,29,80.97,2315.04,Two year,Credit card,0
CUST_02362,41,31,79.49,2362.99,Month-to-month,Electronic check,1
CUST_02363,37,8,71.01,370.0,Two year,Bank transfer,0
CUST_02364,54,10,20.44,233.6,Month-to-month,Electronic check,1
CUST_02365,21,72,75.52,5477.11,Month-to-month,Electronic check,1
CUST_02366,45,2,113.28,201.27,Month-to-month,Credit card,1
CUST_02367,61,12,53.46,606.94,Month-to-month,Credit card,0
CUST_02368,37,1,116.76,108.01,Month-to-month,Electronic check,1
CUST_02369,41,41,55.68,2422.87,One year,Credit card,0
CUST_02370,67,2,33.99,15.73,Two year,Electronic check,0
CUST_02371,66,26,59.84,1488.36,Month-to-month,Bank transfer,1
CUST_02372,68,1,69.46,99.44,Month-to-month,Bank transfer,1
CUST_02373,49,26,82.95,2189.36,One year,Bank transfer,0
CUST_02374,58,44,70.49,3120.84,Month-to-month,Credit card,0
CUST_02375,53,12,73.67,887.78,Two year,Bank transfer,0
CUST_02376,70,17,22.41,365.3,Month-to-month,Mailed check,0
CUST_02377,51,12,45.36,469.34,One year,Credit card,0
CUST_02378,53,8,51.07,501.57,Month-to-month,Electronic check,1
CUST_02379,19,39,118.71,4726.13,Month-to-month,Bank transfer,1
CUST_02380,32,7,49.56,321.99,One year,Bank transfer,0
CUST_02381,51,30,109.66,3360.16,Month-to-month,Credit card,1
CUST_02382,53,5,50.47,269.47,Two year,Bank transfer,0
CUST_02383,23,6,29.61,89.39,One year,Credit card,0
CUST_02384,56,9,44.76,319.17,Two year,Mailed check,0
CUST_02385,59,21,47.28,1030.96,Two year,Mailed check,0
CUST_02386,68,14,117.82,1713.85,Month-to-month,Credit card,1
CUST_02387,68,32,87.43,2815.51,Two year,Bank transfer,1
CUST_02388,71,5,113.17,578.6,Month-to-month,Mailed check,1
CUST_02389,29,0,103.5,0.0,One year,Credit card,1
CUST_02390,20,35,77.86,2668.85,One year,Bank transfer,0
CUST_02391,62,41,87.54,3627.51,One year,Bank transfer,1
CUST_02392,35,1,82.48,84.88,Month-to-month,Bank transfer,1
CUST_02393,57,22,86.63,1899.95,One year,Bank transfer,1
CUST_02394,38,11,46.48,574.01,Two year,Bank transfer,0
CUST_02395,32,37,60.81,2334.57,Two year,Mailed check,0
CUST_02396,50,49,79.26,3912.87,One year,Credit card,1
CUST_02397,52,45,23.59,1014.97,Month-to-month,Bank transfer,0
CUST_02398,43,36,68.28,2460.71,Two year,Electronic check,1
CUST_02399,25,7,105.97,720.59,Two year,Bank transfer,1
CUST_02400,53,40,69.24,2762.7,Month-to-month,Electronic check,1
CUST_02401,65,18,75.23,1294.06,Month-to-month,Bank transfer,1
CUST_02402,47,1,40.19,102.85,Two year,Electronic check,1
CUST_02403,40,14,99.43,1368.37,Two year,Electronic check,1
CUST_02404,59,68,55.89,3880.72,Month-to-month,Credit card,1
CUST_02405,61,52,115.66,6007.96,Two year,Credit card,0
CUST_02406,31,2,119.37,214.73,One year,Mailed check,0
CUST_02407,31,32,111.6,3537.72,Two year,Electronic check,0
CUST_02408,19,39,28.49,1078.15,Month-to-month,Credit card,0
CUST_02409,72,7,53.32,384.12,One year,Credit card,0
CUST_02410,54,15,114.51,1714.87,Month-to-month,Bank transfer,1
CUST_02411,22,29,100.45,2953.14,Two year,Bank transfer,0
CUST_02412,55,13,111.12,1405.9,Month-to-month,Electronic check,1
CUST_02413,62,2,77.26,166.11,Two year,Bank transfer,0
CUST_02414,58,29,68.04,2033.73,Month-to-month,Mailed check,1
CUST_02415,71,58,30.65,1846.77,One year,Credit card,0
CUST_02416,64,25,103.95,2562.36,One year,Mailed check,0
CUST_02417,31,35,94.51,3290.65,Month-to-month,Bank transfer,0
CUST_02418,73,10,25.89,227.81,Month-to-month,Electronic check,1
CUST_02419,56,4,40.94,120.61,Month-to-month,Electronic check,1
CUST_02420,42,24,75.73,1851.06,One year,Electronic check,1
CUST_02421,37,9,88.44,739.77,One year,Mailed check,0
CUST_02422,19,47,33.77,1695.25,Month-to-month,Electronic check,0
CUST_02423,56,3,44.48,145.11,Month-to-month,Credit card,1
CUST_02424,23,13,39.31,502.09,One year,Credit card,0
CUST_02425,34,12,42.0,604.64,Month-to-month,Bank transfer,0
CUST_02426,42,66,112.07,7330.97,Month-to-month,Credit card,0
CUST_02427,74,3,91.58,235.91,One year,Electronic check,0
CUST_02428,45,0,93.71,0.0,One year,Credit card,1
CUST_02429,19,6,99.4,595.21,One year,Credit card,0
CUST_02430,52,41,55.66,2250.08,Month-to-month,Electronic check,0
CUST_02431,54,5,96.72,418.52,Month-to-month,Credit card,1
CUST_02432,22,6,117.84,647.85,Two year,Mailed check,1
CUST_02433,18,3,89.84,286.08,Two year,Electronic check,1
CUST_02434,57,30,61.68,1882.08,One year,Mailed check,1
CUST_02435,29,1,91.64,22.62,Month-to-month,Credit card,1
CUST_02436,73,9,110.08,981.04,One year,Bank transfer,0
CUST_02437,53,7,32.88,209.48,Two year,Bank transfer,0
CUST_02438,62,19,46.53,851.31,One year,Electronic check,0
CUST_02439,40,31,111.93,3550.34,Two year,Electronic check,0
CUST_02440,64,18,114.62,2060.52,Month-to-month,Credit card,1
CUST_02441,48,64,68.41,4386.6,One year,Mailed check,0
CUST_02442,28,72,57.46,4171.27,One year,Electronic check,0
CUST_02443,27,10,48.28,486.91,One year,Electronic check,1
CUST_02444,20,36,69.88,2514.7,One year,Electronic check,0
CUST_02445,71,32,113.45,3671.7,One year,Bank transfer,0
CUST_02446,31,53,34.98,1824.99,Two year,Credit card,0
CUST_02447,33,14,61.98,845.16,Two year,Bank transfer,0
CUST_02448,27,18,111.16,1951.12,Month-to-month,Electronic check,1
CUST_02449,46,12,54.91,729.57,One year,Electronic check,0
CUST_02450,27,45,96.81,4384.22,Two year,Mailed check,0
CUST_02451,29,6,58.93,365.22,Month-to-month,Credit card,1
CUST_02452,47,6,100.49,680.83,Month-to-month,Mailed check,1
CUST_02453,58,11,118.1,1237.87,Month-to-month,Electronic check,1
CUST_02454,18,6,58.78,348.52,Month-to-month,Electronic check,1
CUST_02455,22,19,104.51,1911.41,Two year,Bank transfer,1
CUST_02456,37,3,118.84,286.14,Month-to-month,Bank transfer,1
CUST_02457,25,9,118.38,1121.75,One year,Electronic check,1
CUST_02458,60,58,63.38,3760.53,Month-to-month,Bank transfer,1
CUST_02459,29,12,68.58,802.15,Month-to-month,Mailed check,1
CUST_02460,18,33,50.34,1640.8,Two year,Bank transfer,0
CUST_02461,74,2,51.4,80.74,One year,Credit card,0
CUST_02462,71,6,69.25,499.87,Month-to-month,Mailed check,1
CUST_02463,37,39,40.05,1532.74,Two year,Credit card,0
CUST_02464,45,34,91.11,3181.04,One year,Bank transfer,1
CUST_02465,74,11,73.63,812.27,One year,Electronic check,1
CUST_02466,60,72,109.81,7882.07,One year,Credit card,1
CUST_02467,54,57,101.06,5773.83,Month-to-month,Bank transfer,1
CUST_02468,64,72,52.25,3856.51,One year,Credit card,0
CUST_02469,54,13,70.58,925.72,One year,Mailed check,0
CUST_02470,29,5,95.05,465.49,Month-to-month,Bank transfer,1
CUST_02471,54,23,39.32,931.04,One year,Credit card,0
CUST_02472,66,27,23.16,613.74,Month-to-month,Electronic check,1
CUST_02473,66,3,105.23,259.32,One year,Bank transfer,0
CUST_02474,73,37,33.76,1245.45,Month-to-month,Credit card,0
CUST_02475,61,0,108.94,43.51,Two year,Bank transfer,0
CUST_02476,73,15,111.36,1692.38,Two year,Credit card,0
CUST_02477,45,9,66.07,530.25,Month-to-month,Bank transfer,1
CUST_02478,64,32,100.68,3261.64,Two year,Mailed check,0
CUST_02479,32,9,56.32,532.38,One year,Bank transfer,0
CUST_02480,23,42,105.83,4451.1,One year,Mailed check,0
CUST_02481,61,21,102.47,2206.02,Two year,Electronic check,0
CUST_02482,37,37,27.85,1076.3,Month-to-month,Bank transfer,0
CUST_02483,67,72,78.26,5678.85,Month-to-month,Electronic check,1
CUST_02484,31,27,84.0,2180.44,Month-to-month,Electronic check,1
CUST_02485,19,72,20.09,1478.55,One year,Electronic check,0
CUST_02486,26,0,117.99,0.0,Month-to-month,Bank transfer,1
CUST_02487,54,9,60.66,562.75,One year,Mailed check,1
CUST_02488,37,2,71.73,96.67,Month-to-month,Bank transfer,1
CUST_02489,43,7,39.48,322.28,One year,Mailed check,0
CUST_02490,46,43,81.09,3540.28,Month-to-month,Electronic check,1
CUST_02491,18,0,101.06,0.0,Month-to-month,Mailed check,1
CUST_02492,72,17,78.59,1251.25,Month-to-month,Electronic check,1
CUST_02493,52,20,98.8,2002.7,One year,Bank transfer,0
CUST_02494,23,19,93.11,1779.21,Two year,Electronic check,1
CUST_02495,54,15,43.77,560.69,Month-to-month,Bank transfer,1
CUST_02496,70,37,63.58,2352.3,One year,Bank transfer,0
CUST_02497,22,3,34.86,145.36,Two year,Mailed check,0
CUST_02498,50,8,24.19,81.52,Two year,Electronic check,1
CUST_02499,66,22,26.31,581.83,One year,Bank transfer,0
CUST_02500,68,28,114.25,3210.18,Month-to-month,Bank transfer,1
CUST_02501,31,12,118.45,1432.94,Month-to-month,Credit card,1
CUST_02502,29,49,29.5,1433.89,Month-to-month,Electronic check,1
CUST_02503,59,12,53.52,649.8,One year,Credit card,1
CUST_02504,37,12,31.44,366.71,One year,Electronic check,0
CUST_02505,70,0,103.42,0.0,One year,Electronic check,1
CUST_02506,67,19,69.63,1346.67,Month-to-month,Electronic check,1
CUST_02507,41,29,82.13,2509.71,Month-to-month,Electronic check,1
CUST_02508,60,2,73.99,145.49,Two year,Bank transfer,0
CUST_02509,51,8,91.03,693.79,Two year,Electronic check,1
CUST_02510,42,36,51.91,1862.32,One year,Bank transfer,0
CUST_02511,67,10,33.75,333.05,Month-to-month,Electronic check,1
CUST_02512,46,6,21.76,97.5,Two year,Mailed check,0
CUST_02513,74,26,64.57,1645.57,Month-to-month,Credit card,0
CUST_02514,56,5,110.78,511.39,One year,Bank transfer,0
CUST_02515,48,54,50.53,2700.21,Month-to-month,Bank transfer,1
CUST_02516,73,2,39.6,82.88,One year,Electronic check,0
CUST_02517,64,29,112.6,3260.78,One year,Electronic check,0
CUST_02518,60,16,30.54,545.47,Two year,Mailed check,0
CUST_02519,67,48,25.18,1106.3,One year,Credit card,0
CUST_02520,40,3,107.94,315.11,Two year,Electronic check,1
CUST_02521,61,27,90.09,2403.71,One year,Bank transfer,0
CUST_02522,55,20,62.21,1183.53,One year,Credit card,0
CUST_02523,37,15,95.23,1387.28,Month-to-month,Credit card,1
CUST_02524,40,16,94.14,1414.82,Month-to-month,Credit card,1
CUST_02525,62,30,24.01,712.35,One year,Credit card,0
CUST_02526,69,66,87.62,5783.03,Two year,Electronic check,1
CUST_02527,33,2,84.09,98.02,Month-to-month,Credit card,1
CUST_02528,67,0,116.38,0.0,Month-to-month,Credit card,1
CUST_02529,59,39,116.66,4553.56,Month-to-month,Bank transfer,1
CUST_02530,72,2,57.78,69.41,Two year,Electronic check,0
CUST_02531,25,72,78.98,5691.15,Month-to-month,Bank transfer,1
CUST_02532,67,23,34.14,787.8,Month-to-month,Electronic check,0
CUST_02533,38,25,26.65,656.65,Month-to-month,Mailed check,0
CUST_02534,18,5,63.28,355.6,Month-to-month,Bank transfer,0
CUST_02535,72,6,88.99,586.2,One year,Bank transfer,1
CUST_02536,25,25,76.78,1974.01,Two year,Credit card,0
CUST_02537,46,57,62.97,3546.12,Month-to-month,Bank transfer,1
CUST_02538,49,72,101.81,7320.88,Month-to-month,Bank transfer,0
CUST_02539,55,5,99.44,398.51,Two year,Credit card,0
CUST_02540,22,3,93.19,313.82,Two year,Bank transfer,1
CUST_02541,64,1,27.7,70.13,Month-to-month,Bank transfer,1
CUST_02542,39,48,99.65,4838.72,Month-to-month,Bank transfer,1
CUST_02543,64,8,111.94,988.52,Two year,Bank transfer,1
CUST_02544,51,0,25.94,53.33,One year,Credit card,0
CUST_02545,18,6,60.17,387.85,Two year,Mailed check,0
CUST_02546,72,9,118.84,1074.55,Month-to-month,Mailed check,1
CUST_02547,72,72,79.92,5884.25,One year,Mailed check,0
CUST_02548,43,17,71.36,1226.29,One year,Credit card,1
CUST_02549,60,5,37.74,309.22,Two year,Credit card,0
CUST_02550,27,9,76.55,654.86,Two year,Mailed check,0
CUST_02551,47,9,63.9,559.52,Month-to-month,Electronic check,1
CUST_02552,67,0,32.74,38.0,One year,Bank transfer,0
CUST_02553,35,3,66.43,49.03,Month-to-month,Credit card,1
CUST_02554,34,28,36.44,1008.34,Two year,Electronic check,0
CUST_02555,43,3,93.07,339.1,One year,Bank transfer,0
CUST_02556,25,6,117.36,685.13,Two year,Electronic check,1
CUST_02557,64,10,66.96,669.58,Month-to-month,Credit card,1
CUST_02558,57,34,83.24,2751.2,Month-to-month,Bank transfer,1
CUST_02559,66,20,63.1,1241.63,Month-to-month,Bank transfer,1
CUST_02560,29,28,33.85,906.65,Month-to-month,Electronic check,1
CUST_02561,44,20,117.06,2378.84,Month-to-month,Bank transfer,1
CUST_02562,25,27,32.96,930.32,Two year,Mailed check,0
CUST_02563,42,0,31.16,0.0,One year,Bank transfer,0
CUST_02564,63,64,65.92,4171.52,One year,Bank transfer,0
CUST_02565,21,2,85.89,249.84,Two year,Bank transfer,1
CUST_02566,50,12,55.49,599.96,Two year,Credit card,0
CUST_02567,18,35,39.25,1412.79,One year,Electronic check,0
CUST_02568,36,13,101.9,1326.64,Month-to-month,Electronic check,1
CUST_02569,48,70,56.31,3997.42,Month-to-month,Credit card,0
CUST_02570,33,15,39.43,601.54,One year,Bank transfer,0
CUST_02571,31,49,56.51,2742.51,One year,Electronic check,0
CUST_02572,70,39,41.46,1558.7,One year,Electronic check,0
CUST_02573,65,72,71.94,5122.69,One year,Bank transfer,0
CUST_02574,22,62,86.83,5320.38,Two year,Electronic check,0
CUST_02575,58,54,99.96,5392.18,Two year,Credit card,0
CUST_02576,43,31,42.76,1366.14,Two year,Bank transfer,0
CUST_02577,45,10,36.7,321.15,Two year,Credit card,0
CUST_02578,19,2,21.96,0.0,Month-to-month,Credit card,0
CUST_02579,67,28,42.81,1207.65,Month-to-month,Bank transfer,0
CUST_02580,23,72,22.39,1681.61,Month-to-month,Mailed check,1
CUST_02581,26,31,54.55,1729.68,One year,Bank transfer,0
CUST_02582,50,63,34.57,2173.34,One year,Credit card,0
CUST_02583,58,39,77.99,2990.24,Month-to-month,Bank transfer,0
CUST_02584,42,4,58.37,235.89,Two year,Electronic check,1
CUST_02585,65,6,29.36,220.4,Month-to-month,Bank transfer,0
CUST_02586,30,10,59.99,629.09,Two year,Mailed check,0
CUST_02587,26,4,40.93,176.62,One year,Electronic check,0
CUST_02588,70,20,88.02,1815.89,Month-to-month,Mailed check,1
CUST_02589,30,72,56.44,4138.55,Month-to-month,Electronic check,0
CUST_02590,48,34,34.7,1221.6,Month-to-month,Credit card,0
CUST_02591,58,13,54.96,614.4,Month-to-month,Electronic check,1
CUST_02592,28,0,42.44,48.34,One year,Mailed check,0
CUST_02593,21,9,99.58,888.85,Month-to-month,Bank transfer,1
CUST_02594,51,17,118.34,2018.48,Two year,Credit card,1
CUST_02595,55,9,22.55,190.26,Month-to-month,Mailed check,1
CUST_02596,63,2,89.0,144.04,Month-to-month,Bank transfer,1
CUST_02597,21,14,46.4,531.01,Two year,Mailed check,0
CUST_02598,55,7,26.64,201.38,One year,Electronic check,1
CUST_02599,36,57,21.44,1156.88,One year,Mailed check,0
CUST_02600,23,2,108.1,242.24,Month-to-month,Bank transfer,1
CUST_02601,51,1,55.36,35.57,Month-to-month,Bank transfer,0
CUST_02602,35,0,119.45,56.08,Month-to-month,Mailed check,1
CUST_02603,30,9,64.24,665.28,One year,Electronic check,0
CUST_02604,58,25,38.76,962.59,Month-to-month,Electronic check,0
CUST_02605,40,31,97.71,3003.14,One year,Credit card,0
CUST_02606,36,14,112.65,1540.76,Two year,Bank transfer,0
CUST_02607,62,27,101.56,2764.61,Month-to-month,Bank transfer,1
CUST_02608,28,10,94.52,916.24,Two year,Bank transfer,0
CUST_02609,18,26,53.47,1388.95,Month-to-month,Bank transfer,0
CUST_02610,41,0,26.45,0.0,Two year,Electronic check,0
CUST_02611,71,11,40.13,444.01,Two year,Electronic check,0
CUST_02612,24,37,64.68,2476.37,Month-to-month,Electronic check,1
CUST_02613,42,38,115.62,4356.69,Two year,Credit card,1
CUST_02614,38,30,92.29,2769.43,Month-to-month,Credit card,0
CUST_02615,32,5,102.83,538.7,Month-to-month,Bank transfer,1
CUST_02616,18,6,47.73,353.16,One year,Electronic check,1
CUST_02617,29,72,88.38,6421.03,Two year,Mailed check,1
CUST_02618,24,2,106.24,248.82,Two year,Mailed check,0
CUST_02619,32,4,67.94,292.17,Month-to-month,Bank transfer,0
CUST_02620,38,3,62.99,332.44,One year,Mailed check,0
CUST_02621,36,9,91.94,862.86,Month-to-month,Credit card,0
CUST_02622,46,5,75.99,394.39,One year,Bank transfer,1
CUST_02623,42,16,119.32,1969.37,One year,Electronic check,0
CUST_02624,50,15,62.51,966.59,Month-to-month,Mailed check,1
CUST_02625,66,55,37.59,2194.63,One year,Electronic check,0
CUST_02626,49,0,67.19,0.0,Two year,Electronic check,0
CUST_02627,66,9,43.52,389.28,One year,Credit card,1
CUST_02628,52,21,76.13,1531.98,Two year,Bank transfer,0
CUST_02629,61,22,32.58,711.23,Month-to-month,Electronic check,1
CUST_02630,55,15,115.0,1666.17,Two year,Mailed check,1
CUST_02631,43,40,105.98,4245.28,Month-to-month,Mailed check,0
CUST_02632,28,1,35.56,0.87,One year,Bank transfer,0
CUST_02633,52,40,37.24,1529.05,One year,Bank transfer,1
CUST_02634,25,16,71.24,1115.21,Two year,Electronic check,1
CUST_02635,63,3,97.29,327.44,Month-to-month,Bank transfer,1
CUST_02636,31,52,41.91,2168.78,Month-to-month,Electronic check,0
CUST_02637,27,25,26.1,712.06,One year,Bank transfer,0
CUST_02638,19,4,74.55,293.57,Month-to-month,Electronic check,1
CUST_02639,63,0,89.16,0.0,One year,Electronic check,1
CUST_02640,26,3,44.44,42.33,Month-to-month,Electronic check,1
CUST_02641,20,22,93.98,2000.1,Month-to-month,Electronic check,1
CUST_02642,38,4,115.06,497.6,Month-to-month,Electronic check,1
CUST_02643,43,6,33.71,138.06,Month-to-month,Credit card,1
CUST_02644,25,0,71.1,47.78,Two year,Mailed check,0
CUST_02645,65,30,25.68,748.66,One year,Bank transfer,0
CUST_02646,19,39,40.67,1585.41,One year,Bank transfer,0
CUST_02647,23,38,28.98,1129.38,Month-to-month,Electronic check,1
CUST_02648,45,3,60.4,234.98,Month-to-month,Mailed check,1
CUST_02649,70,56,102.08,5643.53,Month-to-month,Credit card,1
CUST_02650,46,26,77.71,1951.44,Month-to-month,Electronic check,0
CUST_02651,43,54,42.26,2268.94,Two year,Credit card,0
CUST_02652,42,14,24.01,395.94,Two year,Credit card,0
CUST_02653,29,13,75.34,980.38,Two year,Credit card,0
CUST_02654,22,36,33.28,1256.05,One year,Electronic check,0
CUST_02655,51,2,54.27,25.92,One year,Bank transfer,1
CUST_02656,65,17,71.02,1179.19,Two year,Bank transfer,1
CUST_02657,54,43,110.37,4749.63,One year,Electronic check,1
CUST_02658,32,42,28.18,1129.91,One year,Bank transfer,0
CUST_02659,61,72,86.86,6196.35,One year,Credit card,0
CUST_02660,53,28,21.41,559.32,One year,Credit card,0
CUST_02661,32,5,82.99,395.76,One year,Electronic check,1
CUST_02662,60,0,75.15,0.0,One year,Electronic check,1
CUST_02663,65,15,101.19,1578.74,One year,Electronic check,0
CUST_02664,40,17,73.17,1253.98,Two year,Electronic check,0
CUST_02665,23,6,55.26,347.27,Month-to-month,Mailed check,1
CUST_02666,63,3,44.28,147.01,One year,Credit card,0
CUST_02667,67,21,28.52,677.82,Month-to-month,Bank transfer,0
CUST_02668,61,34,73.46,2598.64,Two year,Credit card,0
CUST_02669,60,72,108.83,7821.89,Month-to-month,Mailed check,0
CUST_02670,62,34,71.47,2456.56,Month-to-month,Bank transfer,1
CUST_02671,38,37,93.91,3459.78,Two year,Credit card,0
CUST_02672,40,22,49.84,1140.74,One year,Credit card,0
CUST_02673,60,72,64.81,4737.08,Month-to-month,Credit card,0
CUST_02674,72,24,52.46,1258.74,Month-to-month,Bank transfer,1
CUST_02675,33,47,30.93,1501.03,Two year,Credit card,0
CUST_02676,64,69,61.7,4240.99,Month-to-month,Mailed check,0
CUST_02677,70,63,96.43,6133.11,Month-to-month,Credit card,1
CUST_02678,32,11,59.5,609.98,One year,Credit card,0
CUST_02679,42,1,85.02,31.33,One year,Electronic check,1
CUST_02680,53,4,95.86,413.53,One year,Credit card,0
CUST_02681,28,1,52.27,109.39,One year,Electronic check,0
CUST_02682,68,2,99.75,232.05,Two year,Credit card,0
CUST_02683,32,4,53.89,268.5,Two year,Bank transfer,0
CUST_02684,21,10,45.61,413.55,One year,Bank transfer,0
CUST_02685,38,18,42.24,756.9,Month-to-month,Electronic check,1
CUST_02686,30,29,39.99,1080.86,One year,Electronic check,0
CUST_02687,39,5,93.71,408.87,One year,Credit card,0
CUST_02688,36,26,108.75,2900.26,One year,Mailed check,0
CUST_02689,51,29,43.06,1230.3,Month-to-month,Credit card,0
CUST_02690,31,19,28.52,634.75,One year,Bank transfer,0
CUST_02691,21,56,51.38,2885.63,Two year,Bank transfer,0
CUST_02692,65,2,85.78,160.53,Month-to-month,Bank transfer,0
CUST_02693,70,4,56.85,214.94,One year,Electronic check,0
CUST_02694,69,13,74.92,1024.08,One year,Mailed check,0
CUST_02695,63,3,94.43,277.35,Month-to-month,Bank transfer,0
CUST_02696,44,20,60.85,1219.1,One year,Credit card,1
CUST_02697,46,12,119.97,1455.23,Month-to-month,Bank transfer,1
CUST_02698,64,8,49.79,331.15,One year,Electronic check,0
CUST_02699,45,4,117.82,476.17,One year,Credit card,1
CUST_02700,52,9,40.3,360.21,One year,Bank transfer,0
CUST_02701,25,22,31.09,706.81,Month-to-month,Bank transfer,1
CUST_02702,33,20,95.08,1951.23,Month-to-month,Credit card,1
CUST_02703,59,4,90.23,349.11,One year,Bank transfer,1
CUST_02704,53,3,101.12,328.68,Month-to-month,Bank transfer,1
CUST_02705,47,0,54.36,0.0,Month-to-month,Bank transfer,1
CUST_02706,35,0,113.08,99.75,Month-to-month,Electronic check,1
CUST_02707,19,50,31.95,1674.55,One year,Bank transfer,0
CUST_02708,66,1,23.03,6.36,Two year,Electronic check,1
CUST_02709,30,31,50.06,1557.23,Two year,Bank transfer,1
CUST_02710,21,49,99.73,4777.98,Month-to-month,Electronic check,1
CUST_02711,43,2,87.3,208.13,Month-to-month,Electronic check,1
CUST_02712,42,13,63.62,790.37,One year,Credit card,0
CUST_02713,47,72,45.63,3204.0,Two year,Mailed check,0
CUST_02714,28,43,25.93,1132.24,Month-to-month,Bank transfer,0
CUST_02715,24,16,53.75,814.59,Month-to-month,Bank transfer,1
CUST_02716,48,34,66.0,2192.52,Month-to-month,Mailed check,1
CUST_02717,61,43,88.7,3853.03,One year,Bank transfer,0
CUST_02718,27,10,84.6,927.59,Month-to-month,Credit card,1
CUST_02719,56,53,114.73,6094.65,Two year,Electronic check,1
CUST_02720,30,15,30.04,513.51,One year,Mailed check,0
CUST_02721,48,18,53.63,948.37,Month-to-month,Electronic check,0
CUST_02722,24,72,68.16,4937.15,Month-to-month,Mailed check,0
CUST_02723,73,44,87.07,3843.24,Month-to-month,Credit card,0
CUST_02724,66,10,69.55,718.29,One year,Credit card,0
CUST_02725,59,0,111.28,0.0,One year,Mailed check,1
CUST_02726,59,23,80.87,1738.53,Month-to-month,Electronic check,1
CUST_02727,73,29,23.97,765.08,One year,Mailed check,0
CUST_02728,53,25,31.37,771.62,One year,Credit card,0
CUST_02729,37,72,95.35,6771.96,Month-to-month,Electronic check,1
CUST_02730,21,47,91.58,4303.57,Month-to-month,Bank transfer,0
CUST_02731,71,14,35.35,513.64,Month-to-month,Bank transfer,0
CUST_02732,24,1,25.89,28.39,Month-to-month,Electronic check,0
CUST_02733,71,15,77.87,1181.24,One year,Bank transfer,0
CUST_02734,18,28,83.57,2344.89,Month-to-month,Electronic check,0
CUST_02735,61,22,33.53,721.55,Month-to-month,Electronic check,0
CUST_02736,73,18,67.36,1221.29,Two year,Mailed check,0
CUST_02737,62,15,50.58,751.0,Month-to-month,Electronic check,1
CUST_02738,59,8,113.13,915.0,Month-to-month,Credit card,1
CUST_02739,64,7,41.92,313.29,One year,Bank transfer,1
CUST_02740,30,16,93.33,1522.35,Month-to-month,Credit card,1
CUST_02741,72,4,71.81,262.47,Month-to-month,Bank transfer,1
CUST_02742,39,9,21.15,224.39,One year,Electronic check,0
CUST_02743,71,9,71.7,667.35,Two year,Mailed check,0
CUST_02744,38,21,29.95,690.37,Month-to-month,Credit card,0
CUST_02745,39,1,85.91,95.57,Two year,Mailed check,0
CUST_02746,45,42,76.55,3265.66,One year,Bank transfer,0
CUST_02747,26,19,21.04,288.72,One year,Mailed check,0
CUST_02748,43,26,40.47,999.33,One year,Electronic check,0
CUST_02749,26,29,97.62,2886.61,Month-to-month,Electronic check,0
CUST_02750,32,8,47.58,397.37,Month-to-month,Electronic check,0
CUST_02751,27,15,69.93,996.43,Month-to-month,Mailed check,0
CUST_02752,41,72,51.2,3695.75,Month-to-month,Electronic check,0
CUST_02753,74,34,112.15,3866.63,Two year,Bank transfer,0
CUST_02754,59,72,73.66,5241.85,One year,Bank transfer,0
CUST_02755,25,32,89.62,2881.92,One year,Bank transfer,0
CUST_02756,41,4,28.35,222.82,One year,Electronic check,0
CUST_02757,33,1,24.03,0.0,Two year,Bank transfer,0
CUST_02758,66,20,45.92,873.01,Two year,Mailed check,0
CUST_02759,43,10,50.91,386.17,One year,Credit card,0
CUST_02760,44,7,88.77,603.04,Month-to-month,Bank transfer,1
CUST_02761,54,39,76.91,3045.79,Month-to-month,Electronic check,1
CUST_02762,21,10,57.46,548.73,Month-to-month,Electronic check,1
CUST_02763,67,9,85.41,898.77,Month-to-month,Bank transfer,1
CUST_02764,41,45,36.36,1806.55,Month-to-month,Mailed check,0
CUST_02765,36,44,26.35,1249.65,Two year,Electronic check,0
CUST_02766,53,10,105.45,1018.61,Two year,Mailed check,1
CUST_02767,56,42,76.39,3223.97,One year,Electronic check,0
CUST_02768,27,45,84.91,3791.64,One year,Mailed check,0
CUST_02769,42,13,50.72,626.87,One year,Mailed check,0
CUST_02770,35,1,57.2,74.4,Month-to-month,Credit card,1
CUST_02771,36,0,28.24,0.0,Two year,Electronic check,1
CUST_02772,53,17,105.7,1702.27,Month-to-month,Credit card,1
CUST_02773,27,10,79.24,722.55,One year,Bank transfer,0
CUST_02774,50,72,28.36,2055.38,Month-to-month,Electronic check,0
CUST_02775,72,35,100.45,3610.5,Two year,Credit card,0
CUST_02776,67,34,64.41,2236.94,One year,Bank transfer,0
CUST_02777,22,72,96.51,6943.16,One year,Electronic check,0
CUST_02778,64,52,21.26,1143.6,Month-to-month,Bank transfer,1
CUST_02779,66,9,22.87,202.44,Month-to-month,Credit card,1
CUST_02780,52,4,37.08,201.71,One year,Credit card,0
CUST_02781,61,32,41.09,1352.67,Month-to-month,Bank transfer,0
CUST_02782,51,11,96.4,940.8,Two year,Bank transfer,0
CUST_02783,50,15,90.67,1327.6,Two year,Electronic check,0
CUST_02784,72,23,81.61,1911.12,One year,Credit card,0
CUST_02785,38,57,108.49,6224.7,Month-to-month,Electronic check,0
CUST_02786,34,13,44.71,558.06,Two year,Electronic check,0
CUST_02787,39,36,110.44,3868.84,Month-to-month,Credit card,1
CUST_02788,65,7,110.95,787.17,Month-to-month,Electronic check,1
CUST_02789,54,28,63.43,1699.44,Month-to-month,Bank transfer,0
CUST_02790,32,0,29.44,0.0,Month-to-month,Bank transfer,1
CUST_02791,52,49,92.66,4610.78,One year,Credit card,1
CUST_02792,45,0,53.69,0.0,Month-to-month,Mailed check,1
CUST_02793,24,29,99.49,2849.85,One year,Bank transfer,1
CUST_02794,49,1,36.37,30.0,One year,Electronic check,0
CUST_02795,28,7,73.95,563.12,One year,Electronic check,0
CUST_02796,27,16,70.81,1120.51,Month-to-month,Credit card,1
CUST_02797,26,13,30.03,463.84,Two year,Bank transfer,0
CUST_02798,31,5,56.33,235.61,One year,Electronic check,1
CUST_02799,30,9,28.48,204.19,Month-to-month,Mailed check,1
CUST_02800,74,31,66.47,2084.17,One year,Electronic check,0
CUST_02801,42,26,104.29,2676.66,Month-to-month,Bank transfer,1
CUST_02802,19,1,47.02,71.01,Month-to-month,Electronic check,0
CUST_02803,52,33,96.49,3298.75,Two year,Electronic check,0
CUST_02804,24,1,38.34,0.0,Month-to-month,Mailed check,1
CUST_02805,38,18,87.37,1589.02,One year,Credit card,1
CUST_02806,35,7,111.55,827.04,Month-to-month,Bank transfer,1
CUST_02807,20,21,52.39,1067.26,Two year,Bank transfer,0
CUST_02808,59,7,110.04,770.93,Month-to-month,Electronic check,1
CUST_02809,71,72,70.54,4963.87,Month-to-month,Bank transfer,0
CUST_02810,56,8,51.68,413.31,One year,Credit card,1
CUST_02811,58,6,109.65,608.17,One year,Bank transfer,1
CUST_02812,66,7,23.2,113.27,One year,Electronic check,0
CUST_02813,28,54,22.8,1220.86,One year,Credit card,0
CUST_02814,56,24,79.98,1897.1,Month-to-month,Bank transfer,0
CUST_02815,41,31,99.68,3028.1,Month-to-month,Mailed check,0
CUST_02816,63,60,95.15,5787.18,One year,Bank transfer,1
CUST_02817,36,58,27.95,1628.5,One year,Electronic check,0
CUST_02818,21,32,115.03,3700.65,Month-to-month,Electronic check,1
CUST_02819,43,5,90.31,423.3,One year,Credit card,1
CUST_02820,55,44,114.91,5052.99,Two year,Mailed check,1
CUST_02821,59,5,52.91,160.3,One year,Credit card,0
CUST_02822,49,32,89.39,2805.73,Month-to-month,Credit card,1
CUST_02823,56,27,105.99,2936.3,One year,Bank transfer,1
CUST_02824,62,34,58.05,2004.76,Month-to-month,Bank transfer,1
CUST_02825,63,18,116.49,2072.68,Month-to-month,Credit card,1
CUST_02826,53,24,46.5,1135.57,One year,Bank transfer,0
CUST_02827,57,72,51.56,3624.87,Month-to-month,Mailed check,1
CUST_02828,54,2,112.03,203.84,Month-to-month,Credit card,1
CUST_02829,50,8,116.97,935.95,Month-to-month,Electronic check,1
CUST_02830,53,22,48.52,1106.9,Month-to-month,Electronic check,1
CUST_02831,20,72,33.64,2381.66,Month-to-month,Mailed check,0
CUST_02832,26,2,95.91,193.93,Month-to-month,Credit card,1
CUST_02833,25,0,112.97,0.0,Month-to-month,Credit card,1
CUST_02834,50,1,80.07,98.85,Month-to-month,Bank transfer,1
CUST_02835,23,1,83.45,95.26,Two year,Electronic check,1
CUST_02836,58,57,96.29,5486.44,One year,Mailed check,1
CUST_02837,56,30,35.31,1076.33,Month-to-month,Bank transfer,0
CUST_02838,21,27,117.35,3138.36,Two year,Electronic check,0
CUST_02839,30,17,56.43,933.13,Month-to-month,Bank transfer,0
CUST_02840,66,36,82.82,2903.23,One year,Bank transfer,0
CUST_02841,19,4,66.86,302.6,Month-to-month,Bank transfer,1
CUST_02842,22,11,66.82,728.37,Two year,Bank transfer,0
CUST_02843,61,16,90.27,1390.33,Month-to-month,Electronic check,1
CUST_02844,44,2,119.47,199.46,Month-to-month,Bank transfer,1
CUST_02845,49,13,85.91,1199.34,Month-to-month,Electronic check,1
CUST_02846,38,9,99.41,881.69,Two year,Mailed check,1
CUST_02847,25,0,22.76,21.07,Month-to-month,Mailed check,0
CUST_02848,55,3,101.04,277.5,Month-to-month,Electronic check,1
CUST_02849,25,34,50.0,1642.58,Month-to-month,Electronic check,0
CUST_02850,67,0,32.67,2.03,Two year,Electronic check,0
CUST_02851,20,65,31.33,2091.5,Month-to-month,Mailed check,0
CUST_02852,71,2,87.99,249.74,One year,Electronic check,1
CUST_02853,61,38,119.76,4618.96,Month-to-month,Electronic check,1
CUST_02854,20,54,86.62,4710.18,One year,Electronic check,0
CUST_02855,39,67,46.23,3125.66,Month-to-month,Bank transfer,1
CUST_02856,23,48,40.33,1890.25,Month-to-month,Bank transfer,0
CUST_02857,19,8,72.6,584.72,Two year,Mailed check,0
CUST_02858,40,9,26.5,288.58,One year,Bank transfer,0
CUST_02859,61,13,59.93,850.92,Two year,Bank transfer,0
CUST_02860,19,3,86.62,256.49,One year,Credit card,1
CUST_02861,55,0,116.77,0.0,One year,Electronic check,1
CUST_02862,34,48,62.57,2957.41,One year,Bank transfer,0
CUST_02863,52,19,40.02,760.34,One year,Bank transfer,0
CUST_02864,51,22,101.74,2297.1,Month-to-month,Bank transfer,1
CUST_02865,40,62,94.42,5829.66,Month-to-month,Bank transfer,0
CUST_02866,47,26,105.97,2788.67,Month-to-month,Credit card,0
CUST_02867,69,28,41.47,1219.5,Month-to-month,Credit card,0
CUST_02868,25,37,60.48,2217.85,Month-to-month,Bank transfer,0
CUST_02869,39,2,118.16,227.69,Two year,Mailed check,1
CUST_02870,61,10,35.8,421.71,Two year,Credit card,0
CUST_02871,53,72,87.15,6293.4,One year,Bank transfer,1
CUST_02872,22,61,43.72,2748.45,Month-to-month,Credit card,1
CUST_02873,30,51,70.02,3574.03,Month-to-month,Bank transfer,0
CUST_02874,46,14,100.05,1459.46,One year,Electronic check,0
CUST_02875,48,46,68.86,3110.67,One year,Mailed check,1
CUST_02876,64,1,100.55,140.02,One year,Bank transfer,0
CUST_02877,74,3,62.63,169.0,Two year,Credit card,0
CUST_02878,72,12,119.94,1375.72,Month-to-month,Credit card,1
CUST_02879,33,15,63.58,930.92,Month-to-month,Credit card,1
CUST_02880,59,7,34.94,237.93,Month-to-month,Bank transfer,1
CUST_02881,47,10,60.19,631.27,Month-to-month,Electronic check,0
CUST_02882,74,4,94.26,372.34,Month-to-month,Bank transfer,1
CUST_02883,72,16,104.79,1582.47,Two year,Electronic check,1
CUST_02884,33,37,66.01,2426.63,Two year,Credit card,0
CUST_02885,29,25,79.45,1986.67,Two year,Credit card,0
CUST_02886,34,2,104.49,241.74,Two year,Credit card,1
CUST_02887,33,16,101.35,1668.53,Two year,Mailed check,1
CUST_02888,29,28,85.77,2366.25,Two year,Electronic check,0
CUST_02889,25,18,101.5,1790.71,One year,Bank transfer,1
CUST_02890,37,11,77.59,813.73,Month-to-month,Electronic check,1
CUST_02891,20,23,20.46,422.03,Month-to-month,Bank transfer,0
CUST_02892,33,72,24.13,1656.31,Month-to-month,Bank transfer,0
CUST_02893,47,2,117.98,260.16,Month-to-month,Credit card,1
CUST_02894,62,11,34.5,510.72,Two year,Electronic check,1
CUST_02895,40,12,60.45,768.84,One year,Credit card,1
CUST_02896,45,20,113.38,2316.35,Month-to-month,Bank transfer,1
CUST_02897,68,3,39.5,141.6,Month-to-month,Credit card,1
CUST_02898,57,4,104.38,350.15,Month-to-month,Electronic check,1
CUST_02899,71,8,101.83,799.19,Month-to-month,Electronic check,0
CUST_02900,22,72,118.63,8576.23,Month-to-month,Credit card,1
CUST_02901,37,31,48.17,1429.46,Month-to-month,Mailed check,1
CUST_02902,57,26,51.53,1315.67,Month-to-month,Mailed check,0
CUST_02903,73,40,110.29,4346.14,One year,Credit card,0
CUST_02904,61,3,43.41,105.37,Month-to-month,Mailed check,1
CUST_02905,18,47,74.79,3614.4,One year,Electronic check,0
CUST_02906,74,21,90.73,1986.47,Month-to-month,Electronic check,1
CUST_02907,47,9,47.19,432.83,Month-to-month,Mailed check,1
CUST_02908,38,40,113.84,4631.76,One year,Bank transfer,0
CUST_02909,37,38,86.57,3323.19,Month-to-month,Electronic check,1
CUST_02910,23,44,24.71,1074.62,Month-to-month,Bank transfer,0
CUST_02911,39,2,33.57,5.46,Two year,Bank transfer,0
CUST_02912,35,72,39.08,2796.27,One year,Credit card,0
CUST_02913,25,72,44.5,3189.59,One year,Electronic check,0
CUST_02914,56,10,93.07,911.11,Two year,Credit card,1
CUST_02915,49,1,28.89,23.24,Two year,Credit card,0
CUST_02916,50,4,55.06,168.23,Month-to-month,Bank transfer,0
CUST_02917,70,72,111.14,7937.39,Two year,Mailed check,0
CUST_02918,33,19,75.67,1369.92,Two year,Electronic check,0
CUST_02919,29,10,46.55,487.77,Month-to-month,Electronic check,1
CUST_02920,55,8,115.71,877.85,One year,Bank transfer,1
CUST_02921,69,7,44.43,321.56,Month-to-month,Electronic check,1
CUST_02922,51,26,110.51,2875.62,One year,Credit card,0
CUST_02923,31,13,92.58,1220.81,One year,Credit card,0
CUST_02924,53,72,94.05,6754.42,Month-to-month,Electronic check,1
CUST_02925,50,27,96.49,2550.52,Two year,Mailed check,1
CUST_02926,40,37,70.66,2701.01,Two year,Credit card,0
CUST_02927,67,8,101.46,776.62,Two year,Bank transfer,0
CUST_02928,62,1,103.62,200.33,Month-to-month,Bank transfer,1
CUST_02929,19,16,56.05,829.87,Month-to-month,Bank transfer,1
CUST_02930,58,9,60.03,489.58,Two year,Electronic check,1
CUST_02931,38,5,108.88,454.65,Month-to-month,Credit card,1
CUST_02932,19,72,72.47,5222.0,One year,Credit card,1
CUST_02933,44,14,106.69,1526.22,Two year,Electronic check,0
CUST_02934,74,4,82.68,256.98,Month-to-month,Electronic check,1
CUST_02935,26,5,79.36,398.28,Month-to-month,Credit card,1
CUST_02936,18,7,23.1,141.12,Month-to-month,Bank transfer,0
CUST_02937,28,72,47.79,3336.94,Month-to-month,Electronic check,0
CUST_02938,20,7,70.21,486.31,One year,Electronic check,1
CUST_02939,69,9,78.73,754.59,Month-to-month,Electronic check,1
CUST_02940,40,25,83.04,2149.27,Month-to-month,Credit card,0
CUST_02941,43,8,91.62,649.55,Two year,Bank transfer,0
CUST_02942,21,5,85.62,479.21,Month-to-month,Bank transfer,1
CUST_02943,35,4,104.86,459.49,One year,Credit card,1
CUST_02944,72,8,49.55,377.86,Month-to-month,Bank transfer,1
CUST_02945,23,2,84.16,82.27,One year,Bank transfer,0
CUST_02946,52,0,25.12,16.61,Two year,Credit card,0
CUST_02947,39,39,68.02,2567.87,One year,Electronic check,1
CUST_02948,60,3,46.8,156.13,One year,Credit card,0
CUST_02949,32,35,58.09,2003.73,Month-to-month,Electronic check,0
CUST_02950,39,38,55.47,2065.35,Month-to-month,Bank transfer,1
CUST_02951,54,18,26.04,482.88,Two year,Mailed check,0
CUST_02952,69,8,66.66,648.52,Two year,Credit card,0
CUST_02953,59,3,119.46,431.31,One year,Bank transfer,1
CUST_02954,29,32,49.89,1596.06,Two year,Electronic check,1
CUST_02955,64,22,93.61,2074.11,Month-to-month,Electronic check,0
CUST_02956,66,25,74.78,1864.06,One year,Mailed check,1
CUST_02957,59,0,52.52,0.0,Month-to-month,Bank transfer,0
CUST_02958,55,62,28.96,1876.0,One year,Bank transfer,0
CUST_02959,35,1,41.59,55.8,Month-to-month,Credit card,1
CUST_02960,62,10,98.19,1008.18,Two year,Credit card,1
CUST_02961,52,12,47.9,595.2,One year,Bank transfer,0
CUST_02962,47,0,34.43,0.0,Month-to-month,Bank transfer,1
CUST_02963,41,16,53.13,797.89,One year,Electronic check,0
CUST_02964,59,33,78.4,2544.01,One year,Credit card,1
CUST_02965,47,41,90.35,3720.1,Month-to-month,Electronic check,0
CUST_02966,31,50,58.74,2966.98,Month-to-month,Mailed check,0
CUST_02967,23,16,69.81,1056.95,Month-to-month,Bank transfer,0
CUST_02968,20,23,65.49,1471.7,Month-to-month,Credit card,0
CUST_02969,33,1,20.9,0.0,One year,Bank transfer,0
CUST_02970,24,16,59.56,905.92,Month-to-month,Credit card,0
CUST_02971,69,4,78.73,212.08,One year,Electronic check,0
CUST_02972,31,11,76.99,781.17,One year,Bank transfer,1
CUST_02973,26,9,94.98,852.71,Two year,Mailed check,0
CUST_02974,32,13,87.04,1159.76,One year,Credit card,1
CUST_02975,38,20,47.68,919.24,One year,Mailed check,0
CUST_02976,52,55,45.56,2528.48,Month-to-month,Bank transfer,1
CUST_02977,19,12,66.41,801.63,Month-to-month,Electronic check,1
CUST_02978,44,72,93.3,6752.41,Month-to-month,Mailed check,1
CUST_02979,19,34,29.38,1081.35,One year,Electronic check,0
CUST_02980,52,17,114.83,1908.15,Month-to-month,Electronic check,1
CUST_02981,35,24,74.32,1759.63,Month-to-month,Electronic check,0
CUST_02982,31,2,50.64,39.78,Two year,Mailed check,1
CUST_02983,37,44,89.34,4006.51,One year,Electronic check,0
CUST_02984,35,20,24.47,467.58,Two year,Electronic check,0
CUST_02985,27,72,68.44,4939.54,Two year,Electronic check,0
CUST_02986,42,24,68.6,1678.77,Month-to-month,Mailed check,1
CUST_02987,19,43,36.2,1628.14,Two year,Bank transfer,0
CUST_02988,42,38,103.74,3867.76,Month-to-month,Credit card,1
CUST_02989,71,10,99.68,1043.78,Two year,Bank transfer,1
CUST_02990,50,7,35.27,149.41,One year,Electronic check,0
CUST_02991,53,13,56.38,675.87,One year,Bank transfer,0
CUST_02992,48,15,30.04,439.54,One year,Electronic check,0
CUST_02993,31,6,104.86,628.19,One year,Credit card,0
CUST_02994,18,53,52.33,2849.6,One year,Mailed check,0
CUST_02995,63,18,63.93,1153.11,Two year,Bank transfer,0
CUST_02996,33,72,52.39,3770.2,Two year,Bank transfer,0
CUST_02997,71,39,51.0,1998.49,One year,Credit card,0
CUST_02998,63,19,94.73,1856.86,One year,Electronic check,1
CUST_02999,69,70,94.76,6597.31,Month-to-month,Credit card,0
CUST_03000,20,16,71.78,1066.41,Two year,Bank transfer,0
CUST_03001,52,52,85.76,4464.27,One year,Credit card,0
CUST_03002,58,10,71.17,715.95,Two year,Bank transfer,0
CUST_03003,23,11,22.86,242.46,One year,Bank transfer,1
CUST_03004,42,12,26.6,401.24,Month-to-month,Bank transfer,1
CUST_03005,30,18,58.37,1092.97,Month-to-month,Credit card,0
CUST_03006,70,19,94.97,1709.3,Month-to-month,Bank transfer,0
CUST_03007,51,16,111.32,1756.02,One year,Bank transfer,1
CUST_03008,25,8,22.97,208.63,Month-to-month,Bank transfer,0
CUST_03009,38,62,56.8,3542.61,One year,Mailed check,0
CUST_03010,51,21,42.38,945.22,Month-to-month,Credit card,0
CUST_03011,21,12,101.52,1293.77,Month-to-month,Electronic check,1
CUST_03012,42,25,104.6,2635.11,Month-to-month,Electronic check,1
CUST_03013,32,35,40.64,1452.93,Month-to-month,Bank transfer,1
CUST_03014,21,72,91.08,6488.86,Month-to-month,Bank transfer,0
CUST_03015,62,16,93.18,1456.79,One year,Mailed check,1
CUST_03016,29,2,37.71,47.8,Month-to-month,Bank transfer,1
CUST_03017,49,13,63.37,752.84,Month-to-month,Credit card,1
CUST_03018,49,15,82.03,1268.4,Two year,Electronic check,0
CUST_03019,45,54,22.61,1227.14,Month-to-month,Bank transfer,1
CUST_03020,30,12,60.46,817.21,Two year,Credit card,0
CUST_03021,48,72,35.5,2588.72,Two year,Mailed check,0
CUST_03022,31,15,74.19,1129.14,One year,Bank transfer,0
CUST_03023,37,72,104.29,7586.94,One year,Electronic check,1
CUST_03024,35,0,72.48,0.0,Month-to-month,Credit card,1
CUST_03025,46,54,23.6,1183.5,Month-to-month,Credit card,0
CUST_03026,23,64,22.97,1517.06,One year,Bank transfer,0
CUST_03027,49,72,80.55,5820.37,Month-to-month,Electronic check,0
CUST_03028,46,0,52.8,0.0,Month-to-month,Bank transfer,1
CUST_03029,60,4,77.27,285.09,Two year,Bank transfer,0
CUST_03030,19,25,36.36,872.68,Month-to-month,Credit card,0
CUST_03031,40,0,97.69,0.0,One year,Electronic check,1
CUST_03032,36,1,106.07,116.57,One year,Electronic check,1
CUST_03033,48,5,108.92,579.57,Month-to-month,Electronic check,0
CUST_03034,68,17,50.41,785.25,Month-to-month,Mailed check,1
CUST_03035,22,18,86.07,1604.73,Month-to-month,Electronic check,1
CUST_03036,36,0,47.9,0.0,One year,Credit card,1
CUST_03037,51,4,96.28,388.3,Month-to-month,Electronic check,1
CUST_03038,27,16,32.05,475.7,One year,Bank transfer,0
CUST_03039,42,21,96.28,2045.08,One year,Bank transfer,1
CUST_03040,19,3,63.97,283.82,Two year,Bank transfer,1
CUST_03041,28,12,105.55,1306.06,Month-to-month,Credit card,1
CUST_03042,67,56,93.89,5235.72,One year,Bank transfer,0
CUST_03043,48,72,57.65,4063.13,Month-to-month,Mailed check,1
CUST_03044,73,72,110.35,7914.59,Month-to-month,Electronic check,0
CUST_03045,32,51,48.33,2437.44,Month-to-month,Credit card,0
CUST_03046,26,12,116.7,1421.15,One year,Credit card,1
CUST_03047,40,27,96.72,2578.58,Two year,Electronic check,1
CUST_03048,36,12,119.07,1389.64,Month-to-month,Bank transfer,1
CUST_03049,26,25,25.39,616.92,One year,Bank transfer,0
CUST_03050,52,8,47.4,376.78,Month-to-month,Bank transfer,1
CUST_03051,38,22,94.13,2054.67,One year,Credit card,1
CUST_03052,26,17,112.22,1887.39,Month-to-month,Electronic check,1
CUST_03053,45,0,22.88,0.0,One year,Bank transfer,0
CUST_03054,63,37,20.0,762.28,One year,Mailed check,0
CUST_03055,68,0,45.62,0.0,One year,Bank transfer,0
CUST_03056,24,8,105.28,887.87,Month-to-month,Mailed check,1
CUST_03057,33,0,96.72,55.52,One year,Bank transfer,1
CUST_03058,33,11,54.03,532.64,Month-to-month,Mailed check,0
CUST_03059,50,1,20.2,106.81,Month-to-month,Bank transfer,0
CUST_03060,21,58,75.47,4432.27,Month-to-month,Bank transfer,1
CUST_03061,21,12,43.8,533.92,Two year,Electronic check,0
CUST_03062,56,14,94.56,1274.45,Two year,Mailed check,0
CUST_03063,57,10,64.63,518.29,Month-to-month,Bank transfer,1
CUST_03064,34,23,87.86,2020.99,One year,Electronic check,1
CUST_03065,54,36,105.23,3794.68,One year,Bank transfer,1
CUST_03066,56,25,73.58,1883.89,Two year,Credit card,0
CUST_03067,69,33,53.6,1670.67,Two year,Electronic check,0
CUST_03068,46,56,96.95,5478.61,One year,Bank transfer,1
CUST_03069,69,47,46.52,2242.82,Month-to-month,Bank transfer,0
CUST_03070,53,26,109.15,2859.24,One year,Mailed check,0
CUST_03071,55,5,27.14,68.14,One year,Electronic check,0
CUST_03072,56,24,103.55,2473.68,Two year,Credit card,1
CUST_03073,67,16,29.16,408.91,Month-to-month,Bank transfer,1
CUST_03074,54,30,25.61,702.68,One year,Electronic check,0
CUST_03075,69,42,56.33,2307.5,One year,Bank transfer,0
CUST_03076,52,32,115.65,3711.77,Month-to-month,Bank transfer,1
CUST_03077,24,44,118.35,5165.89,One year,Credit card,1
CUST_03078,44,1,40.21,28.47,Month-to-month,Credit card,1
CUST_03079,45,0,34.86,33.33,One year,Electronic check,0
CUST_03080,39,7,55.3,386.84,One year,Bank transfer,0
CUST_03081,31,55,53.71,2934.18,Two year,Credit card,1
CUST_03082,24,41,95.96,3927.25,Two year,Bank transfer,1
CUST_03083,54,27,64.4,1818.93,Month-to-month,Bank transfer,1
CUST_03084,39,28,97.99,2808.4,Month-to-month,Mailed check,1
CUST_03085,22,31,94.87,2818.48,One year,Mailed check,1
CUST_03086,72,68,77.83,5268.18,One year,Bank transfer,0
CUST_03087,19,42,103.35,4341.43,Two year,Credit card,0
CUST_03088,44,23,39.56,1012.85,Month-to-month,Electronic check,1
CUST_03089,38,26,36.18,931.42,Two year,Mailed check,0
CUST_03090,71,5,95.07,455.21,Month-to-month,Credit card,1
CUST_03091,55,25,44.48,1100.06,Month-to-month,Electronic check,1
CUST_03092,32,13,20.28,257.83,Month-to-month,Bank transfer,0
CUST_03093,38,3,111.2,344.32,Two year,Mailed check,1
CUST_03094,27,39,82.29,3227.59,One year,Mailed check,0
CUST_03095,40,17,64.49,1086.62,Two year,Electronic check,1
CUST_03096,73,72,92.57,6757.24,One year,Electronic check,1
CUST_03097,56,7,53.33,374.95,Month-to-month,Bank transfer,1
CUST_03098,22,15,115.37,1788.44,One year,Mailed check,1
CUST_03099,18,14,26.86,379.81,Month-to-month,Bank transfer,0
CUST_03100,30,3,84.09,231.38,One year,Electronic check,1
CUST_03101,38,13,97.73,1293.86,Month-to-month,Mailed check,1
CUST_03102,43,8,66.91,415.07,One year,Credit card,1
CUST_03103,67,4,95.5,374.13,One year,Mailed check,1
CUST_03104,62,7,112.69,643.08,Month-to-month,Mailed check,1
CUST_03105,38,6,94.4,505.12,Month-to-month,Electronic check,1
CUST_03106,70,31,50.94,1539.24,Month-to-month,Mailed check,0
CUST_03107,35,0,76.18,0.0,Two year,Credit card,0
CUST_03108,54,23,111.16,2573.42,Month-to-month,Bank transfer,1
CUST_03109,62,34,64.91,2123.42,One year,Bank transfer,0
CUST_03110,49,15,88.17,1297.64,Month-to-month,Bank transfer,0
CUST_03111,53,64,66.55,4241.73,Month-to-month,Electronic check,1
CUST_03112,34,29,32.13,1034.44,One year,Mailed check,1
CUST_03113,52,33,25.86,849.81,One year,Bank transfer,0
CUST_03114,66,5,115.23,512.5,One year,Bank transfer,1
CUST_03115,28,36,81.25,2967.74,One year,Bank transfer,0
CUST_03116,38,42,30.38,1262.41,One year,Mailed check,0
CUST_03117,69,10,105.74,1094.65,Month-to-month,Electronic check,1
CUST_03118,72,5,72.27,411.62,Month-to-month,Credit card,1
CUST_03119,70,11,97.19,1026.42,Month-to-month,Mailed check,1
CUST_03120,43,32,32.68,1025.3,Month-to-month,Bank transfer,1
CUST_03121,21,12,110.69,1309.28,Two year,Mailed check,0
CUST_03122,51,32,79.05,2573.67,One year,Credit card,0
CUST_03123,69,2,93.83,268.78,Month-to-month,Credit card,1
CUST_03124,65,39,23.14,985.48,Two year,Bank transfer,0
CUST_03125,35,7,51.53,350.14,Two year,Bank transfer,0
CUST_03126,57,6,46.74,357.22,Month-to-month,Credit card,0
CUST_03127,52,21,114.96,2432.81,Two year,Bank transfer,1
CUST_03128,58,1,38.53,20.45,Month-to-month,Credit card,1
CUST_03129,46,0,90.71,0.0,Two year,Mailed check,0
CUST_03130,69,7,24.28,193.73,Month-to-month,Electronic check,0
CUST_03131,46,18,39.77,795.77,One year,Credit card,0
CUST_03132,55,57,53.86,3131.35,Month-to-month,Bank transfer,0
CUST_03133,59,44,99.45,4336.03,Two year,Bank transfer,0
CUST_03134,38,16,99.0,1601.3,Month-to-month,Credit card,1
CUST_03135,59,0,115.26,0.0,Month-to-month,Credit card,1
CUST_03136,30,18,111.68,2020.74,One year,Electronic check,0
CUST_03137,66,29,28.15,839.65,One year,Bank transfer,0
CUST_03138,58,9,102.99,942.57,One year,Bank transfer,1
CUST_03139,34,2,65.12,179.86,One year,Credit card,1
CUST_03140,73,7,106.59,710.21,One year,Mailed check,1
CUST_03141,26,35,28.93,1079.42,Month-to-month,Electronic check,1
CUST_03142,58,10,102.28,1004.27,Month-to-month,Electronic check,1
CUST_03143,18,40,35.96,1381.57,Month-to-month,Electronic check,1
CUST_03144,19,9,53.38,530.62,Two year,Electronic check,1
CUST_03145,65,4,22.88,114.42,Month-to-month,Mailed check,0
CUST_03146,46,13,32.37,469.36,Month-to-month,Bank transfer,0
CUST_03147,50,14,64.57,911.56,One year,Electronic check,0
CUST_03148,27,0,101.83,0.0,Month-to-month,Bank transfer,1
CUST_03149,67,2,97.37,152.81,Month-to-month,Bank transfer,1
CUST_03150,57,4,43.53,179.98,One year,Bank transfer,0
CUST_03151,38,2,35.17,67.41,Month-to-month,Mailed check,1
CUST_03152,45,10,58.93,679.41,One year,Electronic check,1
CUST_03153,28,72,108.33,7759.83,Month-to-month,Bank transfer,1
CUST_03154,72,17,29.14,538.78,Month-to-month,Bank transfer,1
CUST_03155,51,23,74.29,1737.92,Two year,Electronic check,1
CUST_03156,25,10,28.88,168.49,Month-to-month,Electronic check,1
CUST_03157,39,9,67.02,602.24,Month-to-month,Credit card,1
CUST_03158,25,0,32.68,5.59,Two year,Bank transfer,0
CUST_03159,66,16,28.03,514.17,Month-to-month,Credit card,0
CUST_03160,32,15,39.08,500.19,Month-to-month,Credit card,1
CUST_03161,34,4,45.53,220.78,Month-to-month,Mailed check,0
CUST_03162,40,34,47.63,1639.21,One year,Bank transfer,0
CUST_03163,41,16,84.53,1418.23,Month-to-month,Electronic check,1
CUST_03164,62,9,25.5,197.94,One year,Electronic check,0
CUST_03165,36,3,28.08,122.82,Month-to-month,Credit card,0
CUST_03166,22,19,38.87,682.97,Month-to-month,Mailed check,1
CUST_03167,49,33,107.21,3641.05,One year,Electronic check,0
CUST_03168,61,7,82.86,558.81,Month-to-month,Credit card,1
CUST_03169,18,5,93.04,390.86,Month-to-month,Electronic check,1
CUST_03170,40,17,57.04,926.23,One year,Mailed check,0
CUST_03171,54,4,41.32,213.71,Two year,Electronic check,0
CUST_03172,25,26,23.8,617.08,Month-to-month,Bank transfer,1
CUST_03173,30,22,68.85,1565.18,One year,Mailed check,1
CUST_03174,25,2,77.43,233.91,Month-to-month,Bank transfer,1
CUST_03175,74,0,109.7,48.62,Two year,Credit card,0
CUST_03176,40,23,108.21,2535.48,Two year,Bank transfer,1
CUST_03177,60,8,62.47,449.94,Two year,Electronic check,0
CUST_03178,18,2,62.36,86.46,Month-to-month,Credit card,1
CUST_03179,62,34,36.11,1168.58,Month-to-month,Bank transfer,1
CUST_03180,68,9,45.74,413.19,Month-to-month,Bank transfer,0
CUST_03181,41,14,112.57,1672.28,Month-to-month,Electronic check,1
CUST_03182,52,6,34.1,192.0,One year,Electronic check,1
CUST_03183,41,23,116.87,2775.82,Month-to-month,Bank transfer,1
CUST_03184,34,8,70.47,483.7,One year,Bank transfer,1
CUST_03185,22,72,65.66,4704.89,Two year,Electronic check,0
CUST_03186,37,29,37.46,1040.19,Month-to-month,Electronic check,1
CUST_03187,38,3,86.15,280.45,One year,Electronic check,1
CUST_03188,57,12,65.98,809.87,Month-to-month,Electronic check,1
CUST_03189,48,11,57.07,544.81,Month-to-month,Electronic check,0
CUST_03190,63,18,46.45,794.52,Month-to-month,Mailed check,1
CUST_03191,53,44,26.65,1230.42,Month-to-month,Credit card,0
CUST_03192,28,21,71.93,1558.74,Month-to-month,Bank transfer,1
CUST_03193,69,1,51.29,9.38,One year,Bank transfer,0
CUST_03194,32,25,90.79,2232.58,One year,Electronic check,1
CUST_03195,36,0,92.35,0.0,Month-to-month,Electronic check,1
CUST_03196,24,36,53.21,1871.68,Two year,Bank transfer,0
CUST_03197,68,26,86.91,2279.95,Two year,Mailed check,0
CUST_03198,45,8,45.87,356.85,One year,Credit card,1
CUST_03199,68,8,92.72,790.39,Month-to-month,Electronic check,0
CUST_03200,60,38,21.61,808.77,Month-to-month,Credit card,0
CUST_03201,22,36,35.16,1310.21,One year,Mailed check,0
CUST_03202,22,10,44.5,419.09,Two year,Credit card,1
CUST_03203,47,8,97.29,753.5,Month-to-month,Bank transfer,1
CUST_03204,71,19,26.64,503.75,One year,Credit card,0
CUST_03205,49,0,38.81,0.0,Month-to-month,Bank transfer,1
CUST_03206,25,2,55.86,108.02,One year,Mailed check,1
CUST_03207,27,3,20.92,117.6,Month-to-month,Credit card,0
CUST_03208,55,4,96.21,327.56,One year,Mailed check,0
CUST_03209,64,17,76.01,1341.94,One year,Credit card,1
CUST_03210,49,72,110.07,7928.82,Month-to-month,Electronic check,0
CUST_03211,65,25,23.1,586.41,Month-to-month,Electronic check,1
CUST_03212,45,1,47.14,67.48,Two year,Mailed check,0
CUST_03213,34,17,93.13,1568.5,One year,Bank transfer,1
CUST_03214,48,16,87.51,1417.69,One year,Bank transfer,0
CUST_03215,25,3,44.31,121.29,One year,Electronic check,0
CUST_03216,57,60,79.57,4744.89,Two year,Bank transfer,0
CUST_03217,42,13,99.38,1350.85,Month-to-month,Electronic check,1
CUST_03218,26,72,23.34,1618.29,Two year,Credit card,0
CUST_03219,19,13,91.76,1168.18,Month-to-month,Mailed check,1
CUST_03220,32,22,45.21,1036.01,Month-to-month,Electronic check,1
CUST_03221,67,2,114.79,183.73,One year,Electronic check,1
CUST_03222,20,14,73.82,1024.75,Two year,Credit card,0
CUST_03223,66,6,23.34,71.38,Month-to-month,Bank transfer,1
CUST_03224,53,43,60.34,2573.64,Month-to-month,Mailed check,0
CUST_03225,21,36,116.63,4126.77,One year,Bank transfer,1
CUST_03226,31,41,93.04,3778.46,Month-to-month,Credit card,1
CUST_03227,58,30,50.05,1509.78,Two year,Mailed check,0
CUST_03228,58,42,77.53,3253.41,One year,Electronic check,0
CUST_03229,42,5,79.91,454.24,Two year,Bank transfer,1
CUST_03230,72,14,22.33,348.59,Month-to-month,Bank transfer,1
CUST_03231,67,28,37.88,1042.36,Month-to-month,Electronic check,1
CUST_03232,27,24,75.18,1851.93,One year,Bank transfer,0
CUST_03233,38,30,60.28,1801.4,Month-to-month,Bank transfer,1
CUST_03234,53,6,39.0,199.97,One year,Bank transfer,0
CUST_03235,29,2,97.27,132.72,Month-to-month,Credit card,1
CUST_03236,44,59,68.9,4138.17,Month-to-month,Mailed check,1
CUST_03237,57,19,51.0,1032.76,Two year,Bank transfer,0
CUST_03238,19,4,36.17,134.56,One year,Electronic check,0
CUST_03239,71,37,81.12,2997.27,Month-to-month,Credit card,0
CUST_03240,30,59,86.63,5099.46,Two year,Electronic check,0
CUST_03241,70,4,86.96,252.57,One year,Credit card,1
CUST_03242,49,40,42.03,1675.7,One year,Mailed check,0
CUST_03243,48,64,79.53,4982.87,Month-to-month,Mailed check,0
CUST_03244,33,66,110.54,7236.61,Month-to-month,Mailed check,1
CUST_03245,49,58,55.32,3207.9,Two year,Credit card,0
CUST_03246,49,18,41.08,780.05,Month-to-month,Credit card,1
CUST_03247,51,10,97.21,888.43,Month-to-month,Credit card,0
CUST_03248,28,0,37.69,0.0,Month-to-month,Bank transfer,1
CUST_03249,27,1,45.37,41.75,Month-to-month,Electronic check,0
CUST_03250,32,13,30.06,382.6,One year,Mailed check,0
CUST_03251,34,12,46.79,577.93,Month-to-month,Electronic check,1
CUST_03252,57,4,61.03,282.65,Month-to-month,Bank transfer,1
CUST_03253,35,12,26.42,319.25,Two year,Bank transfer,0
CUST_03254,72,4,107.17,505.63,One year,Bank transfer,0
CUST_03255,26,45,71.37,3200.73,Month-to-month,Electronic check,1
CUST_03256,42,8,78.81,579.63,One year,Credit card,1
CUST_03257,57,21,57.13,1290.31,Month-to-month,Credit card,0
CUST_03258,31,16,86.98,1513.91,Month-to-month,Bank transfer,1
CUST_03259,42,1,63.18,93.13,One year,Credit card,0
CUST_03260,67,68,96.13,6422.81,One year,Bank transfer,0
CUST_03261,39,17,102.14,1749.61,Two year,Electronic check,0
CUST_03262,69,9,87.18,749.93,One year,Credit card,0
CUST_03263,47,4,69.13,350.87,Two year,Electronic check,0
CUST_03264,37,9,98.23,883.49,Two year,Electronic check,0
CUST_03265,38,0,69.43,0.0,One year,Electronic check,0
CUST_03266,61,10,31.15,328.47,Two year,Bank transfer,0
CUST_03267,49,18,31.63,633.82,One year,Bank transfer,0
CUST_03268,68,49,114.86,5587.4,Month-to-month,Electronic check,1
CUST_03269,63,27,41.36,1155.46,Month-to-month,Credit card,0
CUST_03270,66,2,101.59,108.72,Month-to-month,Credit card,1
CUST_03271,73,3,44.67,129.69,Two year,Electronic check,1
CUST_03272,38,13,63.08,751.11,One year,Bank transfer,0
CUST_03273,52,5,85.49,385.0,One year,Credit card,1
CUST_03274,49,0,35.89,59.58,Month-to-month,Mailed check,1
CUST_03275,47,39,93.72,3637.54,One year,Electronic check,1
CUST_03276,72,0,88.99,0.0,Month-to-month,Electronic check,1
CUST_03277,56,42,74.31,3179.61,Two year,Credit card,0
CUST_03278,66,3,76.59,258.7,Two year,Bank transfer,0
CUST_03279,29,72,30.58,2108.05,One year,Bank transfer,0
CUST_03280,58,22,63.59,1395.48,Month-to-month,Bank transfer,1
CUST_03281,64,31,28.66,891.58,Month-to-month,Mailed check,0
CUST_03282,35,2,50.79,140.62,Month-to-month,Electronic check,0
CUST_03283,38,47,110.03,5157.23,Month-to-month,Electronic check,1
CUST_03284,30,43,77.45,3427.47,Two year,Electronic check,1
CUST_03285,38,25,94.27,2371.14,Month-to-month,Electronic check,1
CUST_03286,25,16,77.39,1159.18,One year,Electronic check,0
CUST_03287,63,30,39.42,1163.94,One year,Bank transfer,0
CUST_03288,57,0,79.48,54.35,Month-to-month,Electronic check,1
CUST_03289,63,21,95.54,1991.57,Month-to-month,Bank transfer,1
CUST_03290,24,45,33.84,1528.25,Two year,Electronic check,0
CUST_03291,40,10,101.69,1015.17,Month-to-month,Bank transfer,1
CUST_03292,61,2,75.54,29.4,One year,Credit card,1
CUST_03293,49,13,20.43,245.23,Month-to-month,Electronic check,1
CUST_03294,28,31,71.98,2208.64,Two year,Mailed check,0
CUST_03295,39,2,59.57,201.68,Month-to-month,Bank transfer,0
CUST_03296,39,5,49.64,314.53,One year,Bank transfer,1
CUST_03297,60,3,97.13,232.19,One year,Electronic check,1
CUST_03298,42,38,109.95,4103.67,Month-to-month,Credit card,0
CUST_03299,39,1,96.27,132.07,Month-to-month,Electronic check,0
CUST_03300,45,27,104.68,2826.87,Two year,Mailed check,0
CUST_03301,46,10,110.88,1117.35,Month-to-month,Electronic check,1
CUST_03302,30,33,111.26,3613.47,One year,Bank transfer,1
CUST_03303,35,72,31.46,2261.88,One year,Bank transfer,0
CUST_03304,19,2,65.64,96.89,Month-to-month,Credit card,1
CUST_03305,46,9,20.03,123.43,Month-to-month,Credit card,0
CUST_03306,38,39,70.65,2737.95,Month-to-month,Mailed check,1
CUST_03307,32,7,112.42,777.81,One year,Credit card,1
CUST_03308,69,5,39.91,138.05,One year,Bank transfer,1
CUST_03309,44,41,83.98,3423.92,Two year,Mailed check,0
CUST_03310,67,72,84.44,6044.63,One year,Credit card,0
CUST_03311,48,19,36.04,674.94,Two year,Bank transfer,0
CUST_03312,32,7,43.85,286.18,Month-to-month,Bank transfer,0
CUST_03313,68,12,66.2,877.78,One year,Electronic check,0
CUST_03314,40,4,38.82,166.8,Month-to-month,Bank transfer,1
CUST_03315,41,34,78.5,2644.61,Month-to-month,Electronic check,1
CUST_03316,61,35,68.45,2445.44,One year,Electronic check,0
CUST_03317,30,49,71.92,3419.22,One year,Credit card,0
CUST_03318,39,0,33.45,28.09,Month-to-month,Electronic check,1
CUST_03319,60,19,71.73,1373.05,One year,Mailed check,0
CUST_03320,54,5,24.95,139.44,Month-to-month,Credit card,0
CUST_03321,50,10,108.15,1055.36,Two year,Mailed check,0
CUST_03322,73,36,54.32,1997.37,Month-to-month,Mailed check,1
CUST_03323,20,5,105.63,545.5,Month-to-month,Bank transfer,1
CUST_03324,71,24,90.17,2207.33,One year,Electronic check,1
CUST_03325,36,25,96.62,2371.7,One year,Credit card,0
CUST_03326,40,72,51.45,3759.98,One year,Electronic check,0
CUST_03327,46,35,42.77,1470.44,One year,Credit card,0
CUST_03328,47,39,60.67,2292.5,Two year,Electronic check,0
CUST_03329,56,18,22.42,495.07,One year,Electronic check,0
CUST_03330,61,4,111.88,488.99,One year,Electronic check,1
CUST_03331,64,13,58.7,859.11,One year,Electronic check,0
CUST_03332,42,19,118.86,2257.36,Two year,Bank transfer,1
CUST_03333,54,27,96.14,2645.24,Month-to-month,Bank transfer,0
CUST_03334,64,22,28.05,679.14,One year,Credit card,0
CUST_03335,25,12,86.02,1014.93,One year,Electronic check,1
CUST_03336,59,7,47.08,249.26,Month-to-month,Mailed check,0
CUST_03337,33,4,44.37,198.19,One year,Electronic check,1
CUST_03338,25,28,45.66,1292.7,Month-to-month,Mailed check,0
CUST_03339,18,24,111.61,2695.0,Month-to-month,Mailed check,1
CUST_03340,61,27,70.0,1890.04,Two year,Mailed check,0
CUST_03341,22,11,86.95,930.65,Month-to-month,Mailed check,1
CUST_03342,20,7,48.09,306.18,One year,Credit card,0
CUST_03343,18,34,72.3,2492.71,Month-to-month,Bank transfer,0
CUST_03344,21,35,55.01,1770.39,One year,Mailed check,0
CUST_03345,57,14,52.11,644.28,Month-to-month,Electronic check,0
CUST_03346,52,22,44.7,890.89,Month-to-month,Bank transfer,0
CUST_03347,49,11,60.9,569.15,Two year,Credit card,0
CUST_03348,59,29,86.0,2486.86,Month-to-month,Electronic check,1
CUST_03349,51,43,42.2,1842.62,Month-to-month,Credit card,1
CUST_03350,60,27,116.54,3172.82,Month-to-month,Bank transfer,0
CUST_03351,42,17,32.46,490.89,Month-to-month,Bank transfer,1
CUST_03352,27,14,68.02,866.67,Month-to-month,Credit card,0
CUST_03353,38,24,28.5,692.26,Month-to-month,Credit card,0
CUST_03354,63,27,22.27,626.92,One year,Electronic check,0
CUST_03355,56,19,112.27,2162.08,Two year,Credit card,1
CUST_03356,44,23,101.04,2252.96,One year,Bank transfer,1
CUST_03357,44,2,89.42,220.23,One year,Mailed check,0
CUST_03358,19,72,106.52,7678.47,Month-to-month,Bank transfer,1
CUST_03359,58,37,100.28,3660.55,Two year,Credit card,0
CUST_03360,65,11,84.72,900.58,Month-to-month,Bank transfer,1
CUST_03361,30,19,104.73,1945.31,Two year,Credit card,0
CUST_03362,26,1,59.08,18.45,Month-to-month,Bank transfer,1
CUST_03363,69,1,75.28,130.12,Two year,Bank transfer,1
CUST_03364,53,6,97.63,611.82,One year,Bank transfer,0
CUST_03365,39,28,28.48,742.01,Month-to-month,Bank transfer,0
CUST_03366,59,45,105.86,4741.11,Two year,Mailed check,0
CUST_03367,43,19,35.68,707.98,Month-to-month,Bank transfer,1
CUST_03368,71,18,106.45,1814.79,One year,Bank transfer,0
CUST_03369,29,12,51.13,643.5,Two year,Credit card,0
CUST_03370,34,4,52.68,309.63,Month-to-month,Mailed check,1
CUST_03371,31,3,27.39,97.93,Month-to-month,Electronic check,1
CUST_03372,31,34,108.59,3682.89,One year,Bank transfer,0
CUST_03373,74,62,37.45,2245.91,One year,Bank transfer,0
CUST_03374,51,14,83.0,1046.83,Two year,Electronic check,0
CUST_03375,70,25,84.4,2084.51,One year,Bank transfer,1
CUST_03376,74,59,48.12,2863.69,Month-to-month,Credit card,0
CUST_03377,37,2,118.57,229.03,Two year,Mailed check,1
CUST_03378,28,35,26.42,986.02,Two year,Credit card,0
CUST_03379,33,23,80.79,1876.62,Month-to-month,Credit card,1
CUST_03380,68,21,67.95,1387.07,Month-to-month,Electronic check,0
CUST_03381,48,8,44.55,419.31,Month-to-month,Credit card,0
CUST_03382,72,27,36.36,1011.3,Two year,Bank transfer,0
CUST_03383,23,38,93.71,3482.06,Month-to-month,Credit card,0
CUST_03384,73,2,111.63,173.63,Two year,Electronic check,1
CUST_03385,36,18,30.75,528.94,Two year,Electronic check,0
CUST_03386,54,2,39.4,167.1,Month-to-month,Electronic check,1
CUST_03387,21,49,118.63,5849.88,One year,Electronic check,1
CUST_03388,64,17,21.5,313.97,Month-to-month,Mailed check,1
CUST_03389,21,39,70.83,2920.79,Month-to-month,Electronic check,1
CUST_03390,37,11,71.61,827.01,One year,Mailed check,0
CUST_03391,27,3,46.32,79.61,One year,Bank transfer,1
CUST_03392,41,1,86.3,71.42,One year,Electronic check,1
CUST_03393,71,7,114.49,775.56,Two year,Bank transfer,0
CUST_03394,52,6,65.02,348.11,Month-to-month,Electronic check,1
CUST_03395,43,19,94.94,1869.03,One year,Electronic check,1
CUST_03396,54,0,84.61,0.0,Two year,Bank transfer,0
CUST_03397,55,17,67.29,1190.4,Month-to-month,Electronic check,1
CUST_03398,38,11,24.98,268.57,One year,Mailed check,0
CUST_03399,71,20,94.17,1865.44,One year,Electronic check,0
CUST_03400,57,29,56.33,1603.71,Two year,Credit card,0
CUST_03401,56,24,42.45,1019.71,Month-to-month,Credit card,1
CUST_03402,38,72,114.83,8228.81,One year,Electronic check,0
CUST_03403,27,3,97.35,290.53,Two year,Bank transfer,1
CUST_03404,55,13,116.23,1482.49,Month-to-month,Electronic check,1
CUST_03405,63,13,45.62,525.84,Month-to-month,Electronic check,0
CUST_03406,21,12,103.58,1225.04,One year,Mailed check,1
CUST_03407,74,26,80.77,2011.11,Month-to-month,Credit card,0
CUST_03408,62,16,118.15,1958.2,One year,Electronic check,1
CUST_03409,37,17,114.63,1973.81,Month-to-month,Bank transfer,1
CUST_03410,34,13,117.3,1501.68,Two year,Credit card,1
CUST_03411,72,72,115.18,8204.52,Two year,Mailed check,0
CUST_03412,24,63,20.77,1309.23,Month-to-month,Credit card,0
CUST_03413,21,8,94.11,764.25,Month-to-month,Credit card,1
CUST_03414,46,2,47.19,115.3,One year,Bank transfer,0
CUST_03415,31,43,90.5,3852.83,Month-to-month,Bank transfer,0
CUST_03416,20,72,118.06,8510.82,One year,Bank transfer,0
CUST_03417,41,8,23.94,287.05,Month-to-month,Credit card,0
CUST_03418,54,10,76.7,741.01,Month-to-month,Bank transfer,1
CUST_03419,33,68,93.5,6409.75,Month-to-month,Electronic check,1
CUST_03420,72,29,45.34,1314.15,Month-to-month,Credit card,1
CUST_03421,69,8,42.51,333.0,Month-to-month,Credit card,0
CUST_03422,21,20,26.03,527.12,One year,Mailed check,0
CUST_03423,73,69,29.39,2001.09,One year,Bank transfer,0
CUST_03424,41,40,85.67,3433.85,One year,Bank transfer,0
CUST_03425,51,32,70.52,2304.93,One year,Electronic check,0
CUST_03426,47,32,23.01,781.45,Month-to-month,Mailed check,0
CUST_03427,35,4,116.97,525.35,Month-to-month,Electronic check,1
CUST_03428,36,41,85.6,3478.42,Month-to-month,Bank transfer,0
CUST_03429,48,7,71.55,503.74,One year,Bank transfer,1
CUST_03430,36,63,47.27,3086.86,One year,Electronic check,0
CUST_03431,66,10,85.81,809.45,One year,Electronic check,1
CUST_03432,63,46,56.42,2589.75,One year,Electronic check,0
CUST_03433,36,7,90.25,571.15,Month-to-month,Bank transfer,1
CUST_03434,39,17,88.26,1505.9,Two year,Electronic check,1
CUST_03435,41,2,29.27,110.63,Two year,Electronic check,0
CUST_03436,62,25,110.93,2859.06,Month-to-month,Credit card,1
CUST_03437,29,43,68.7,2904.17,One year,Bank transfer,0
CUST_03438,47,30,59.29,1737.36,One year,Bank transfer,0
CUST_03439,55,17,115.55,2043.37,One year,Bank transfer,1
CUST_03440,70,1,63.82,0.0,Two year,Electronic check,1
CUST_03441,48,65,92.12,5955.85,One year,Electronic check,0
CUST_03442,53,29,85.51,2528.35,One year,Bank transfer,1
CUST_03443,36,32,36.51,1083.22,One year,Bank transfer,0
CUST_03444,65,37,119.11,4354.62,Month-to-month,Mailed check,1
CUST_03445,62,33,66.36,2252.84,Month-to-month,Bank transfer,0
CUST_03446,53,13,59.48,673.89,Month-to-month,Mailed check,1
CUST_03447,47,31,111.96,3369.42,Month-to-month,Electronic check,1
CUST_03448,72,23,72.92,1719.16,Two year,Credit card,0
CUST_03449,66,46,90.51,4244.64,Month-to-month,Mailed check,0
CUST_03450,72,38,104.62,4047.22,Two year,Credit card,0
CUST_03451,50,1,43.55,0.0,Two year,Credit card,0
CUST_03452,35,11,36.95,479.58,Two year,Electronic check,0
CUST_03453,69,0,26.85,3.95,Month-to-month,Credit card,0
CUST_03454,66,2,109.71,179.03,Month-to-month,Credit card,1
CUST_03455,45,22,40.04,834.07,Month-to-month,Credit card,1
CUST_03456,64,49,50.78,2523.2,Two year,Bank transfer,0
CUST_03457,28,3,48.58,167.6,Two year,Credit card,0
CUST_03458,74,14,50.46,776.7,Month-to-month,Bank transfer,1
CUST_03459,71,58,86.81,5003.68,Month-to-month,Credit card,1
CUST_03460,62,40,115.41,4592.03,One year,Bank transfer,1
CUST_03461,50,17,52.95,940.47,Month-to-month,Credit card,0
CUST_03462,34,35,60.76,2086.98,Two year,Bank transfer,0
CUST_03463,23,17,97.11,1691.86,Two year,Bank transfer,1
CUST_03464,21,4,63.23,197.11,One year,Credit card,0
CUST_03465,37,3,112.6,439.71,One year,Mailed check,0
CUST_03466,65,5,70.32,451.28,One year,Electronic check,1
CUST_03467,64,10,54.77,510.91,Month-to-month,Electronic check,1
CUST_03468,44,64,117.16,7501.36,Two year,Credit card,0
CUST_03469,32,38,62.58,2384.18,Two year,Credit card,0
CUST_03470,23,13,43.12,553.87,Month-to-month,Bank transfer,1
CUST_03471,64,16,37.77,554.26,Month-to-month,Credit card,0
CUST_03472,31,7,119.52,841.88,Month-to-month,Electronic check,1
CUST_03473,28,29,95.3,2689.68,Two year,Electronic check,1
CUST_03474,56,38,60.87,2389.89,Month-to-month,Bank transfer,0
CUST_03475,26,6,102.64,695.98,One year,Mailed check,0
CUST_03476,43,1,74.68,142.11,Month-to-month,Mailed check,1
CUST_03477,33,23,51.74,1260.95,Two year,Bank transfer,0
CUST_03478,22,19,94.34,1829.57,One year,Electronic check,1
CUST_03479,74,12,94.59,1089.63,Month-to-month,Credit card,1
CUST_03480,69,24,70.02,1614.79,Month-to-month,Mailed check,0
CUST_03481,27,19,24.52,412.15,Month-to-month,Credit card,0
CUST_03482,67,6,27.7,188.8,One year,Credit card,0
CUST_03483,20,12,98.87,1119.58,One year,Bank transfer,0
CUST_03484,30,13,102.35,1339.27,Month-to-month,Electronic check,1
CUST_03485,60,50,87.83,4419.31,One year,Credit card,0
CUST_03486,66,72,103.91,7472.29,Month-to-month,Electronic check,1
CUST_03487,47,53,91.95,4875.2,Two year,Electronic check,1
CUST_03488,71,30,109.69,3421.03,Month-to-month,Electronic check,1
CUST_03489,62,21,35.04,734.25,Two year,Credit card,0
CUST_03490,23,28,58.77,1665.74,One year,Credit card,0
CUST_03491,34,67,66.41,4508.29,One year,Credit card,0
CUST_03492,62,6,49.77,343.87,Month-to-month,Bank transfer,1
CUST_03493,68,18,92.54,1707.47,Month-to-month,Electronic check,1
CUST_03494,70,28,111.24,3128.46,One year,Credit card,1
CUST_03495,36,27,61.25,1667.63,One year,Mailed check,0
CUST_03496,59,6,114.15,593.9,Month-to-month,Mailed check,1
CUST_03497,52,21,71.68,1592.05,Two year,Electronic check,0
CUST_03498,63,38,72.25,2715.87,Month-to-month,Electronic check,1
CUST_03499,43,15,80.02,1244.23,Month-to-month,Credit card,1
CUST_03500,68,37,46.83,1720.98,One year,Electronic check,0
CUST_03501,22,10,58.34,739.14,Two year,Electronic check,1
CUST_03502,46,67,75.32,5005.05,Month-to-month,Bank transfer,0
CUST_03503,54,18,114.2,2173.92,One year,Electronic check,0
CUST_03504,37,21,84.27,1763.3,One year,Electronic check,1
CUST_03505,66,0,53.31,36.52,Two year,Credit card,0
CUST_03506,38,4,21.05,85.07,Month-to-month,Mailed check,0
CUST_03507,27,24,118.17,2915.37,Two year,Credit card,0
CUST_03508,22,13,69.3,907.43,Month-to-month,Bank transfer,1
CUST_03509,53,17,113.85,1951.57,Month-to-month,Electronic check,1
CUST_03510,23,1,74.93,80.09,Month-to-month,Bank transfer,1
CUST_03511,43,43,80.55,3491.95,Month-to-month,Electronic check,1
CUST_03512,21,36,91.19,3236.48,One year,Electronic check,0
CUST_03513,56,4,52.1,97.9,One year,Electronic check,0
CUST_03514,56,24,89.9,2180.65,Month-to-month,Electronic check,1
CUST_03515,67,40,72.68,3013.77,Month-to-month,Bank transfer,0
CUST_03516,52,24,87.25,2073.45,Month-to-month,Electronic check,1
CUST_03517,18,8,103.58,867.03,Month-to-month,Electronic check,1
CUST_03518,41,25,38.42,886.47,Month-to-month,Credit card,1
CUST_03519,74,5,81.36,378.99,Month-to-month,Electronic check,1
CUST_03520,53,9,25.21,229.31,Month-to-month,Electronic check,1
CUST_03521,23,6,30.21,179.76,One year,Bank transfer,0
CUST_03522,58,19,87.46,1717.6,Two year,Credit card,0
CUST_03523,71,2,27.09,0.0,Month-to-month,Electronic check,0
CUST_03524,63,64,79.54,5082.06,Month-to-month,Electronic check,1
CUST_03525,61,9,42.0,346.7,One year,Mailed check,1
CUST_03526,74,5,50.41,206.5,Month-to-month,Mailed check,1
CUST_03527,48,16,32.96,490.8,One year,Electronic check,1
CUST_03528,37,7,44.87,327.72,Two year,Electronic check,0
CUST_03529,41,18,102.13,1845.65,One year,Electronic check,1
CUST_03530,42,10,83.89,829.07,One year,Electronic check,1
CUST_03531,53,3,114.98,277.36,Month-to-month,Electronic check,1
CUST_03532,38,7,24.87,160.74,Month-to-month,Bank transfer,0
CUST_03533,47,13,99.24,1346.47,One year,Electronic check,1
CUST_03534,41,0,89.91,0.0,Two year,Mailed check,1
CUST_03535,61,35,46.09,1577.46,Two year,Mailed check,0
CUST_03536,59,23,92.92,2079.83,Month-to-month,Electronic check,1
CUST_03537,47,22,91.65,1961.06,Month-to-month,Credit card,1
CUST_03538,39,18,65.93,1174.62,Month-to-month,Credit card,1
CUST_03539,45,21,88.86,1834.05,Month-to-month,Electronic check,1
CUST_03540,24,65,64.46,4147.06,Two year,Electronic check,1
CUST_03541,52,0,53.55,0.96,Month-to-month,Bank transfer,1
CUST_03542,72,1,66.65,0.0,Month-to-month,Electronic check,1
CUST_03543,45,5,109.51,647.35,Two year,Credit card,0
CUST_03544,31,4,58.46,205.5,Month-to-month,Electronic check,1
CUST_03545,73,4,60.37,222.72,One year,Bank transfer,0
CUST_03546,27,26,80.84,2084.7,Month-to-month,Electronic check,1
CUST_03547,33,14,95.3,1285.73,Month-to-month,Mailed check,1
CUST_03548,33,72,93.46,6791.7,Month-to-month,Electronic check,1
CUST_03549,71,6,21.98,144.75,One year,Bank transfer,0
CUST_03550,48,8,88.74,584.6,One year,Credit card,1
CUST_03551,59,72,65.06,4622.42,One year,Credit card,0
CUST_03552,42,42,72.41,3008.98,One year,Mailed check,0
CUST_03553,30,15,76.17,1174.25,Two year,Bank transfer,0
CUST_03554,23,19,93.17,1829.77,Month-to-month,Mailed check,1
CUST_03555,61,44,103.13,4530.9,Two year,Bank transfer,0
CUST_03556,26,15,84.63,1348.92,Month-to-month,Electronic check,1
CUST_03557,62,5,76.39,420.63,Month-to-month,Bank transfer,1
CUST_03558,53,42,57.38,2517.14,Month-to-month,Credit card,0
CUST_03559,73,18,33.79,580.23,Month-to-month,Credit card,1
CUST_03560,60,3,115.86,327.41,Two year,Bank transfer,0
CUST_03561,37,16,66.18,1069.57,Month-to-month,Electronic check,0
CUST_03562,35,12,76.62,882.52,Month-to-month,Credit card,1
CUST_03563,60,50,95.11,4794.61,One year,Credit card,0
CUST_03564,74,3,26.84,18.71,Month-to-month,Mailed check,1
CUST_03565,38,49,105.5,5095.5,Two year,Credit card,0
CUST_03566,21,17,99.7,1692.11,Two year,Credit card,0
CUST_03567,67,12,97.44,1243.29,Month-to-month,Mailed check,0
CUST_03568,50,4,22.2,113.41,Month-to-month,Bank transfer,0
CUST_03569,44,28,72.65,2075.02,Month-to-month,Bank transfer,0
CUST_03570,24,62,25.43,1660.04,One year,Bank transfer,0
CUST_03571,23,11,75.09,847.62,Month-to-month,Electronic check,1
CUST_03572,32,6,91.84,533.75,One year,Mailed check,1
CUST_03573,35,19,32.19,684.41,One year,Electronic check,1
CUST_03574,49,38,89.49,3448.92,Month-to-month,Bank transfer,0
CUST_03575,73,0,64.95,0.0,Month-to-month,Credit card,1
CUST_03576,28,23,101.16,2284.21,Month-to-month,Bank transfer,1
CUST_03577,37,21,73.36,1537.92,One year,Electronic check,1
CUST_03578,41,9,53.61,527.44,Month-to-month,Credit card,1
CUST_03579,32,14,53.2,696.18,Month-to-month,Electronic check,1
CUST_03580,65,6,109.75,665.23,Month-to-month,Credit card,1
CUST_03581,24,37,65.29,2461.02,One year,Bank transfer,0
CUST_03582,38,24,60.58,1441.58,Month-to-month,Bank transfer,1
CUST_03583,59,18,23.99,445.91,Two year,Bank transfer,0
CUST_03584,43,11,56.43,645.23,One year,Electronic check,0
CUST_03585,61,8,104.96,877.33,One year,Bank transfer,0
CUST_03586,73,41,96.1,3944.09,Two year,Electronic check,0
CUST_03587,31,14,42.09,583.03,One year,Bank transfer,0
CUST_03588,74,16,61.31,1031.79,One year,Mailed check,0
CUST_03589,54,17,39.66,545.94,Month-to-month,Bank transfer,1
CUST_03590,38,14,115.42,1658.91,One year,Credit card,1
CUST_03591,35,7,79.81,587.84,Month-to-month,Mailed check,1
CUST_03592,22,3,95.44,362.49,Month-to-month,Bank transfer,1
CUST_03593,20,2,91.38,211.51,Month-to-month,Credit card,1
CUST_03594,40,33,107.37,3491.35,One year,Electronic check,0
CUST_03595,43,6,114.93,694.7,One year,Credit card,1
CUST_03596,54,1,23.24,0.0,One year,Electronic check,0
CUST_03597,41,38,117.53,4523.46,One year,Bank transfer,1
CUST_03598,66,4,107.05,305.14,Month-to-month,Credit card,1
CUST_03599,36,23,58.29,1260.59,Month-to-month,Credit card,1
CUST_03600,68,9,103.71,873.36,Month-to-month,Mailed check,1
CUST_03601,42,3,93.66,199.58,Month-to-month,Electronic check,1
CUST_03602,38,12,99.31,1175.47,One year,Credit card,0
CUST_03603,29,0,42.07,0.0,One year,Credit card,0
CUST_03604,74,44,84.86,3775.29,Month-to-month,Bank transfer,1
CUST_03605,58,17,22.59,288.55,Two year,Electronic check,0
CUST_03606,50,3,104.82,287.66,Two year,Credit card,0
CUST_03607,67,6,115.1,703.63,Month-to-month,Electronic check,1
CUST_03608,70,14,86.21,1160.37,One year,Credit card,0
CUST_03609,21,5,71.27,273.72,Month-to-month,Mailed check,1
CUST_03610,59,7,92.57,683.29,One year,Bank transfer,0
CUST_03611,74,18,52.64,975.99,Month-to-month,Electronic check,0
CUST_03612,24,42,82.64,3364.77,One year,Bank transfer,0
CUST_03613,39,12,91.9,1081.35,Month-to-month,Credit card,0
CUST_03614,72,30,34.27,997.39,Two year,Bank transfer,0
CUST_03615,50,50,34.01,1791.31,One year,Credit card,0
CUST_03616,34,5,91.61,363.59,Month-to-month,Bank transfer,1
CUST_03617,41,39,63.18,2441.52,One year,Electronic check,0
CUST_03618,51,33,108.92,3632.36,One year,Bank transfer,1
CUST_03619,45,10,51.19,505.92,One year,Bank transfer,0
CUST_03620,60,72,24.24,1798.81,Two year,Mailed check,0
CUST_03621,58,7,84.99,495.79,Two year,Mailed check,1
CUST_03622,56,7,88.42,554.51,One year,Electronic check,1
CUST_03623,39,35,75.36,2621.85,Month-to-month,Mailed check,1
CUST_03624,66,13,88.33,1172.72,Month-to-month,Mailed check,0
CUST_03625,34,9,72.38,651.62,Two year,Credit card,0
CUST_03626,51,4,89.26,387.63,Two year,Bank transfer,1
CUST_03627,23,34,24.39,812.42,Month-to-month,Bank transfer,1
CUST_03628,63,37,56.84,2037.6,One year,Credit card,0
CUST_03629,23,20,41.08,849.21,One year,Credit card,1
CUST_03630,51,72,29.93,2078.44,One year,Bank transfer,0
CUST_03631,18,9,43.41,342.26,Two year,Electronic check,0
CUST_03632,27,5,39.13,127.23,Month-to-month,Credit card,0
CUST_03633,38,27,117.31,3176.51,Two year,Electronic check,1
CUST_03634,22,34,48.65,1650.08,Month-to-month,Credit card,0
CUST_03635,19,6,43.1,201.7,One year,Mailed check,0
CUST_03636,39,1,103.49,63.81,Month-to-month,Bank transfer,1
CUST_03637,65,39,61.91,2396.89,One year,Bank transfer,0
CUST_03638,74,72,62.15,4506.49,One year,Electronic check,0
CUST_03639,19,24,64.36,1546.05,One year,Mailed check,0
CUST_03640,27,7,61.65,445.8,One year,Bank transfer,1
CUST_03641,51,72,52.66,3813.16,One year,Credit card,0
CUST_03642,33,53,48.63,2576.32,Month-to-month,Bank transfer,0
CUST_03643,65,17,108.2,1850.06,Two year,Credit card,0
CUST_03644,68,41,36.17,1475.85,Month-to-month,Electronic check,0
CUST_03645,56,40,38.11,1598.08,One year,Electronic check,0
CUST_03646,39,65,77.17,5042.5,Month-to-month,Bank transfer,1
CUST_03647,29,44,54.37,2483.99,Month-to-month,Mailed check,1
CUST_03648,41,24,62.15,1555.01,Month-to-month,Bank transfer,1
CUST_03649,64,22,100.65,2204.37,Two year,Bank transfer,1
CUST_03650,57,15,110.36,1645.56,Month-to-month,Credit card,1
CUST_03651,55,23,99.06,2195.49,Month-to-month,Electronic check,1
CUST_03652,27,38,43.49,1597.13,One year,Electronic check,0
CUST_03653,52,72,118.0,8546.49,Month-to-month,Credit card,1
CUST_03654,68,15,56.32,892.86,Two year,Electronic check,1
CUST_03655,66,20,36.91,637.18,Two year,Bank transfer,0
CUST_03656,49,14,69.95,1045.07,One year,Credit card,0
CUST_03657,24,26,92.53,2465.01,Month-to-month,Electronic check,0
CUST_03658,38,23,28.33,707.48,Month-to-month,Electronic check,1
CUST_03659,37,0,83.43,25.61,Month-to-month,Mailed check,1
CUST_03660,43,18,105.81,1929.98,Month-to-month,Electronic check,1
CUST_03661,21,2,46.18,83.1,Month-to-month,Bank transfer,0
CUST_03662,63,0,89.31,0.0,Two year,Electronic check,0
CUST_03663,69,37,59.99,2276.41,One year,Electronic check,1
CUST_03664,39,7,61.41,416.77,Month-to-month,Bank transfer,0
CUST_03665,32,9,48.08,240.62,Month-to-month,Credit card,1
CUST_03666,73,1,82.44,113.46,One year,Credit card,0
CUST_03667,57,4,56.1,171.72,Month-to-month,Credit card,1
CUST_03668,38,34,103.09,3512.66,Two year,Bank transfer,0
CUST_03669,32,16,116.29,1943.62,Month-to-month,Electronic check,1
CUST_03670,39,51,113.51,5894.12,Two year,Bank transfer,0
CUST_03671,69,12,36.31,470.4,One year,Mailed check,0
CUST_03672,45,7,21.42,215.72,Two year,Credit card,0
CUST_03673,31,10,63.85,675.75,Month-to-month,Electronic check,0
CUST_03674,44,29,92.89,2734.04,Month-to-month,Bank transfer,0
CUST_03675,58,19,117.75,2283.22,One year,Mailed check,0
CUST_03676,57,56,98.34,5453.64,Two year,Electronic check,0
CUST_03677,45,22,78.05,1653.08,One year,Bank transfer,1
CUST_03678,43,16,22.64,412.91,One year,Bank transfer,0
CUST_03679,66,36,102.55,3707.12,Month-to-month,Electronic check,1
CUST_03680,19,70,37.71,2647.66,Month-to-month,Credit card,1
CUST_03681,42,10,25.56,231.87,Month-to-month,Mailed check,1
CUST_03682,73,6,105.04,612.33,One year,Credit card,1
CUST_03683,20,22,76.63,1748.7,Month-to-month,Bank transfer,1
CUST_03684,25,16,32.86,483.32,Month-to-month,Bank transfer,0
CUST_03685,61,72,58.65,4223.47,One year,Credit card,0
CUST_03686,50,14,28.55,360.29,Two year,Credit card,0
CUST_03687,59,1,83.8,6.12,One year,Electronic check,1
CUST_03688,69,72,48.24,3478.63,One year,Electronic check,1
CUST_03689,52,44,106.61,4727.89,Two year,Mailed check,1
CUST_03690,23,4,55.78,170.0,Month-to-month,Bank transfer,1
CUST_03691,56,56,69.46,3854.24,Month-to-month,Bank transfer,1
CUST_03692,69,9,26.35,177.96,One year,Bank transfer,0
CUST_03693,40,11,47.56,529.82,Month-to-month,Mailed check,0
CUST_03694,42,56,87.68,4885.78,Month-to-month,Bank transfer,1
CUST_03695,67,18,93.63,1579.23,Month-to-month,Bank transfer,1
CUST_03696,60,3,44.28,115.14,One year,Bank transfer,0
CUST_03697,36,11,70.38,826.2,Month-to-month,Bank transfer,1
CUST_03698,22,30,101.75,3110.45,Month-to-month,Bank transfer,1
CUST_03699,68,4,57.99,292.41,Month-to-month,Bank transfer,1
CUST_03700,28,21,33.38,651.3,Month-to-month,Credit card,0
CUST_03701,73,28,63.19,1710.02,Two year,Mailed check,0
CUST_03702,29,10,80.06,768.22,Two year,Credit card,1
CUST_03703,27,28,20.74,629.36,Two year,Mailed check,0
CUST_03704,25,51,54.86,2844.76,Two year,Mailed check,0
CUST_03705,41,15,80.74,1211.24,Month-to-month,Credit card,0
CUST_03706,45,11,115.19,1323.0,Two year,Bank transfer,1
CUST_03707,58,6,60.85,395.45,Month-to-month,Credit card,0
CUST_03708,53,22,36.3,774.49,One year,Credit card,0
CUST_03709,54,50,73.42,3653.75,Month-to-month,Electronic check,1
CUST_03710,38,9,48.58,373.8,Two year,Credit card,0
CUST_03711,25,12,41.48,491.56,Month-to-month,Electronic check,1
CUST_03712,72,12,79.04,918.01,Month-to-month,Electronic check,1
CUST_03713,26,19,111.59,2070.07,Two year,Credit card,1
CUST_03714,64,6,103.52,584.3,One year,Mailed check,1
CUST_03715,32,41,38.23,1642.15,One year,Credit card,0
CUST_03716,65,8,96.59,749.57,One year,Bank transfer,1
CUST_03717,63,29,42.99,1325.57,Month-to-month,Mailed check,1
CUST_03718,57,17,49.07,837.07,One year,Electronic check,1
CUST_03719,35,21,112.01,2340.76,Month-to-month,Bank transfer,1
CUST_03720,59,4,111.11,470.52,Two year,Electronic check,1
CUST_03721,37,31,36.86,1023.45,One year,Electronic check,0
CUST_03722,23,5,26.42,236.18,Two year,Bank transfer,0
CUST_03723,29,2,49.31,146.38,One year,Credit card,1
CUST_03724,19,18,78.18,1417.55,Month-to-month,Mailed check,1
CUST_03725,24,29,107.69,3163.69,One year,Electronic check,0
CUST_03726,33,1,31.88,34.61,Month-to-month,Electronic check,1
CUST_03727,20,1,61.5,31.15,Month-to-month,Electronic check,1
CUST_03728,62,38,47.17,1791.29,Two year,Electronic check,0
CUST_03729,20,39,21.49,817.03,Month-to-month,Mailed check,0
CUST_03730,44,6,98.84,548.11,One year,Bank transfer,0
CUST_03731,67,22,101.33,2209.52,Month-to-month,Electronic check,1
CUST_03732,60,14,42.12,600.31,Month-to-month,Electronic check,1
CUST_03733,57,24,35.12,860.65,One year,Credit card,0
CUST_03734,55,47,34.46,1690.14,Two year,Credit card,0
CUST_03735,50,1,66.39,50.92,One year,Electronic check,1
CUST_03736,45,36,44.65,1572.09,Month-to-month,Bank transfer,0
CUST_03737,18,16,71.14,1075.37,Month-to-month,Bank transfer,0
CUST_03738,72,19,58.49,1133.42,Two year,Bank transfer,0
CUST_03739,25,25,41.09,1100.17,One year,Credit card,1
CUST_03740,54,61,95.12,5782.77,Two year,Mailed check,0
CUST_03741,49,1,35.04,6.89,Month-to-month,Bank transfer,1
CUST_03742,65,0,99.89,43.26,Two year,Credit card,0
CUST_03743,60,4,76.14,251.38,Two year,Bank transfer,0
CUST_03744,54,72,103.2,7511.41,Two year,Credit card,0
CUST_03745,21,30,20.48,610.62,Month-to-month,Bank transfer,0
CUST_03746,47,22,94.92,2107.02,One year,Credit card,0
CUST_03747,23,1,25.15,27.04,One year,Credit card,1
CUST_03748,63,50,115.01,5625.25,One year,Bank transfer,0
CUST_03749,71,40,90.27,3607.49,One year,Electronic check,1
CUST_03750,36,26,52.02,1333.41,One year,Credit card,0
CUST_03751,49,9,51.99,487.39,Two year,Credit card,0
CUST_03752,26,1,106.15,163.29,One year,Mailed check,1
CUST_03753,29,20,110.28,2230.25,One year,Electronic check,0
CUST_03754,28,30,109.16,3241.5,One year,Credit card,0
CUST_03755,63,2,100.87,284.09,One year,Bank transfer,1
CUST_03756,72,24,101.9,2447.86,Month-to-month,Bank transfer,0
CUST_03757,33,8,77.28,682.27,Month-to-month,Credit card,1
CUST_03758,18,34,22.82,819.98,One year,Mailed check,0
CUST_03759,62,18,28.68,466.42,Month-to-month,Credit card,1
CUST_03760,72,3,84.96,307.9,One year,Bank transfer,0
CUST_03761,70,17,60.12,1065.43,Two year,Credit card,0
CUST_03762,38,12,76.73,924.63,One year,Mailed check,0
CUST_03763,47,4,43.11,150.11,Two year,Credit card,0
CUST_03764,30,44,84.94,3778.1,One year,Bank transfer,1
CUST_03765,51,0,44.28,49.67,Month-to-month,Bank transfer,1
CUST_03766,21,8,66.08,508.17,Month-to-month,Mailed check,1
CUST_03767,45,0,67.87,30.3,Two year,Bank transfer,0
CUST_03768,55,2,37.77,58.71,Two year,Bank transfer,0
CUST_03769,48,8,107.62,833.5,Month-to-month,Credit card,1
CUST_03770,72,1,72.58,94.2,Month-to-month,Bank transfer,1
CUST_03771,44,21,106.68,2279.73,Month-to-month,Credit card,1
CUST_03772,22,2,46.25,118.43,One year,Credit card,0
CUST_03773,42,29,37.23,1072.79,One year,Electronic check,0
CUST_03774,20,1,21.8,0.0,One year,Electronic check,0
CUST_03775,50,1,29.39,13.91,Two year,Electronic check,1
CUST_03776,21,8,34.75,296.63,One year,Electronic check,0
CUST_03777,42,54,27.89,1613.77,Month-to-month,Mailed check,0
CUST_03778,37,24,109.69,2583.94,Month-to-month,Bank transfer,1
CUST_03779,51,35,111.14,3884.12,Two year,Bank transfer,0
CUST_03780,43,3,113.74,333.14,One year,Bank transfer,1
CUST_03781,22,43,115.99,4875.53,Month-to-month,Mailed check,1
CUST_03782,52,0,69.18,0.0,Month-to-month,Electronic check,1
CUST_03783,45,5,73.0,305.31,One year,Electronic check,0
CUST_03784,46,22,33.08,707.64,Month-to-month,Bank transfer,0
CUST_03785,26,11,33.71,445.98,One year,Electronic check,0
CUST_03786,69,72,97.28,7036.95,One year,Mailed check,1
CUST_03787,55,0,105.57,8.68,Month-to-month,Electronic check,1
CUST_03788,67,72,98.47,7187.33,One year,Bank transfer,0
CUST_03789,23,23,103.46,2450.07,Month-to-month,Bank transfer,1
CUST_03790,36,19,47.66,865.39,Month-to-month,Mailed check,0
CUST_03791,61,1,66.61,0.0,Month-to-month,Electronic check,1
CUST_03792,74,7,65.92,345.35,One year,Electronic check,0
CUST_03793,28,62,119.53,7366.87,One year,Bank transfer,1
CUST_03794,19,10,114.92,1120.83,Month-to-month,Credit card,1
CUST_03795,64,26,79.85,2153.46,Two year,Electronic check,1
CUST_03796,61,72,33.8,2493.7,Month-to-month,Electronic check,0
CUST_03797,61,7,45.86,366.99,One year,Electronic check,0
CUST_03798,26,20,56.38,1102.43,One year,Bank transfer,0
CUST_03799,38,28,107.32,2995.53,One year,Credit card,1
CUST_03800,41,4,37.06,127.85,Month-to-month,Electronic check,1
CUST_03801,51,3,41.97,236.14,Month-to-month,Bank transfer,1
CUST_03802,39,14,54.94,737.84,One year,Bank transfer,0
CUST_03803,20,11,112.69,1199.91,Month-to-month,Credit card,1
CUST_03804,29,30,70.38,2139.65,Two year,Mailed check,0
CUST_03805,45,1,84.68,36.54,Month-to-month,Electronic check,1
CUST_03806,47,72,58.72,4255.73,Month-to-month,Bank transfer,0
CUST_03807,43,0,38.85,14.46,Month-to-month,Credit card,1
CUST_03808,65,22,42.28,893.09,One year,Credit card,0
CUST_03809,38,19,100.27,1887.93,One year,Bank transfer,1
CUST_03810,45,3,109.35,285.77,One year,Electronic check,0
CUST_03811,73,3,69.31,258.63,Month-to-month,Mailed check,1
CUST_03812,43,37,55.7,2053.52,One year,Credit card,0
CUST_03813,50,52,100.78,5229.86,Month-to-month,Bank transfer,1
CUST_03814,38,7,87.31,651.64,One year,Bank transfer,0
CUST_03815,52,13,24.09,346.93,Two year,Electronic check,0
CUST_03816,69,10,55.07,562.41,Month-to-month,Electronic check,1
CUST_03817,51,1,88.22,140.43,Month-to-month,Bank transfer,1
CUST_03818,58,26,77.37,2003.84,Month-to-month,Electronic check,1
CUST_03819,68,41,117.81,4785.59,Two year,Mailed check,1
CUST_03820,64,8,106.61,860.29,One year,Bank transfer,1
CUST_03821,35,72,25.97,1868.06,Month-to-month,Electronic check,1
CUST_03822,28,1,92.58,164.4,Month-to-month,Credit card,1
CUST_03823,74,26,53.63,1381.2,One year,Electronic check,0
CUST_03824,40,14,88.21,1314.44,Month-to-month,Bank transfer,1
CUST_03825,65,14,81.72,1083.34,Month-to-month,Electronic check,0
CUST_03826,39,14,70.31,972.53,One year,Electronic check,0
CUST_03827,34,7,105.29,721.25,One year,Credit card,1
CUST_03828,22,30,90.87,2710.03,Month-to-month,Bank transfer,1
CUST_03829,61,30,108.96,3325.67,Month-to-month,Electronic check,1
CUST_03830,28,7,48.16,313.94,Two year,Electronic check,0
CUST_03831,47,43,54.81,2406.41,Month-to-month,Credit card,0
CUST_03832,32,9,82.2,735.54,One year,Mailed check,0
CUST_03833,44,30,116.65,3494.61,One year,Mailed check,1
CUST_03834,52,3,57.16,104.52,Month-to-month,Electronic check,1
CUST_03835,50,4,23.23,155.64,One year,Credit card,1
CUST_03836,37,9,64.59,657.99,One year,Electronic check,1
CUST_03837,33,21,74.39,1499.7,One year,Mailed check,0
CUST_03838,51,24,100.1,2483.2,One year,Mailed check,0
CUST_03839,19,12,92.86,1042.15,Two year,Credit card,0
CUST_03840,52,1,116.47,108.05,One year,Mailed check,1
CUST_03841,57,11,98.27,1075.91,Month-to-month,Bank transfer,0
CUST_03842,73,28,49.86,1380.98,Month-to-month,Mailed check,1
CUST_03843,45,26,84.14,2242.08,Month-to-month,Mailed check,1
CUST_03844,64,4,87.22,386.25,Two year,Credit card,0
CUST_03845,56,0,119.8,0.0,Two year,Credit card,1
CUST_03846,23,33,33.87,1191.32,Month-to-month,Electronic check,1
CUST_03847,26,2,39.13,161.95,One year,Bank transfer,1
CUST_03848,37,2,35.55,105.04,Month-to-month,Credit card,0
CUST_03849,18,0,78.91,0.0,Two year,Bank transfer,1
CUST_03850,25,13,33.53,446.88,Month-to-month,Bank transfer,0
CUST_03851,72,16,85.6,1355.38,One year,Electronic check,0
CUST_03852,40,24,100.38,2458.01,Month-to-month,Electronic check,1
CUST_03853,20,8,63.28,416.63,Month-to-month,Electronic check,1
CUST_03854,21,29,76.07,2226.05,Month-to-month,Bank transfer,0
CUST_03855,42,4,111.27,502.82,One year,Credit card,1
CUST_03856,64,42,76.96,3220.05,Month-to-month,Credit card,1
CUST_03857,55,20,40.86,844.8,Month-to-month,Electronic check,1
CUST_03858,32,21,54.32,1052.87,Month-to-month,Bank transfer,1
CUST_03859,38,5,72.98,317.22,One year,Credit card,0
CUST_03860,52,1,35.49,55.32,Two year,Mailed check,0
CUST_03861,74,14,81.25,1160.06,One year,Mailed check,0
CUST_03862,70,22,119.92,2609.19,One year,Bank transfer,1
CUST_03863,70,2,85.25,185.76,Month-to-month,Bank transfer,1
CUST_03864,63,72,57.24,4118.45,One year,Electronic check,0
CUST_03865,69,72,53.17,3736.39,One year,Mailed check,0
CUST_03866,31,18,113.16,2025.26,Month-to-month,Bank transfer,1
CUST_03867,53,71,107.15,7643.86,Month-to-month,Bank transfer,0
CUST_03868,29,4,67.24,335.3,Month-to-month,Bank transfer,1
CUST_03869,34,0,55.34,0.0,Month-to-month,Credit card,1
CUST_03870,56,0,91.05,19.31,Month-to-month,Electronic check,1
CUST_03871,26,21,51.45,1089.07,Month-to-month,Mailed check,0
CUST_03872,52,1,31.94,58.67,Month-to-month,Bank transfer,1
CUST_03873,30,72,51.02,3641.05,One year,Bank transfer,0
CUST_03874,32,3,63.43,186.7,One year,Credit card,0
CUST_03875,35,8,45.54,391.54,Two year,Bank transfer,0
CUST_03876,68,41,41.68,1729.02,Month-to-month,Bank transfer,0
CUST_03877,50,5,20.61,133.39,Month-to-month,Bank transfer,1
CUST_03878,23,6,83.08,538.33,Two year,Electronic check,1
CUST_03879,44,24,81.44,1962.55,Month-to-month,Credit card,1
CUST_03880,40,7,38.8,286.43,One year,Electronic check,1
CUST_03881,44,5,114.37,543.51,One year,Mailed check,0
CUST_03882,51,7,60.96,469.76,One year,Electronic check,0
CUST_03883,73,16,22.55,306.82,Month-to-month,Credit card,1
CUST_03884,63,72,41.98,3053.52,Two year,Credit card,0
CUST_03885,55,42,89.21,3753.41,Month-to-month,Electronic check,1
CUST_03886,31,8,40.16,285.48,Month-to-month,Bank transfer,1
CUST_03887,53,10,25.39,220.26,One year,Credit card,0
CUST_03888,70,14,81.77,1155.51,One year,Bank transfer,0
CUST_03889,25,72,71.84,5160.03,Two year,Credit card,0
CUST_03890,52,4,96.13,363.05,Month-to-month,Electronic check,1
CUST_03891,36,10,97.26,993.59,One year,Electronic check,1
CUST_03892,47,31,115.99,3511.84,One year,Mailed check,0
CUST_03893,31,72,25.7,1855.01,Month-to-month,Credit card,0
CUST_03894,37,4,23.9,76.92,One year,Credit card,0
CUST_03895,66,6,118.72,650.89,Month-to-month,Credit card,1
CUST_03896,42,6,84.48,490.0,One year,Bank transfer,0
CUST_03897,57,0,91.54,0.0,Two year,Bank transfer,0
CUST_03898,41,22,29.65,711.4,One year,Bank transfer,0
CUST_03899,31,26,26.98,737.52,Two year,Bank transfer,0
CUST_03900,43,22,36.03,834.04,One year,Credit card,0
CUST_03901,55,1,62.72,88.29,One year,Electronic check,1
CUST_03902,40,1,31.02,0.0,Two year,Electronic check,0
CUST_03903,39,5,64.63,264.27,Month-to-month,Mailed check,1
CUST_03904,65,8,76.15,653.88,Two year,Electronic check,1
CUST_03905,74,37,20.03,839.72,Month-to-month,Electronic check,1
CUST_03906,36,4,31.42,144.45,Two year,Mailed check,0
CUST_03907,63,1,57.52,127.01,One year,Electronic check,1
CUST_03908,68,12,25.33,263.27,Two year,Credit card,0
CUST_03909,20,12,33.35,369.01,Two year,Bank transfer,0
CUST_03910,59,14,43.18,638.0,One year,Mailed check,0
CUST_03911,36,42,62.96,2604.3,One year,Electronic check,1
CUST_03912,26,2,91.48,102.17,One year,Bank transfer,1
CUST_03913,45,29,33.27,1002.3,Month-to-month,Mailed check,0
CUST_03914,37,9,93.8,808.27,Month-to-month,Electronic check,1
CUST_03915,62,8,105.51,747.24,Month-to-month,Bank transfer,1
CUST_03916,24,64,85.15,5507.63,One year,Bank transfer,0
CUST_03917,31,6,24.37,171.47,Month-to-month,Electronic check,0
CUST_03918,26,24,64.07,1572.57,Month-to-month,Electronic check,1
CUST_03919,72,7,86.01,640.03,Month-to-month,Bank transfer,1
CUST_03920,74,16,117.85,1934.12,Month-to-month,Credit card,1
CUST_03921,36,37,115.18,4286.82,Month-to-month,Mailed check,0
CUST_03922,64,51,59.57,2963.66,Month-to-month,Credit card,1
CUST_03923,69,43,81.59,3454.06,Month-to-month,Mailed check,1
CUST_03924,31,20,109.08,2231.94,One year,Credit card,0
CUST_03925,73,6,103.1,647.31,Month-to-month,Credit card,1
CUST_03926,55,25,67.94,1691.97,Two year,Electronic check,0
CUST_03927,70,29,46.12,1253.27,One year,Electronic check,0
CUST_03928,53,0,33.71,0.0,Month-to-month,Electronic check,1
CUST_03929,57,13,68.8,879.15,Month-to-month,Electronic check,1
CUST_03930,34,44,92.28,4022.57,One year,Bank transfer,0
CUST_03931,47,16,116.98,1819.32,Month-to-month,Credit card,1
CUST_03932,26,8,106.18,866.11,Two year,Credit card,1
CUST_03933,50,49,40.42,2054.0,Month-to-month,Mailed check,0
CUST_03934,73,4,91.98,399.97,One year,Bank transfer,1
CUST_03935,69,5,48.91,220.83,Two year,Bank transfer,0
CUST_03936,42,27,88.35,2382.13,One year,Mailed check,0
CUST_03937,31,10,86.58,896.56,Two year,Bank transfer,1
CUST_03938,28,29,47.24,1340.13,Two year,Bank transfer,0
CUST_03939,70,4,43.44,184.45,Two year,Credit card,0
CUST_03940,52,6,30.39,164.54,Two year,Electronic check,0
CUST_03941,58,4,25.05,81.28,Month-to-month,Mailed check,1
CUST_03942,31,72,105.85,7541.83,Month-to-month,Bank transfer,1
CUST_03943,47,12,24.98,301.98,Month-to-month,Electronic check,1
CUST_03944,58,9,28.87,280.27,Two year,Credit card,0
CUST_03945,21,0,43.89,42.17,Month-to-month,Electronic check,1
CUST_03946,21,3,108.77,239.18,Month-to-month,Mailed check,1
CUST_03947,45,13,53.29,740.42,One year,Electronic check,0
CUST_03948,25,1,39.18,75.54,Month-to-month,Electronic check,1
CUST_03949,19,17,91.56,1630.14,One year,Electronic check,1
CUST_03950,58,14,51.91,708.54,Two year,Credit card,0
CUST_03951,63,34,53.34,1817.0,One year,Electronic check,0
CUST_03952,39,25,93.9,2296.23,One year,Electronic check,1
CUST_03953,58,14,45.17,629.28,One year,Bank transfer,1
CUST_03954,73,6,109.68,642.29,One year,Mailed check,1
CUST_03955,72,31,76.14,2367.94,Month-to-month,Electronic check,1
CUST_03956,33,29,73.78,2137.47,One year,Bank transfer,1
CUST_03957,46,3,46.48,180.02,Month-to-month,Electronic check,1
CUST_03958,66,59,103.51,6096.91,One year,Mailed check,0
CUST_03959,65,1,77.27,140.92,One year,Bank transfer,1
CUST_03960,47,1,35.55,0.0,Month-to-month,Electronic check,0
CUST_03961,29,4,40.63,227.17,One year,Credit card,0
CUST_03962,52,57,66.83,3740.38,One year,Electronic check,0
CUST_03963,28,17,97.96,1706.44,Month-to-month,Credit card,1
CUST_03964,63,37,113.93,4249.19,Month-to-month,Bank transfer,0
CUST_03965,67,6,86.35,464.46,One year,Electronic check,1
CUST_03966,38,16,70.61,1190.93,One year,Electronic check,1
CUST_03967,38,10,45.07,391.44,One year,Credit card,0
CUST_03968,22,42,87.29,3600.18,One year,Bank transfer,0
CUST_03969,65,0,118.22,0.0,One year,Electronic check,1
CUST_03970,37,6,67.62,385.71,Two year,Electronic check,0
CUST_03971,54,3,36.21,78.34,Month-to-month,Credit card,0
CUST_03972,20,47,30.33,1429.01,Two year,Mailed check,0
CUST_03973,61,15,46.93,722.47,One year,Electronic check,0
CUST_03974,50,12,76.94,919.27,One year,Credit card,1
CUST_03975,70,14,114.68,1547.36,One year,Mailed check,0
CUST_03976,26,72,49.92,3551.61,Month-to-month,Bank transfer,0
CUST_03977,26,45,50.54,2379.68,One year,Bank transfer,0
CUST_03978,21,29,68.12,1922.96,Month-to-month,Credit card,1
CUST_03979,52,8,111.85,844.17,Month-to-month,Electronic check,1
CUST_03980,34,4,61.91,170.04,One year,Credit card,0
CUST_03981,51,61,42.32,2630.03,Month-to-month,Credit card,0
CUST_03982,41,13,36.31,520.04,Month-to-month,Electronic check,1
CUST_03983,49,7,65.7,479.76,Two year,Bank transfer,0
CUST_03984,18,15,100.07,1565.39,Two year,Credit card,1
CUST_03985,25,59,49.14,2863.11,One year,Bank transfer,1
CUST_03986,62,11,71.25,726.03,Two year,Bank transfer,0
CUST_03987,40,19,80.3,1539.49,Two year,Bank transfer,1
CUST_03988,64,38,65.05,2495.55,One year,Credit card,0
CUST_03989,57,13,39.17,518.73,Two year,Bank transfer,0
CUST_03990,29,6,112.17,657.56,Month-to-month,Bank transfer,1
CUST_03991,71,72,76.54,5562.28,One year,Mailed check,0
CUST_03992,29,72,92.91,6687.34,Month-to-month,Bank transfer,1
CUST_03993,63,44,83.6,3691.05,One year,Electronic check,0
CUST_03994,64,27,119.8,3233.16,Two year,Mailed check,1
CUST_03995,32,8,65.63,500.42,Month-to-month,Electronic check,1
CUST_03996,58,58,62.5,3571.85,One year,Bank transfer,0
CUST_03997,36,7,56.01,413.15,Two year,Electronic check,0
CUST_03998,43,38,56.16,2025.91,Two year,Bank transfer,0
CUST_03999,69,60,47.58,2823.07,Month-to-month,Credit card,0
CUST_04000,46,22,118.06,2572.31,Two year,Mailed check,1
CUST_04001,39,38,107.08,4008.38,Month-to-month,Electronic check,1
CUST_04002,57,37,51.67,1897.18,One year,Electronic check,0
CUST_04003,38,5,50.52,274.93,Month-to-month,Credit card,1
CUST_04004,68,26,30.35,795.52,Month-to-month,Credit card,1
CUST_04005,55,2,107.7,186.67,Month-to-month,Electronic check,1
CUST_04006,37,17,57.18,1002.98,Month-to-month,Credit card,1
CUST_04007,74,4,77.26,322.22,One year,Electronic check,1
CUST_04008,46,12,110.04,1263.23,Month-to-month,Bank transfer,1
CUST_04009,68,42,60.81,2515.21,Two year,Bank transfer,0
CUST_04010,21,72,100.69,7179.1,Two year,Electronic check,1
CUST_04011,72,9,63.03,549.81,One year,Electronic check,0
CUST_04012,24,18,90.09,1588.18,One year,Credit card,0
CUST_04013,45,17,63.12,1061.59,One year,Mailed check,0
CUST_04014,45,72,59.28,4364.87,Month-to-month,Bank transfer,0
CUST_04015,21,15,119.07,1704.27,Month-to-month,Bank transfer,1
CUST_04016,39,28,81.23,2179.61,Two year,Electronic check,0
CUST_04017,29,61,56.74,3535.91,Month-to-month,Credit card,0
CUST_04018,62,11,45.78,529.93,Two year,Electronic check,1
CUST_04019,20,55,23.98,1367.7,Month-to-month,Electronic check,0
CUST_04020,39,59,90.66,5331.7,Month-to-month,Credit card,1
CUST_04021,61,64,57.22,3696.51,Month-to-month,Credit card,0
CUST_04022,19,7,102.13,708.61,One year,Credit card,1
CUST_04023,41,12,56.39,720.02,One year,Electronic check,1
CUST_04024,51,49,57.33,2860.04,Month-to-month,Credit card,0
CUST_04025,44,10,97.92,1025.38,One year,Mailed check,1
CUST_04026,72,22,68.95,1484.18,Two year,Mailed check,0
CUST_04027,58,3,108.49,330.09,One year,Credit card,0
CUST_04028,18,1,79.01,31.08,Month-to-month,Electronic check,1
CUST_04029,25,12,44.06,556.37,Month-to-month,Bank transfer,0
CUST_04030,40,20,76.83,1553.57,One year,Credit card,0
CUST_04031,55,11,20.4,144.75,One year,Electronic check,0
CUST_04032,23,20,51.24,1047.76,Two year,Bank transfer,0
CUST_04033,39,17,40.8,715.4,One year,Electronic check,0
CUST_04034,42,27,85.42,2334.72,Month-to-month,Credit card,1
CUST_04035,35,25,33.6,842.32,Month-to-month,Bank transfer,0
CUST_04036,34,13,49.01,665.37,One year,Electronic check,0
CUST_04037,29,13,53.13,706.41,Month-to-month,Mailed check,1
CUST_04038,23,3,20.33,16.45,Two year,Bank transfer,0
CUST_04039,43,17,24.68,451.12,Month-to-month,Bank transfer,1
CUST_04040,44,21,51.11,1025.67,One year,Bank transfer,0
CUST_04041,25,15,42.24,580.19,Month-to-month,Electronic check,0
CUST_04042,36,9,31.69,295.78,Month-to-month,Bank transfer,1
CUST_04043,59,30,35.42,929.32,One year,Electronic check,0
CUST_04044,18,1,103.55,70.17,One year,Credit card,1
CUST_04045,74,59,88.33,5195.8,Month-to-month,Mailed check,1
CUST_04046,46,0,68.41,66.23,Month-to-month,Bank transfer,1
CUST_04047,62,72,110.89,7973.31,One year,Mailed check,0
CUST_04048,66,14,22.96,417.74,Two year,Bank transfer,0
CUST_04049,52,12,54.49,579.41,Month-to-month,Credit card,1
CUST_04050,57,7,102.34,739.97,One year,Bank transfer,1
CUST_04051,31,0,82.83,32.46,Month-to-month,Bank transfer,1
CUST_04052,52,7,118.17,781.18,One year,Credit card,1
CUST_04053,65,2,114.45,224.4,One year,Bank transfer,1
CUST_04054,62,25,36.99,919.5,Month-to-month,Electronic check,1
CUST_04055,37,9,117.2,1109.15,One year,Credit card,0
CUST_04056,73,34,114.55,3822.6,Month-to-month,Bank transfer,0
CUST_04057,66,5,57.36,380.76,Month-to-month,Mailed check,0
CUST_04058,30,55,118.29,6410.96,One year,Electronic check,0
CUST_04059,55,17,23.58,422.05,One year,Bank transfer,0
CUST_04060,66,2,86.08,128.48,One year,Electronic check,1
CUST_04061,63,12,46.61,583.17,Month-to-month,Credit card,0
CUST_04062,66,5,32.95,131.69,One year,Credit card,0
CUST_04063,25,5,77.75,456.05,Month-to-month,Mailed check,1
CUST_04064,60,16,50.64,815.27,Month-to-month,Electronic check,0
CUST_04065,37,26,86.68,2232.71,One year,Electronic check,0
CUST_04066,50,58,74.0,4235.95,One year,Electronic check,1
CUST_04067,43,16,59.26,967.55,Two year,Electronic check,0
CUST_04068,56,72,38.18,2771.48,One year,Credit card,0
CUST_04069,38,68,80.13,5430.69,Month-to-month,Mailed check,0
CUST_04070,70,48,102.92,4941.63,Two year,Mailed check,1
CUST_04071,66,16,80.0,1294.13,Month-to-month,Electronic check,1
CUST_04072,59,3,81.05,275.21,Month-to-month,Credit card,0
CUST_04073,60,5,71.18,305.98,One year,Credit card,0
CUST_04074,71,25,58.82,1447.47,Two year,Mailed check,0
CUST_04075,58,13,65.75,885.3,One year,Electronic check,0
CUST_04076,26,3,118.95,351.55,One year,Credit card,0
CUST_04077,41,15,94.97,1330.72,One year,Mailed check,0
CUST_04078,54,0,63.06,79.61,One year,Credit card,0
CUST_04079,66,31,65.73,2079.95,One year,Bank transfer,0
CUST_04080,58,1,69.96,0.0,Month-to-month,Credit card,1
CUST_04081,34,23,85.93,1943.56,Month-to-month,Bank transfer,0
CUST_04082,41,37,66.6,2542.83,Month-to-month,Credit card,1
CUST_04083,38,3,88.62,288.64,Two year,Credit card,0
CUST_04084,68,17,52.92,827.52,One year,Electronic check,0
CUST_04085,56,36,61.06,2100.23,One year,Mailed check,0
CUST_04086,72,7,106.41,656.74,Month-to-month,Electronic check,1
CUST_04087,58,4,52.89,187.03,Month-to-month,Credit card,1
CUST_04088,56,9,116.44,1081.4,Two year,Electronic check,0
CUST_04089,30,19,37.25,631.01,Month-to-month,Electronic check,1
CUST_04090,28,20,44.17,911.89,One year,Bank transfer,0
CUST_04091,63,3,66.37,155.18,Month-to-month,Bank transfer,1
CUST_04092,36,14,99.74,1303.46,One year,Electronic check,1
CUST_04093,28,7,93.16,634.71,One year,Bank transfer,0
CUST_04094,30,44,37.45,1746.48,One year,Credit card,0
CUST_04095,63,9,43.67,460.21,Month-to-month,Bank transfer,1
CUST_04096,62,43,77.53,3308.84,One year,Bank transfer,0
CUST_04097,18,13,49.52,654.12,One year,Electronic check,1
CUST_04098,57,31,62.23,1900.04,Two year,Electronic check,1
CUST_04099,61,17,68.66,1068.76,One year,Bank transfer,0
CUST_04100,36,23,79.42,1796.21,Month-to-month,Bank transfer,0
CUST_04101,29,12,45.11,573.25,One year,Bank transfer,0
CUST_04102,25,35,36.31,1212.01,One year,Bank transfer,0
CUST_04103,25,13,59.86,831.72,Two year,Mailed check,0
CUST_04104,70,14,28.2,450.52,Month-to-month,Bank transfer,0
CUST_04105,62,17,72.68,1213.01,Month-to-month,Electronic check,1
CUST_04106,29,42,103.96,4371.87,Two year,Credit card,1
CUST_04107,65,25,31.9,862.6,Two year,Electronic check,0
CUST_04108,50,10,31.27,330.85,Month-to-month,Mailed check,1
CUST_04109,62,26,28.02,801.48,Month-to-month,Electronic check,1
CUST_04110,43,24,104.79,2427.24,Month-to-month,Bank transfer,0
CUST_04111,56,64,28.07,1767.39,Month-to-month,Bank transfer,1
CUST_04112,45,44,118.35,5191.01,Month-to-month,Mailed check,1
CUST_04113,22,25,55.83,1457.93,Month-to-month,Bank transfer,1
CUST_04114,25,10,52.88,528.84,Two year,Mailed check,0
CUST_04115,42,36,29.16,1012.86,Month-to-month,Credit card,0
CUST_04116,44,20,78.56,1565.64,One year,Electronic check,1
CUST_04117,63,72,78.59,5684.48,One year,Credit card,0
CUST_04118,40,6,69.38,400.5,One year,Bank transfer,1
CUST_04119,47,1,51.1,93.01,One year,Mailed check,1
CUST_04120,62,1,56.86,62.68,One year,Credit card,1
CUST_04121,64,24,52.05,1234.09,Two year,Electronic check,0
CUST_04122,40,67,62.61,4253.82,One year,Mailed check,0
CUST_04123,66,0,54.18,71.94,Month-to-month,Mailed check,1
CUST_04124,64,31,87.55,2772.48,Month-to-month,Bank transfer,0
CUST_04125,37,25,49.58,1199.18,Two year,Credit card,0
CUST_04126,35,31,55.08,1767.05,One year,Bank transfer,0
CUST_04127,35,10,63.55,685.58,Two year,Credit card,0
CUST_04128,19,41,20.4,779.15,Month-to-month,Credit card,1
CUST_04129,21,1,69.21,52.47,Month-to-month,Bank transfer,1
CUST_04130,47,33,45.58,1566.37,One year,Bank transfer,0
CUST_04131,50,7,25.62,227.11,Month-to-month,Electronic check,1
CUST_04132,53,15,111.1,1640.24,One year,Bank transfer,1
CUST_04133,35,41,52.24,2087.45,Two year,Electronic check,0
CUST_04134,54,7,62.61,503.27,One year,Bank transfer,0
CUST_04135,36,4,102.73,439.05,Month-to-month,Credit card,1
CUST_04136,64,27,36.68,992.17,One year,Credit card,0
CUST_04137,45,18,105.03,1850.45,One year,Bank transfer,1
CUST_04138,57,17,44.16,786.71,One year,Credit card,0
CUST_04139,37,7,78.9,500.51,One year,Bank transfer,0
CUST_04140,66,0,88.57,0.0,One year,Bank transfer,0
CUST_04141,50,12,110.5,1346.09,One year,Bank transfer,1
CUST_04142,29,2,80.76,211.0,One year,Electronic check,0
CUST_04143,68,56,65.32,3665.05,One year,Mailed check,0
CUST_04144,32,1,77.23,59.11,Month-to-month,Bank transfer,1
CUST_04145,58,13,40.21,567.07,One year,Bank transfer,0
CUST_04146,56,1,88.91,31.15,One year,Credit card,0
CUST_04147,19,2,38.69,29.85,Month-to-month,Electronic check,1
CUST_04148,46,25,75.72,1947.33,Two year,Credit card,0
CUST_04149,58,24,84.76,1975.14,Month-to-month,Bank transfer,1
CUST_04150,27,0,109.86,0.0,Month-to-month,Credit card,1
CUST_04151,19,0,65.02,0.0,One year,Mailed check,0
CUST_04152,68,1,97.53,151.91,Month-to-month,Electronic check,1
CUST_04153,28,34,36.75,1294.17,One year,Credit card,0
CUST_04154,30,21,35.62,674.84,One year,Bank transfer,0
CUST_04155,27,0,72.48,0.0,Month-to-month,Bank transfer,1
CUST_04156,31,16,79.63,1199.68,Two year,Credit card,0
CUST_04157,35,29,83.23,2445.5,Month-to-month,Electronic check,1
CUST_04158,68,48,94.57,4478.2,One year,Mailed check,0
CUST_04159,71,65,49.49,3239.39,Two year,Electronic check,0
CUST_04160,26,9,82.26,730.0,One year,Credit card,0
CUST_04161,74,3,38.81,121.12,Two year,Electronic check,0
CUST_04162,56,6,41.9,167.52,Two year,Electronic check,1
CUST_04163,45,35,26.73,980.17,Two year,Electronic check,1
CUST_04164,20,72,94.7,6895.72,Month-to-month,Credit card,0
CUST_04165,37,15,70.7,1134.52,One year,Bank transfer,0
CUST_04166,23,8,43.82,353.76,Two year,Mailed check,0
CUST_04167,44,13,75.62,880.62,Two year,Electronic check,1
CUST_04168,70,8,55.42,425.24,Two year,Mailed check,0
CUST_04169,19,7,103.72,739.46,Two year,Bank transfer,0
CUST_04170,46,21,72.81,1535.72,One year,Mailed check,0
CUST_04171,55,0,22.98,0.0,Month-to-month,Bank transfer,0
CUST_04172,20,7,118.51,865.13,Month-to-month,Bank transfer,1
CUST_04173,33,25,27.43,724.3,Month-to-month,Credit card,1
CUST_04174,47,0,89.6,38.68,Month-to-month,Electronic check,1
CUST_04175,57,2,63.73,91.61,Month-to-month,Mailed check,1
CUST_04176,19,8,44.93,286.99,Month-to-month,Mailed check,0
CUST_04177,34,50,87.65,4358.06,Month-to-month,Bank transfer,0
CUST_04178,58,34,32.59,1167.01,Two year,Bank transfer,0
CUST_04179,29,0,105.82,0.0,Month-to-month,Bank transfer,1
CUST_04180,52,16,45.06,677.55,Month-to-month,Credit card,0
CUST_04181,60,7,56.15,340.01,One year,Bank transfer,0
CUST_04182,18,25,83.26,2060.5,Two year,Mailed check,1
CUST_04183,72,30,20.1,623.75,Month-to-month,Credit card,0
CUST_04184,62,47,67.27,3195.55,Month-to-month,Mailed check,1
CUST_04185,32,15,109.42,1578.2,Month-to-month,Bank transfer,1
CUST_04186,43,72,88.04,6389.48,Month-to-month,Credit card,1
CUST_04187,54,72,58.79,4290.52,Month-to-month,Credit card,1
CUST_04188,38,51,86.04,4373.75,One year,Credit card,0
CUST_04189,66,20,113.66,2203.87,Two year,Bank transfer,0
CUST_04190,48,12,38.78,528.2,One year,Mailed check,0
CUST_04191,42,10,73.18,750.55,Month-to-month,Credit card,0
CUST_04192,40,0,43.47,95.19,Month-to-month,Electronic check,0
CUST_04193,41,6,105.42,560.56,Month-to-month,Credit card,1
CUST_04194,74,30,92.11,2777.86,Month-to-month,Credit card,1
CUST_04195,55,22,100.11,2275.8,One year,Credit card,1
CUST_04196,45,59,114.3,6766.95,Two year,Electronic check,0
CUST_04197,38,1,43.23,0.0,Month-to-month,Credit card,1
CUST_04198,71,4,24.87,0.0,Two year,Bank transfer,0
CUST_04199,60,37,49.09,1906.21,Two year,Bank transfer,0
CUST_04200,35,10,59.91,568.32,Month-to-month,Credit card,0
CUST_04201,53,3,82.52,271.43,Month-to-month,Bank transfer,0
CUST_04202,52,72,99.77,7118.43,Month-to-month,Electronic check,1
CUST_04203,62,37,54.98,2005.81,One year,Bank transfer,0
CUST_04204,72,12,67.35,855.9,Month-to-month,Electronic check,1
CUST_04205,26,41,98.55,4054.68,Month-to-month,Bank transfer,0
CUST_04206,70,27,42.53,1125.81,Two year,Bank transfer,0
CUST_04207,55,37,41.71,1583.19,Month-to-month,Bank transfer,1
CUST_04208,47,40,78.92,3154.0,Month-to-month,Electronic check,1
CUST_04209,61,2,63.61,177.28,One year,Electronic check,1
CUST_04210,51,23,114.89,2620.99,Two year,Bank transfer,0
CUST_04211,49,0,55.7,14.73,Month-to-month,Bank transfer,1
CUST_04212,20,1,95.96,195.91,Month-to-month,Bank transfer,1
CUST_04213,20,56,78.31,4393.25,One year,Credit card,0
CUST_04214,45,17,25.46,467.47,One year,Bank transfer,0
CUST_04215,61,31,28.44,794.28,Two year,Credit card,0
CUST_04216,32,43,40.32,1741.09,Month-to-month,Electronic check,0
CUST_04217,58,71,34.32,2446.96,One year,Electronic check,0
CUST_04218,40,48,52.94,2480.52,Month-to-month,Electronic check,0
CUST_04219,57,15,77.9,1154.96,Two year,Electronic check,0
CUST_04220,28,9,80.24,707.65,Month-to-month,Credit card,1
CUST_04221,65,4,78.78,259.61,Month-to-month,Credit card,1
CUST_04222,49,12,31.76,355.73,Month-to-month,Credit card,0
CUST_04223,74,10,80.02,905.85,Month-to-month,Mailed check,1
CUST_04224,71,19,60.97,1159.54,Month-to-month,Mailed check,1
CUST_04225,53,26,110.31,2883.68,Month-to-month,Credit card,1
CUST_04226,50,72,111.2,8100.68,Month-to-month,Bank transfer,1
CUST_04227,41,31,96.82,2876.97,Month-to-month,Credit card,0
CUST_04228,56,24,90.31,2275.14,Two year,Electronic check,0
CUST_04229,51,9,31.5,320.79,Month-to-month,Mailed check,1
CUST_04230,73,0,28.47,0.0,One year,Credit card,0
CUST_04231,45,8,104.08,770.63,One year,Credit card,1
CUST_04232,54,35,62.7,2234.38,Month-to-month,Credit card,1
CUST_04233,24,5,65.14,364.48,Month-to-month,Mailed check,1
CUST_04234,21,29,104.78,3060.35,Two year,Credit card,0
CUST_04235,54,20,82.14,1595.42,Month-to-month,Electronic check,1
CUST_04236,73,4,37.94,163.49,Month-to-month,Electronic check,1
CUST_04237,18,7,41.1,255.47,Month-to-month,Bank transfer,1
CUST_04238,18,16,20.64,316.57,Month-to-month,Credit card,0
CUST_04239,64,13,91.07,1134.6,Month-to-month,Electronic check,1
CUST_04240,37,36,68.56,2434.27,Two year,Bank transfer,0
CUST_04241,36,31,115.0,3459.8,Two year,Bank transfer,0
CUST_04242,46,20,91.4,1903.17,Two year,Bank transfer,0
CUST_04243,27,41,30.32,1200.93,Month-to-month,Electronic check,0
CUST_04244,35,19,36.15,755.44,Two year,Electronic check,0
CUST_04245,45,72,70.17,5029.5,One year,Credit card,0
CUST_04246,52,5,112.49,532.71,Two year,Bank transfer,1
CUST_04247,60,30,44.73,1237.55,One year,Credit card,0
CUST_04248,64,11,102.56,1223.43,Month-to-month,Mailed check,1
CUST_04249,48,7,51.23,411.08,Two year,Electronic check,0
CUST_04250,44,4,46.99,140.63,One year,Electronic check,0
CUST_04251,28,19,110.14,2138.66,Two year,Electronic check,1
CUST_04252,66,5,24.72,177.14,Month-to-month,Electronic check,1
CUST_04253,66,5,86.07,440.54,Two year,Electronic check,0
CUST_04254,55,72,24.32,1759.72,Month-to-month,Bank transfer,1
CUST_04255,22,38,100.08,3802.41,Month-to-month,Credit card,0
CUST_04256,25,33,102.94,3357.88,One year,Credit card,0
CUST_04257,51,37,109.34,4025.49,One year,Credit card,0
CUST_04258,65,72,38.61,2731.59,One year,Bank transfer,0
CUST_04259,69,20,32.45,700.69,One year,Electronic check,0
CUST_04260,73,5,70.35,434.73,Month-to-month,Mailed check,1
CUST_04261,29,47,47.16,2234.65,One year,Electronic check,0
CUST_04262,55,32,80.63,2553.96,Month-to-month,Credit card,1
CUST_04263,18,12,71.37,834.15,One year,Electronic check,1
CUST_04264,48,15,34.49,535.08,Month-to-month,Electronic check,0
CUST_04265,21,12,93.93,1155.11,Month-to-month,Electronic check,1
CUST_04266,66,63,100.38,6331.2,Two year,Credit card,0
CUST_04267,62,10,116.3,1127.01,Month-to-month,Credit card,1
CUST_04268,67,72,59.55,4346.2,One year,Mailed check,0
CUST_04269,22,57,53.77,3071.18,Month-to-month,Mailed check,1
CUST_04270,47,23,39.23,925.35,Month-to-month,Electronic check,1
CUST_04271,73,20,38.09,656.55,One year,Electronic check,0
CUST_04272,41,11,52.11,562.32,Month-to-month,Mailed check,1
CUST_04273,20,0,118.18,35.52,One year,Mailed check,0
CUST_04274,28,3,29.23,25.92,Two year,Bank transfer,0
CUST_04275,62,33,45.94,1428.67,Two year,Mailed check,1
CUST_04276,21,15,28.6,485.57,Two year,Credit card,0
CUST_04277,43,3,47.36,148.37,One year,Mailed check,0
CUST_04278,44,7,29.24,214.72,One year,Credit card,0
CUST_04279,63,70,70.83,4978.2,One year,Bank transfer,1
CUST_04280,71,10,63.84,651.34,One year,Credit card,1
CUST_04281,60,57,37.41,1983.52,One year,Bank transfer,0
CUST_04282,44,8,37.48,279.51,Month-to-month,Bank transfer,1
CUST_04283,59,18,82.61,1479.82,Month-to-month,Bank transfer,0
CUST_04284,68,0,58.71,8.08,Month-to-month,Electronic check,1
CUST_04285,67,17,25.62,436.86,Month-to-month,Electronic check,1
CUST_04286,23,24,112.02,2666.97,Month-to-month,Electronic check,1
CUST_04287,32,6,60.5,407.05,One year,Mailed check,0
CUST_04288,70,20,79.1,1567.76,Month-to-month,Electronic check,1
CUST_04289,47,25,108.54,2722.74,One year,Mailed check,0
CUST_04290,59,27,60.22,1705.72,One year,Credit card,0
CUST_04291,54,35,102.07,3500.53,Month-to-month,Credit card,1
CUST_04292,54,8,111.48,778.5,Month-to-month,Bank transfer,1
CUST_04293,59,20,37.41,765.34,Month-to-month,Electronic check,1
CUST_04294,54,72,109.25,7895.36,One year,Electronic check,1
CUST_04295,52,54,31.98,1835.79,One year,Electronic check,0
CUST_04296,40,72,47.51,3422.33,One year,Bank transfer,0
CUST_04297,23,11,100.82,1100.21,Month-to-month,Credit card,1
CUST_04298,21,37,110.07,4046.28,One year,Electronic check,1
CUST_04299,35,23,88.41,2087.68,One year,Bank transfer,1
CUST_04300,26,2,30.48,86.41,Month-to-month,Bank transfer,1
CUST_04301,66,41,72.3,3005.34,One year,Electronic check,1
CUST_04302,46,27,77.26,2099.85,One year,Credit card,0
CUST_04303,30,5,48.19,283.81,Month-to-month,Mailed check,0
CUST_04304,64,1,119.13,189.35,One year,Credit card,0
CUST_04305,69,43,53.56,2332.87,Month-to-month,Bank transfer,0
CUST_04306,34,1,41.03,14.05,Month-to-month,Electronic check,1
CUST_04307,62,2,31.01,13.72,Month-to-month,Mailed check,0
CUST_04308,49,13,57.85,759.82,Month-to-month,Electronic check,1
CUST_04309,65,3,89.26,343.45,Month-to-month,Mailed check,1
CUST_04310,39,58,43.14,2512.43,One year,Credit card,0
CUST_04311,21,15,96.95,1371.26,Two year,Credit card,1
CUST_04312,22,20,33.54,759.67,One year,Bank transfer,0
CUST_04313,54,63,64.05,4058.22,Month-to-month,Bank transfer,0
CUST_04314,58,18,90.24,1619.8,Two year,Mailed check,1
CUST_04315,66,10,33.53,326.92,Month-to-month,Electronic check,1
CUST_04316,30,38,79.78,2916.4,Month-to-month,Electronic check,1
CUST_04317,51,14,99.9,1357.17,One year,Electronic check,0
CUST_04318,62,9,79.55,673.71,One year,Mailed check,0
CUST_04319,39,30,71.15,2165.75,Month-to-month,Bank transfer,0
CUST_04320,70,38,103.83,3934.96,One year,Electronic check,0
CUST_04321,40,37,118.54,4440.51,Month-to-month,Credit card,1
CUST_04322,68,72,38.13,2637.46,One year,Electronic check,0
CUST_04323,20,37,89.13,3410.75,One year,Electronic check,1
CUST_04324,59,35,28.07,1044.59,Two year,Bank transfer,0
CUST_04325,51,46,24.28,1138.32,Two year,Credit card,0
CUST_04326,49,0,48.08,0.0,One year,Credit card,0
CUST_04327,62,10,117.09,1210.34,Month-to-month,Bank transfer,1
CUST_04328,68,32,75.22,2411.47,One year,Electronic check,1
CUST_04329,66,21,46.83,973.5,Month-to-month,Credit card,1
CUST_04330,38,4,33.26,170.4,Two year,Credit card,0
CUST_04331,63,8,112.02,939.57,Two year,Credit card,0
CUST_04332,61,9,56.24,523.91,Month-to-month,Credit card,0
CUST_04333,38,20,50.67,989.5,One year,Electronic check,1
CUST_04334,61,42,105.8,4437.56,Month-to-month,Credit card,1
CUST_04335,28,64,80.44,5080.84,Month-to-month,Credit card,1
CUST_04336,56,33,36.86,1146.26,One year,Bank transfer,0
CUST_04337,21,44,62.15,2704.51,Month-to-month,Credit card,1
CUST_04338,68,15,112.82,1740.79,Two year,Bank transfer,0
CUST_04339,18,11,110.12,1217.21,Month-to-month,Electronic check,1
CUST_04340,45,11,27.01,344.78,Two year,Bank transfer,0
CUST_04341,41,22,46.86,1095.5,One year,Credit card,0
CUST_04342,52,3,35.45,124.47,Two year,Bank transfer,0
CUST_04343,30,20,73.38,1415.76,Month-to-month,Bank transfer,1
CUST_04344,64,26,95.0,2510.63,One year,Bank transfer,0
CUST_04345,51,13,49.55,587.43,Two year,Electronic check,0
CUST_04346,28,72,95.8,6870.85,One year,Bank transfer,0
CUST_04347,53,22,86.87,1978.92,Month-to-month,Bank transfer,1
CUST_04348,68,5,92.82,463.85,One year,Electronic check,1
CUST_04349,34,15,114.82,1745.36,Two year,Credit card,0
CUST_04350,52,27,62.46,1584.37,One year,Credit card,0
CUST_04351,35,9,54.26,472.48,One year,Electronic check,0
CUST_04352,57,1,88.38,102.48,Two year,Bank transfer,0
CUST_04353,39,21,100.76,2120.73,Month-to-month,Mailed check,1
CUST_04354,74,70,39.14,2779.21,Two year,Bank transfer,0
CUST_04355,41,15,104.68,1538.52,One year,Mailed check,0
CUST_04356,36,56,25.79,1501.6,Month-to-month,Bank transfer,0
CUST_04357,54,43,20.64,864.4,Month-to-month,Mailed check,0
CUST_04358,56,3,35.84,108.66,Month-to-month,Electronic check,1
CUST_04359,38,29,117.87,3368.85,One year,Mailed check,1
CUST_04360,25,13,72.36,968.36,One year,Bank transfer,0
CUST_04361,45,6,24.66,110.02,Two year,Electronic check,0
CUST_04362,22,27,119.72,3245.6,Two year,Mailed check,1
CUST_04363,34,32,94.49,3064.42,Month-to-month,Electronic check,1
CUST_04364,54,4,103.8,461.37,One year,Mailed check,1
CUST_04365,53,59,41.29,2567.02,One year,Electronic check,0
CUST_04366,71,33,30.54,1008.18,Month-to-month,Mailed check,0
CUST_04367,36,65,71.51,4632.7,One year,Credit card,0
CUST_04368,44,9,97.22,843.57,Month-to-month,Bank transfer,1
CUST_04369,70,67,83.78,5643.99,Month-to-month,Bank transfer,0
CUST_04370,51,11,83.11,907.82,Month-to-month,Bank transfer,0
CUST_04371,28,1,95.71,53.5,One year,Credit card,1
CUST_04372,71,34,42.7,1407.97,One year,Bank transfer,0
CUST_04373,62,29,86.15,2561.16,One year,Electronic check,1
CUST_04374,64,21,59.21,1287.49,One year,Credit card,1
CUST_04375,29,16,26.98,497.83,Month-to-month,Electronic check,0
CUST_04376,71,0,40.21,0.0,Month-to-month,Credit card,0
CUST_04377,38,23,99.4,2268.32,Month-to-month,Mailed check,1
CUST_04378,71,12,109.59,1269.34,Month-to-month,Electronic check,1
CUST_04379,28,19,48.28,924.02,Two year,Credit card,0
CUST_04380,56,13,39.04,468.0,One year,Electronic check,0
CUST_04381,45,72,22.67,1702.09,Month-to-month,Electronic check,1
CUST_04382,22,22,114.77,2507.09,Month-to-month,Mailed check,1
CUST_04383,34,33,88.39,3009.69,One year,Bank transfer,0
CUST_04384,73,66,115.7,7679.31,One year,Electronic check,0
CUST_04385,37,21,106.38,2279.21,One year,Bank transfer,1
CUST_04386,58,0,54.05,86.39,Month-to-month,Credit card,1
CUST_04387,63,0,31.27,3.46,One year,Electronic check,0
CUST_04388,29,29,69.91,2069.54,Month-to-month,Bank transfer,1
CUST_04389,23,7,22.68,174.49,Two year,Credit card,0
CUST_04390,34,20,34.99,660.37,Month-to-month,Credit card,1
CUST_04391,68,5,43.34,185.12,Month-to-month,Electronic check,1
CUST_04392,36,7,86.56,595.83,One year,Credit card,1
CUST_04393,43,16,70.99,1158.32,Month-to-month,Credit card,1
CUST_04394,65,72,50.24,3654.89,One year,Credit card,0
CUST_04395,61,22,76.48,1710.65,Month-to-month,Mailed check,0
CUST_04396,61,66,32.52,2175.24,Month-to-month,Electronic check,1
CUST_04397,69,72,95.57,6867.18,Two year,Electronic check,1
CUST_04398,49,5,91.2,345.11,Month-to-month,Mailed check,1
CUST_04399,23,8,41.65,371.37,Month-to-month,Electronic check,1
CUST_04400,72,35,80.64,2782.52,Month-to-month,Credit card,0
CUST_04401,53,48,70.33,3483.62,Two year,Electronic check,0
CUST_04402,55,17,26.08,460.58,One year,Credit card,1
CUST_04403,28,72,47.82,3511.94,Two year,Electronic check,1
CUST_04404,50,0,119.95,0.0,Two year,Bank transfer,1
CUST_04405,41,8,29.95,296.06,One year,Mailed check,0
CUST_04406,40,23,70.64,1660.5,One year,Bank transfer,1
CUST_04407,32,15,104.93,1592.81,Two year,Bank transfer,0
CUST_04408,44,2,50.07,47.59,Month-to-month,Bank transfer,1
CUST_04409,28,11,46.07,471.55,Two year,Electronic check,1
CUST_04410,74,0,109.08,32.75,One year,Electronic check,1
CUST_04411,68,24,50.48,1176.32,One year,Bank transfer,0
CUST_04412,67,53,85.15,4471.48,Month-to-month,Electronic check,1
CUST_04413,34,51,94.03,4770.26,One year,Electronic check,1
CUST_04414,68,28,98.86,2793.2,One year,Electronic check,0
CUST_04415,70,15,119.48,1863.27,One year,Credit card,1
CUST_04416,31,17,100.32,1726.14,Two year,Bank transfer,0
CUST_04417,44,3,85.7,318.08,One year,Electronic check,1
CUST_04418,35,10,109.55,1088.45,Month-to-month,Electronic check,1
CUST_04419,45,4,110.57,544.21,One year,Mailed check,1
CUST_04420,68,41,117.32,4876.67,One year,Mailed check,0
CUST_04421,64,59,97.65,5806.07,Two year,Bank transfer,0
CUST_04422,64,18,39.49,733.67,One year,Credit card,1
CUST_04423,21,31,90.98,2840.21,Month-to-month,Mailed check,1
CUST_04424,24,3,27.51,8.0,Month-to-month,Bank transfer,0
CUST_04425,62,22,51.8,1062.7,Month-to-month,Bank transfer,1
CUST_04426,52,29,31.58,948.5,Month-to-month,Mailed check,1
CUST_04427,65,14,114.99,1613.49,One year,Electronic check,1
CUST_04428,26,6,53.88,351.38,Month-to-month,Bank transfer,0
CUST_04429,25,50,91.32,4509.51,Month-to-month,Mailed check,1
CUST_04430,69,32,77.13,2544.32,One year,Bank transfer,0
CUST_04431,62,55,30.75,1681.15,Month-to-month,Electronic check,0
CUST_04432,34,40,76.13,3064.21,Month-to-month,Bank transfer,1
CUST_04433,34,72,86.1,6174.04,One year,Credit card,0
CUST_04434,66,5,108.15,557.08,Month-to-month,Mailed check,0
CUST_04435,50,2,27.01,173.17,One year,Electronic check,0
CUST_04436,49,9,49.56,503.92,One year,Bank transfer,0
CUST_04437,25,3,89.23,239.24,Two year,Credit card,0
CUST_04438,36,17,23.43,348.0,Month-to-month,Bank transfer,1
CUST_04439,55,24,40.36,986.38,Month-to-month,Electronic check,0
CUST_04440,20,20,41.87,820.88,One year,Mailed check,0
CUST_04441,22,7,86.93,574.65,Month-to-month,Credit card,0
CUST_04442,30,57,48.6,2869.58,One year,Bank transfer,0
CUST_04443,64,0,79.96,0.0,Month-to-month,Electronic check,1
CUST_04444,63,10,116.53,1200.8,One year,Bank transfer,0
CUST_04445,48,30,99.32,3076.74,Two year,Mailed check,0
CUST_04446,72,34,53.29,1753.87,Two year,Bank transfer,0
CUST_04447,33,12,67.24,786.03,Two year,Mailed check,0
CUST_04448,67,0,40.07,0.0,Month-to-month,Bank transfer,1
CUST_04449,49,23,21.57,576.59,One year,Electronic check,0
CUST_04450,39,1,48.97,47.5,One year,Mailed check,0
CUST_04451,46,2,56.94,216.31,Two year,Bank transfer,0
CUST_04452,39,25,76.44,1953.59,Two year,Bank transfer,0
CUST_04453,60,8,114.41,897.67,Two year,Electronic check,1
CUST_04454,20,10,114.79,1091.48,Two year,Mailed check,1
CUST_04455,71,16,27.01,381.61,One year,Electronic check,0
CUST_04456,27,72,81.46,5898.25,One year,Bank transfer,0
CUST_04457,59,72,24.24,1873.75,Two year,Electronic check,0
CUST_04458,38,12,84.81,994.05,One year,Electronic check,1
CUST_04459,33,7,31.77,190.29,Two year,Mailed check,0
CUST_04460,29,8,114.64,949.86,Two year,Credit card,1
CUST_04461,19,7,106.43,735.19,One year,Credit card,1
CUST_04462,58,18,22.23,376.92,Month-to-month,Mailed check,1
CUST_04463,41,22,98.21,2238.25,Month-to-month,Mailed check,1
CUST_04464,52,16,83.59,1413.87,Month-to-month,Electronic check,1
CUST_04465,73,12,69.54,848.79,One year,Electronic check,1
CUST_04466,47,5,80.26,368.71,One year,Bank transfer,1
CUST_04467,74,15,87.83,1336.85,One year,Credit card,0
CUST_04468,47,10,108.45,1135.74,One year,Credit card,1
CUST_04469,64,18,96.74,1808.67,Two year,Credit card,0
CUST_04470,52,26,77.54,2072.27,Month-to-month,Credit card,0
CUST_04471,36,24,102.46,2329.6,Two year,Electronic check,1
CUST_04472,67,14,118.69,1686.25,Month-to-month,Credit card,1
CUST_04473,25,19,50.02,988.92,One year,Mailed check,1
CUST_04474,43,8,31.84,300.99,One year,Credit card,0
CUST_04475,66,0,93.14,17.93,One year,Mailed check,1
CUST_04476,57,23,117.86,2712.94,One year,Mailed check,1
CUST_04477,24,6,31.67,175.36,Month-to-month,Electronic check,1
CUST_04478,47,26,63.17,1602.74,Month-to-month,Electronic check,1
CUST_04479,24,32,26.23,807.72,Month-to-month,Bank transfer,0
CUST_04480,20,59,97.65,5830.41,Month-to-month,Credit card,0
CUST_04481,18,72,114.87,8306.37,One year,Electronic check,1
CUST_04482,53,0,69.9,41.3,One year,Electronic check,1
CUST_04483,42,72,60.95,4360.0,Two year,Electronic check,0
CUST_04484,54,27,110.77,3017.52,Two year,Electronic check,1
CUST_04485,18,24,33.34,892.2,One year,Electronic check,0
CUST_04486,32,0,109.16,6.94,Month-to-month,Electronic check,1
CUST_04487,54,47,59.21,2822.45,One year,Electronic check,0
CUST_04488,30,3,75.94,202.55,One year,Credit card,0
CUST_04489,57,43,72.83,3112.24,One year,Credit card,0
CUST_04490,25,0,81.6,14.29,One year,Mailed check,1
CUST_04491,22,24,114.21,2706.28,One year,Credit card,0
CUST_04492,26,13,115.11,1459.09,Two year,Electronic check,0
CUST_04493,18,5,103.11,507.11,Two year,Bank transfer,1
CUST_04494,53,2,39.15,88.5,Two year,Bank transfer,0
CUST_04495,52,13,53.35,662.93,Two year,Electronic check,1
CUST_04496,19,3,68.78,214.93,Two year,Mailed check,0
CUST_04497,57,15,110.55,1602.16,Month-to-month,Credit card,1
CUST_04498,40,23,72.09,1666.28,Two year,Electronic check,0
CUST_04499,26,42,117.74,4850.38,Month-to-month,Electronic check,1
CUST_04500,51,27,118.38,3250.34,One year,Credit card,0
CUST_04501,63,1,79.86,2.18,Month-to-month,Electronic check,1
CUST_04502,31,8,107.75,939.77,Month-to-month,Mailed check,1
CUST_04503,21,8,119.92,980.78,Month-to-month,Credit card,1
CUST_04504,47,59,104.97,6222.76,Month-to-month,Credit card,1
CUST_04505,48,48,85.69,4091.24,Month-to-month,Credit card,1
CUST_04506,55,11,104.51,1176.74,Month-to-month,Bank transfer,1
CUST_04507,28,1,28.27,37.67,Two year,Electronic check,0
CUST_04508,52,53,83.48,4366.88,Two year,Credit card,0
CUST_04509,25,52,41.65,2204.31,One year,Bank transfer,0
CUST_04510,20,46,31.61,1412.4,Two year,Bank transfer,0
CUST_04511,31,44,109.29,4925.76,One year,Credit card,1
CUST_04512,30,15,83.96,1220.23,Two year,Credit card,0
CUST_04513,62,4,44.35,96.51,One year,Bank transfer,0
CUST_04514,49,15,58.68,964.88,One year,Electronic check,0
CUST_04515,51,16,117.33,1916.24,Two year,Electronic check,0
CUST_04516,62,16,106.22,1722.27,Month-to-month,Mailed check,1
CUST_04517,36,18,21.56,360.44,Month-to-month,Electronic check,1
CUST_04518,55,7,117.98,829.08,One year,Electronic check,1
CUST_04519,33,10,56.85,560.62,Month-to-month,Bank transfer,1
CUST_04520,19,13,89.54,1208.66,One year,Bank transfer,1
CUST_04521,57,3,91.27,244.17,Month-to-month,Bank transfer,1
CUST_04522,34,14,111.17,1531.26,Two year,Electronic check,1
CUST_04523,72,39,108.51,4267.99,Two year,Mailed check,0
CUST_04524,51,42,48.17,2089.58,Month-to-month,Electronic check,1
CUST_04525,59,12,84.35,992.83,Month-to-month,Bank transfer,1
CUST_04526,33,17,59.37,1041.59,Month-to-month,Bank transfer,0
CUST_04527,55,0,72.55,51.97,One year,Bank transfer,0
CUST_04528,19,26,75.47,1916.3,Month-to-month,Electronic check,1
CUST_04529,19,12,59.63,701.66,One year,Electronic check,1
CUST_04530,43,14,66.39,843.73,Month-to-month,Credit card,1
CUST_04531,30,49,40.83,2103.7,Month-to-month,Electronic check,0
CUST_04532,73,14,80.76,1142.91,Month-to-month,Bank transfer,0
CUST_04533,64,0,95.9,45.56,One year,Electronic check,1
CUST_04534,48,6,62.97,358.03,Month-to-month,Electronic check,1
CUST_04535,51,15,117.77,1741.77,One year,Electronic check,0
CUST_04536,56,13,25.72,329.08,Month-to-month,Credit card,0
CUST_04537,20,47,78.92,3700.45,Month-to-month,Electronic check,1
CUST_04538,25,18,78.36,1528.79,Month-to-month,Credit card,1
CUST_04539,40,28,23.63,681.5,One year,Credit card,0
CUST_04540,31,15,42.46,670.76,One year,Bank transfer,0
CUST_04541,73,13,110.55,1438.22,Two year,Mailed check,0
CUST_04542,72,14,74.45,1046.29,Month-to-month,Credit card,0
CUST_04543,44,12,63.64,797.69,Month-to-month,Bank transfer,1
CUST_04544,71,18,61.55,1106.15,Month-to-month,Mailed check,1
CUST_04545,46,6,108.82,723.02,Month-to-month,Bank transfer,1
CUST_04546,56,53,56.7,2963.9,Month-to-month,Electronic check,0
CUST_04547,70,9,105.92,1014.09,Month-to-month,Electronic check,1
CUST_04548,56,3,50.92,211.2,Month-to-month,Credit card,0
CUST_04549,18,2,73.15,250.48,One year,Credit card,1
CUST_04550,34,0,34.38,0.0,One year,Bank transfer,0
CUST_04551,58,13,102.5,1386.48,Month-to-month,Mailed check,0
CUST_04552,47,4,93.6,341.21,One year,Credit card,1
CUST_04553,70,0,73.01,44.77,One year,Bank transfer,0
CUST_04554,30,17,22.59,428.44,Month-to-month,Mailed check,0
CUST_04555,38,27,68.13,1796.74,One year,Bank transfer,0
CUST_04556,36,2,42.52,120.73,Two year,Electronic check,0
CUST_04557,70,14,61.34,841.88,Two year,Electronic check,1
CUST_04558,36,32,105.64,3345.91,One year,Credit card,0
CUST_04559,74,72,96.96,6887.1,One year,Credit card,0
CUST_04560,42,26,44.2,1219.73,One year,Mailed check,0
CUST_04561,39,6,118.5,706.43,Month-to-month,Bank transfer,1
CUST_04562,48,30,110.32,3257.08,One year,Credit card,0
CUST_04563,34,21,72.87,1546.12,Month-to-month,Bank transfer,0
CUST_04564,72,5,73.02,370.41,Two year,Electronic check,0
CUST_04565,40,45,110.13,4909.83,Month-to-month,Mailed check,1
CUST_04566,49,13,83.61,1041.87,Month-to-month,Electronic check,1
CUST_04567,27,72,73.67,5359.62,One year,Credit card,0
CUST_04568,27,30,94.91,2857.88,One year,Bank transfer,0
CUST_04569,53,24,43.51,1011.89,Month-to-month,Electronic check,1
CUST_04570,25,31,107.84,3323.98,One year,Credit card,1
CUST_04571,71,15,73.14,1078.84,Month-to-month,Credit card,0
CUST_04572,69,16,80.35,1201.74,One year,Mailed check,0
CUST_04573,37,45,28.99,1351.64,Month-to-month,Bank transfer,0
CUST_04574,49,27,50.95,1357.39,Month-to-month,Bank transfer,1
CUST_04575,67,54,62.67,3376.47,Month-to-month,Bank transfer,0
CUST_04576,31,53,61.39,3281.76,Month-to-month,Bank transfer,0
CUST_04577,67,72,97.83,7105.99,One year,Bank transfer,0
CUST_04578,45,28,48.23,1360.52,Month-to-month,Credit card,1
CUST_04579,63,16,38.21,556.84,Two year,Bank transfer,0
CUST_04580,69,4,78.26,300.6,Month-to-month,Electronic check,1
CUST_04581,70,29,81.5,2360.07,Month-to-month,Electronic check,1
CUST_04582,41,8,32.16,165.74,One year,Electronic check,0
CUST_04583,32,7,20.25,165.55,Month-to-month,Mailed check,0
CUST_04584,39,6,111.76,703.45,Month-to-month,Electronic check,1
CUST_04585,47,49,27.96,1374.67,Month-to-month,Credit card,0
CUST_04586,21,48,109.79,5228.13,Month-to-month,Credit card,1
CUST_04587,30,23,59.92,1388.77,One year,Credit card,0
CUST_04588,40,15,85.31,1330.89,One year,Credit card,0
CUST_04589,25,26,38.56,991.7,Month-to-month,Electronic check,1
CUST_04590,35,22,102.39,2292.43,One year,Mailed check,1
CUST_04591,29,12,38.02,477.85,Two year,Mailed check,0
CUST_04592,72,11,58.65,550.48,Two year,Electronic check,1
CUST_04593,48,11,43.8,456.01,Month-to-month,Credit card,1
CUST_04594,31,21,103.75,2204.89,Month-to-month,Bank transfer,1
CUST_04595,51,25,105.83,2652.4,One year,Electronic check,0
CUST_04596,35,14,57.2,847.81,Month-to-month,Electronic check,1
CUST_04597,73,72,50.74,3665.11,Month-to-month,Bank transfer,1
CUST_04598,51,2,97.36,227.22,Month-to-month,Electronic check,1
CUST_04599,28,10,107.85,1061.77,Month-to-month,Electronic check,1
CUST_04600,58,13,82.4,1087.92,One year,Bank transfer,0
CUST_04601,29,0,112.74,0.0,One year,Credit card,1
CUST_04602,66,10,58.3,626.48,Month-to-month,Credit card,1
CUST_04603,32,7,35.19,259.91,One year,Bank transfer,1
CUST_04604,74,16,37.96,546.58,One year,Mailed check,0
CUST_04605,48,9,86.98,771.4,One year,Credit card,0
CUST_04606,66,31,60.75,2008.36,Two year,Credit card,0
CUST_04607,46,17,35.63,596.13,Two year,Bank transfer,0
CUST_04608,43,3,49.22,132.23,One year,Credit card,1
CUST_04609,35,33,73.06,2373.0,Two year,Bank transfer,0
CUST_04610,49,2,32.14,10.34,Month-to-month,Electronic check,1
CUST_04611,39,43,20.34,825.76,One year,Credit card,0
CUST_04612,55,64,111.73,7251.62,One year,Bank transfer,0
CUST_04613,34,9,50.49,472.67,One year,Bank transfer,0
CUST_04614,40,62,42.15,2542.62,Month-to-month,Mailed check,1
CUST_04615,41,37,89.85,3325.43,Month-to-month,Electronic check,1
CUST_04616,67,61,105.34,6477.19,Month-to-month,Electronic check,1
CUST_04617,25,26,83.23,2185.22,One year,Electronic check,1
CUST_04618,58,6,45.45,203.94,Two year,Electronic check,0
CUST_04619,23,53,106.16,5658.91,Month-to-month,Electronic check,1
CUST_04620,22,4,71.04,285.67,Two year,Bank transfer,0
CUST_04621,61,5,58.12,301.31,Month-to-month,Credit card,0
CUST_04622,74,7,80.47,655.85,Two year,Credit card,0
CUST_04623,46,8,90.06,719.47,Two year,Electronic check,0
CUST_04624,45,17,79.38,1314.45,Month-to-month,Credit card,1
CUST_04625,28,29,112.02,3162.09,Month-to-month,Bank transfer,1
CUST_04626,74,62,82.8,5098.92,Month-to-month,Bank transfer,0
CUST_04627,18,2,107.86,178.09,Two year,Electronic check,0
CUST_04628,60,72,78.7,5571.08,Month-to-month,Mailed check,1
CUST_04629,36,61,52.97,3264.75,One year,Credit card,0
CUST_04630,26,1,73.23,98.46,Month-to-month,Mailed check,0
CUST_04631,44,10,28.63,285.12,Two year,Electronic check,0
CUST_04632,51,40,43.02,1670.98,Month-to-month,Mailed check,0
CUST_04633,61,22,96.62,2138.12,Month-to-month,Electronic check,1
CUST_04634,21,36,86.15,3132.82,Month-to-month,Bank transfer,0
CUST_04635,53,30,36.65,1187.85,One year,Credit card,0
CUST_04636,35,16,63.8,1038.21,Month-to-month,Bank transfer,1
CUST_04637,32,1,34.2,57.25,One year,Credit card,0
CUST_04638,68,21,105.58,2225.59,Month-to-month,Credit card,1
CUST_04639,30,1,30.92,21.23,One year,Electronic check,1
CUST_04640,36,22,85.42,1918.34,One year,Electronic check,0
CUST_04641,66,38,80.7,3063.99,Month-to-month,Mailed check,1
CUST_04642,23,21,67.28,1405.57,Month-to-month,Electronic check,0
CUST_04643,65,72,47.82,3424.81,One year,Bank transfer,0
CUST_04644,73,14,60.4,830.9,Month-to-month,Electronic check,1
CUST_04645,29,33,100.64,3337.97,Month-to-month,Mailed check,1
CUST_04646,68,26,96.16,2531.3,One year,Mailed check,1
CUST_04647,54,72,93.88,6723.45,Month-to-month,Bank transfer,1
CUST_04648,34,29,94.98,2765.0,One year,Bank transfer,1
CUST_04649,40,4,34.39,92.82,Month-to-month,Credit card,1
CUST_04650,43,72,29.91,2185.03,Month-to-month,Electronic check,1
CUST_04651,46,26,106.15,2833.46,One year,Bank transfer,0
CUST_04652,50,1,103.72,131.26,Month-to-month,Electronic check,1
CUST_04653,44,25,88.13,2187.39,Month-to-month,Electronic check,1
CUST_04654,42,51,80.59,4161.35,One year,Electronic check,0
CUST_04655,73,20,56.69,1071.99,Month-to-month,Mailed check,1
CUST_04656,72,10,42.41,439.21,One year,Bank transfer,0
CUST_04657,27,41,86.77,3698.95,Two year,Electronic check,0
CUST_04658,64,36,111.3,3962.85,One year,Mailed check,0
CUST_04659,40,18,63.7,1130.41,Month-to-month,Electronic check,1
CUST_04660,38,4,50.32,190.31,One year,Bank transfer,1
CUST_04661,38,6,47.07,226.51,Month-to-month,Bank transfer,1
CUST_04662,60,32,22.37,678.3,Month-to-month,Credit card,0
CUST_04663,30,39,72.03,2810.65,Two year,Bank transfer,0
CUST_04664,54,7,118.82,912.19,Month-to-month,Bank transfer,1
CUST_04665,50,11,101.52,1140.71,Month-to-month,Electronic check,1
CUST_04666,41,1,109.75,165.79,Month-to-month,Electronic check,1
CUST_04667,61,29,82.12,2423.28,Two year,Bank transfer,0
CUST_04668,28,0,68.14,17.36,Month-to-month,Bank transfer,0
CUST_04669,34,1,119.05,29.54,Month-to-month,Credit card,1
CUST_04670,21,0,64.72,80.69,One year,Credit card,0
CUST_04671,64,24,111.68,2731.78,One year,Credit card,1
CUST_04672,42,12,96.18,1168.3,Month-to-month,Credit card,1
CUST_04673,47,8,53.1,360.75,Two year,Bank transfer,0
CUST_04674,26,58,70.31,4005.1,Month-to-month,Electronic check,1
CUST_04675,38,5,58.43,232.26,Month-to-month,Electronic check,1
CUST_04676,37,11,33.62,335.41,Month-to-month,Credit card,1
CUST_04677,36,67,55.68,3748.93,One year,Electronic check,0
CUST_04678,36,13,108.9,1403.24,Month-to-month,Electronic check,1
CUST_04679,29,19,95.26,1814.6,Two year,Bank transfer,0
CUST_04680,54,2,47.76,123.2,Two year,Mailed check,0
CUST_04681,59,37,56.79,2166.72,Month-to-month,Bank transfer,1
CUST_04682,34,13,81.64,1029.85,Two year,Bank transfer,0
CUST_04683,54,38,61.61,2257.8,Month-to-month,Bank transfer,1
CUST_04684,71,7,70.3,451.98,Month-to-month,Bank transfer,1
CUST_04685,65,13,89.82,1197.79,One year,Mailed check,0
CUST_04686,56,37,66.73,2510.86,One year,Electronic check,0
CUST_04687,45,72,39.1,2858.19,One year,Credit card,0
CUST_04688,58,1,72.06,37.32,One year,Mailed check,0
CUST_04689,52,40,55.61,2240.73,Two year,Bank transfer,0
CUST_04690,64,8,49.07,468.6,One year,Bank transfer,0
CUST_04691,65,19,52.81,1040.92,Month-to-month,Mailed check,0
CUST_04692,35,8,63.9,423.36,Two year,Mailed check,0
CUST_04693,31,22,108.66,2388.05,Two year,Electronic check,0
CUST_04694,52,10,93.41,917.32,Month-to-month,Electronic check,1
CUST_04695,61,9,86.79,706.36,One year,Electronic check,1
CUST_04696,58,0,67.13,73.4,Two year,Credit card,0
CUST_04697,24,3,20.18,0.0,Two year,Bank transfer,0
CUST_04698,58,59,54.06,3184.39,Month-to-month,Electronic check,1
CUST_04699,30,72,101.32,7360.45,One year,Bank transfer,0
CUST_04700,35,36,58.82,2073.66,Two year,Electronic check,0
CUST_04701,54,8,76.38,609.41,Month-to-month,Mailed check,0
CUST_04702,30,12,40.47,510.14,One year,Credit card,0
CUST_04703,53,32,111.59,3530.86,One year,Credit card,0
CUST_04704,48,72,112.32,8058.27,Month-to-month,Bank transfer,1
CUST_04705,19,14,34.61,499.6,Month-to-month,Credit card,0
CUST_04706,33,42,92.42,3913.51,One year,Credit card,1
CUST_04707,26,72,27.52,2020.77,Month-to-month,Bank transfer,0
CUST_04708,26,49,79.85,3864.28,Month-to-month,Credit card,1
CUST_04709,55,6,37.87,146.01,One year,Bank transfer,0
CUST_04710,28,0,34.57,42.66,One year,Electronic check,1
CUST_04711,71,16,20.41,388.88,Month-to-month,Credit card,0
CUST_04712,73,18,114.09,2183.37,One year,Electronic check,0
CUST_04713,39,5,102.93,671.09,One year,Mailed check,0
CUST_04714,50,8,27.75,310.05,Month-to-month,Mailed check,1
CUST_04715,53,34,79.94,2666.23,One year,Credit card,0
CUST_04716,62,15,43.29,639.76,One year,Electronic check,0
CUST_04717,40,9,46.4,449.84,Month-to-month,Mailed check,1
CUST_04718,62,23,107.42,2493.82,Two year,Mailed check,0
CUST_04719,62,25,31.43,777.34,One year,Bank transfer,0
CUST_04720,51,35,80.15,2871.45,Month-to-month,Mailed check,1
CUST_04721,26,4,60.13,215.64,Month-to-month,Bank transfer,0
CUST_04722,41,32,39.08,1261.78,One year,Credit card,0
CUST_04723,25,21,65.19,1372.82,Month-to-month,Electronic check,0
CUST_04724,24,1,114.05,138.04,Month-to-month,Credit card,1
CUST_04725,53,36,98.16,3561.23,Month-to-month,Mailed check,1
CUST_04726,35,11,33.21,322.32,One year,Bank transfer,1
CUST_04727,20,9,104.94,804.4,Month-to-month,Bank transfer,0
CUST_04728,45,14,113.74,1569.2,Two year,Credit card,0
CUST_04729,23,10,47.7,489.49,One year,Electronic check,1
CUST_04730,61,9,53.34,504.85,One year,Bank transfer,0
CUST_04731,61,39,32.63,1241.88,One year,Electronic check,0
CUST_04732,38,3,54.49,178.0,One year,Bank transfer,0
CUST_04733,45,72,87.31,6299.7,One year,Bank transfer,0
CUST_04734,57,19,47.22,863.98,One year,Electronic check,0
CUST_04735,71,4,20.68,74.56,Month-to-month,Credit card,1
CUST_04736,71,3,53.85,101.59,Month-to-month,Mailed check,1
CUST_04737,18,21,65.32,1273.77,Two year,Bank transfer,0
CUST_04738,53,24,76.64,1900.46,One year,Bank transfer,0
CUST_04739,38,1,88.38,98.35,Month-to-month,Bank transfer,1
CUST_04740,60,6,26.18,140.08,Month-to-month,Electronic check,0
CUST_04741,52,38,66.98,2564.22,One year,Electronic check,1
CUST_04742,30,1,46.64,69.92,Month-to-month,Credit card,0
CUST_04743,74,46,114.8,5381.66,Two year,Credit card,0
CUST_04744,66,25,55.99,1466.77,One year,Bank transfer,0
CUST_04745,71,13,30.01,407.65,Month-to-month,Bank transfer,0
CUST_04746,71,10,24.15,348.72,Month-to-month,Credit card,0
CUST_04747,27,0,46.54,0.0,Month-to-month,Mailed check,0
CUST_04748,70,41,37.89,1614.16,Month-to-month,Mailed check,0
CUST_04749,61,3,84.98,228.39,Two year,Credit card,0
CUST_04750,64,8,104.7,840.3,Two year,Electronic check,1
CUST_04751,70,20,51.26,1058.74,Two year,Credit card,0
CUST_04752,27,6,77.78,477.53,One year,Mailed check,0
CUST_04753,63,16,93.03,1503.04,One year,Bank transfer,1
CUST_04754,30,39,59.85,2346.68,Two year,Bank transfer,0
CUST_04755,54,15,26.63,464.62,Two year,Electronic check,0
CUST_04756,55,71,42.92,3052.2,Two year,Bank transfer,0
CUST_04757,41,45,108.31,4844.27,Two year,Bank transfer,0
CUST_04758,19,9,102.45,919.48,One year,Electronic check,1
CUST_04759,39,12,28.65,408.44,Month-to-month,Bank transfer,0
CUST_04760,34,13,42.39,593.9,Month-to-month,Mailed check,1
CUST_04761,53,23,96.92,2223.82,One year,Bank transfer,1
CUST_04762,31,8,68.59,509.9,One year,Electronic check,0
CUST_04763,27,72,96.0,6884.44,Two year,Bank transfer,0
CUST_04764,52,22,41.11,903.7,Two year,Electronic check,1
CUST_04765,42,12,115.27,1379.09,One year,Bank transfer,0
CUST_04766,20,24,98.36,2324.17,Month-to-month,Credit card,1
CUST_04767,64,12,39.75,524.53,Month-to-month,Credit card,0
CUST_04768,55,40,75.84,3005.2,Month-to-month,Credit card,1
CUST_04769,34,20,31.31,581.03,Month-to-month,Mailed check,1
CUST_04770,29,1,56.14,46.28,One year,Credit card,0
CUST_04771,71,4,85.96,367.12,Month-to-month,Electronic check,1
CUST_04772,69,48,53.01,2498.56,Month-to-month,Bank transfer,1
CUST_04773,41,19,85.68,1630.43,Month-to-month,Electronic check,1
CUST_04774,46,72,44.48,3180.87,One year,Bank transfer,0
CUST_04775,60,1,92.12,75.77,Month-to-month,Credit card,1
CUST_04776,42,8,55.96,447.21,Two year,Credit card,0
CUST_04777,53,5,99.05,524.85,Month-to-month,Electronic check,1
CUST_04778,43,19,33.67,640.21,Month-to-month,Electronic check,0
CUST_04779,55,11,56.2,749.17,One year,Bank transfer,0
CUST_04780,18,4,66.39,300.06,Two year,Credit card,0
CUST_04781,37,24,62.38,1517.49,One year,Electronic check,0
CUST_04782,72,18,63.31,1124.42,One year,Credit card,0
CUST_04783,45,7,64.48,426.09,Two year,Bank transfer,0
CUST_04784,33,15,118.88,1833.72,One year,Bank transfer,0
CUST_04785,64,32,39.32,1178.93,Month-to-month,Mailed check,0
CUST_04786,34,5,96.87,540.56,One year,Credit card,0
CUST_04787,57,8,75.18,659.57,Two year,Credit card,1
CUST_04788,45,10,61.36,607.68,One year,Electronic check,1
CUST_04789,29,32,83.35,2724.95,Two year,Mailed check,0
CUST_04790,44,45,105.35,4726.41,One year,Credit card,0
CUST_04791,71,11,66.66,728.64,Month-to-month,Electronic check,1
CUST_04792,70,8,106.48,877.28,One year,Mailed check,0
CUST_04793,59,52,29.38,1509.24,One year,Electronic check,0
CUST_04794,64,72,85.31,6178.0,Two year,Bank transfer,0
CUST_04795,47,26,53.32,1363.09,Two year,Electronic check,0
CUST_04796,58,72,58.67,4238.01,Two year,Mailed check,0
CUST_04797,51,25,77.1,2059.4,Two year,Bank transfer,0
CUST_04798,54,31,67.99,2131.72,Month-to-month,Electronic check,1
CUST_04799,23,11,58.18,694.32,Two year,Bank transfer,1
CUST_04800,24,13,50.83,706.4,Month-to-month,Electronic check,1
CUST_04801,49,3,81.83,146.38,Month-to-month,Credit card,0
CUST_04802,49,41,70.56,2888.29,One year,Bank transfer,0
CUST_04803,70,64,52.33,3417.66,One year,Bank transfer,0
CUST_04804,42,23,40.5,872.26,Two year,Bank transfer,0
CUST_04805,50,10,97.45,965.84,One year,Electronic check,1
CUST_04806,72,4,99.97,506.43,Two year,Credit card,1
CUST_04807,24,7,41.38,233.24,Month-to-month,Credit card,1
CUST_04808,69,7,46.16,380.68,Two year,Bank transfer,0
CUST_04809,74,22,43.91,922.89,One year,Mailed check,0
CUST_04810,29,69,108.46,7512.16,One year,Credit card,1
CUST_04811,33,1,97.41,133.99,Month-to-month,Bank transfer,1
CUST_04812,33,0,27.46,40.4,One year,Bank transfer,0
CUST_04813,60,22,103.27,2225.02,One year,Credit card,0
CUST_04814,70,8,23.69,248.25,One year,Bank transfer,0
CUST_04815,53,50,45.32,2230.7,One year,Electronic check,0
CUST_04816,30,9,111.9,928.85,Month-to-month,Electronic check,1
CUST_04817,24,8,106.43,802.57,Month-to-month,Bank transfer,1
CUST_04818,53,7,98.14,645.29,Month-to-month,Bank transfer,1
CUST_04819,64,3,65.75,235.09,Two year,Electronic check,1
CUST_04820,68,20,52.14,1093.7,One year,Electronic check,1
CUST_04821,26,4,108.15,439.98,Two year,Credit card,1
CUST_04822,49,13,85.71,1066.31,One year,Mailed check,0
CUST_04823,28,14,49.55,667.31,Two year,Bank transfer,0
CUST_04824,25,0,66.32,0.0,Month-to-month,Electronic check,1
CUST_04825,50,0,108.15,0.0,Month-to-month,Mailed check,1
CUST_04826,40,17,110.35,1820.59,One year,Mailed check,1
CUST_04827,42,28,85.93,2405.78,One year,Credit card,0
CUST_04828,73,68,93.26,6331.18,One year,Credit card,0
CUST_04829,25,4,23.93,40.65,Month-to-month,Electronic check,1
CUST_04830,62,2,80.46,225.91,Month-to-month,Bank transfer,1
CUST_04831,39,1,88.9,53.99,One year,Bank transfer,0
CUST_04832,21,13,22.04,227.06,One year,Electronic check,0
CUST_04833,57,23,104.39,2465.35,One year,Mailed check,1
CUST_04834,20,44,112.83,4979.8,Month-to-month,Credit card,1
CUST_04835,46,27,43.79,1167.92,One year,Credit card,0
CUST_04836,58,5,104.58,487.87,Month-to-month,Mailed check,1
CUST_04837,46,14,86.55,1193.24,One year,Bank transfer,1
CUST_04838,51,57,78.07,4413.24,One year,Bank transfer,0
CUST_04839,51,9,104.31,912.91,Month-to-month,Bank transfer,1
CUST_04840,45,16,48.56,785.61,Month-to-month,Mailed check,1
CUST_04841,30,72,99.09,7089.07,Month-to-month,Mailed check,1
CUST_04842,32,31,51.45,1466.38,Two year,Electronic check,0
CUST_04843,40,33,98.75,3343.39,One year,Credit card,1
CUST_04844,61,6,65.11,329.99,One year,Electronic check,1
CUST_04845,43,12,31.69,300.1,One year,Bank transfer,0
CUST_04846,21,2,58.15,176.99,Two year,Credit card,0
CUST_04847,43,22,43.35,930.22,One year,Mailed check,0
CUST_04848,57,2,30.05,77.25,Month-to-month,Electronic check,0
CUST_04849,26,43,31.03,1376.31,Month-to-month,Credit card,0
CUST_04850,72,40,98.01,3966.84,One year,Credit card,0
CUST_04851,22,18,108.14,1972.03,Month-to-month,Bank transfer,1
CUST_04852,73,3,112.71,304.55,Month-to-month,Bank transfer,1
CUST_04853,49,0,105.39,0.0,Two year,Mailed check,0
CUST_04854,37,38,103.02,4004.77,Two year,Bank transfer,0
CUST_04855,67,21,26.88,571.04,Two year,Bank transfer,1
CUST_04856,28,29,99.01,2894.58,Month-to-month,Electronic check,1
CUST_04857,32,8,98.33,762.37,Month-to-month,Electronic check,1
CUST_04858,49,17,33.13,579.58,Month-to-month,Mailed check,0
CUST_04859,45,33,86.2,2823.48,Two year,Mailed check,0
CUST_04860,39,14,65.25,899.12,One year,Credit card,1
CUST_04861,58,22,110.0,2352.57,Two year,Bank transfer,0
CUST_04862,34,37,89.54,3335.43,Two year,Mailed check,0
CUST_04863,43,5,115.1,459.84,One year,Credit card,1
CUST_04864,61,1,30.49,86.9,Month-to-month,Mailed check,1
CUST_04865,24,18,24.06,528.87,Month-to-month,Credit card,1
CUST_04866,59,1,117.36,95.0,Month-to-month,Credit card,1
CUST_04867,74,34,28.02,997.06,Month-to-month,Credit card,0
CUST_04868,43,30,58.62,1739.23,Month-to-month,Electronic check,1
CUST_04869,42,51,85.0,4334.61,One year,Electronic check,0
CUST_04870,27,24,108.01,2564.55,Month-to-month,Mailed check,1
CUST_04871,62,1,45.46,24.27,One year,Mailed check,1
CUST_04872,36,7,22.91,139.18,Two year,Credit card,0
CUST_04873,28,39,72.13,2717.44,Month-to-month,Electronic check,1
CUST_04874,30,4,67.11,284.86,Month-to-month,Bank transfer,1
CUST_04875,70,28,50.69,1325.3,Month-to-month,Bank transfer,1
CUST_04876,25,36,107.39,3846.21,Month-to-month,Mailed check,1
CUST_04877,57,9,94.93,765.39,One year,Electronic check,1
CUST_04878,21,9,105.81,933.61,One year,Credit card,1
CUST_04879,64,19,36.18,700.4,One year,Electronic check,0
CUST_04880,48,47,89.24,4262.43,Month-to-month,Mailed check,0
CUST_04881,45,6,117.51,702.65,One year,Credit card,0
CUST_04882,28,68,81.19,5506.08,One year,Bank transfer,0
CUST_04883,60,21,37.14,723.97,Month-to-month,Bank transfer,1
CUST_04884,18,72,119.58,8566.03,Month-to-month,Credit card,1
CUST_04885,66,2,72.83,204.25,Two year,Credit card,1
CUST_04886,64,3,104.01,335.02,Month-to-month,Mailed check,1
CUST_04887,69,42,34.94,1422.01,Two year,Bank transfer,0
CUST_04888,55,48,86.61,4055.29,Month-to-month,Bank transfer,1
CUST_04889,41,14,111.26,1639.66,Month-to-month,Credit card,1
CUST_04890,71,30,73.2,2134.02,One year,Bank transfer,0
CUST_04891,74,48,48.87,2345.2,Two year,Bank transfer,0
CUST_04892,64,1,32.74,0.0,Two year,Bank transfer,0
CUST_04893,48,20,49.59,936.85,Month-to-month,Mailed check,0
CUST_04894,58,46,55.49,2561.72,Two year,Credit card,0
CUST_04895,63,12,91.0,1134.83,One year,Electronic check,1
CUST_04896,67,8,37.86,335.76,Month-to-month,Credit card,1
CUST_04897,43,38,30.61,1193.1,Month-to-month,Bank transfer,1
CUST_04898,66,9,58.69,477.02,One year,Bank transfer,0
CUST_04899,67,0,65.87,8.44,One year,Bank transfer,1
CUST_04900,22,72,82.84,5981.09,Month-to-month,Electronic check,1
CUST_04901,37,21,90.75,1835.0,Two year,Credit card,1
CUST_04902,69,41,108.93,4361.77,One year,Electronic check,0
CUST_04903,58,41,48.9,2007.47,Two year,Electronic check,0
CUST_04904,28,1,72.86,31.54,One year,Electronic check,0
CUST_04905,73,4,56.6,161.81,One year,Electronic check,1
CUST_04906,71,8,20.14,60.48,Month-to-month,Mailed check,1
CUST_04907,50,9,77.94,666.17,One year,Electronic check,0
CUST_04908,67,25,101.58,2618.26,Two year,Bank transfer,0
CUST_04909,55,23,23.64,586.8,One year,Bank transfer,1
CUST_04910,44,16,20.35,398.88,Month-to-month,Credit card,0
CUST_04911,51,5,92.78,426.85,Month-to-month,Electronic check,0
CUST_04912,32,11,88.39,1025.91,Two year,Mailed check,0
CUST_04913,49,18,60.59,1152.51,Month-to-month,Electronic check,1
CUST_04914,38,15,86.16,1366.7,Two year,Credit card,1
CUST_04915,63,3,115.34,333.2,One year,Mailed check,0
CUST_04916,22,25,44.79,1095.79,Month-to-month,Bank transfer,1
CUST_04917,23,1,44.59,40.2,One year,Mailed check,0
CUST_04918,55,11,38.62,429.42,Month-to-month,Electronic check,1
CUST_04919,39,29,92.4,2614.14,One year,Electronic check,1
CUST_04920,35,0,55.32,0.0,Month-to-month,Credit card,1
CUST_04921,31,20,118.87,2433.04,One year,Electronic check,1
CUST_04922,27,9,91.46,795.26,Month-to-month,Credit card,1
CUST_04923,63,0,56.74,3.67,Month-to-month,Credit card,0
CUST_04924,30,5,34.92,198.41,Two year,Bank transfer,0
CUST_04925,48,67,79.2,5368.65,Month-to-month,Credit card,1
CUST_04926,47,17,49.49,871.53,Month-to-month,Electronic check,1
CUST_04927,20,72,110.55,8006.18,One year,Electronic check,0
CUST_04928,47,17,64.14,1112.02,One year,Electronic check,0
CUST_04929,23,18,49.26,901.19,Month-to-month,Electronic check,1
CUST_04930,46,11,78.86,911.09,Two year,Electronic check,1
CUST_04931,25,8,33.7,153.2,One year,Bank transfer,0
CUST_04932,61,6,76.15,492.22,Month-to-month,Electronic check,1
CUST_04933,62,10,25.61,152.29,One year,Bank transfer,0
CUST_04934,60,14,80.69,1103.85,Month-to-month,Mailed check,1
CUST_04935,61,5,73.02,409.9,Month-to-month,Electronic check,1
CUST_04936,50,6,72.08,424.29,Two year,Credit card,1
CUST_04937,34,7,88.42,615.42,One year,Bank transfer,1
CUST_04938,65,14,24.45,354.3,Two year,Credit card,1
CUST_04939,28,25,65.97,1742.09,Month-to-month,Credit card,0
CUST_04940,30,46,64.4,2854.0,Month-to-month,Bank transfer,0
CUST_04941,67,8,65.98,491.76,Month-to-month,Credit card,1
CUST_04942,28,4,117.99,541.66,Month-to-month,Electronic check,1
CUST_04943,48,11,33.93,360.61,One year,Mailed check,0
CUST_04944,45,53,89.04,4709.34,One year,Bank transfer,0
CUST_04945,61,0,60.2,34.17,One year,Bank transfer,0
CUST_04946,23,27,71.17,1859.35,One year,Bank transfer,0
CUST_04947,58,15,96.24,1487.73,One year,Credit card,0
CUST_04948,33,4,35.74,124.68,Two year,Bank transfer,0
CUST_04949,21,9,96.36,858.99,Month-to-month,Electronic check,1
CUST_04950,52,6,27.03,121.49,Two year,Mailed check,0
CUST_04951,65,50,68.33,3441.73,One year,Bank transfer,0
CUST_04952,73,15,94.21,1397.33,One year,Bank transfer,0
CUST_04953,43,19,39.26,759.72,Two year,Electronic check,1
CUST_04954,74,21,97.09,2020.3,Month-to-month,Credit card,1
CUST_04955,29,24,36.68,878.18,One year,Credit card,0
CUST_04956,28,16,99.92,1570.75,Two year,Credit card,0
CUST_04957,54,0,66.89,0.0,One year,Electronic check,1
CUST_04958,42,9,88.46,753.27,Two year,Mailed check,1
CUST_04959,35,4,111.74,397.43,Month-to-month,Mailed check,1
CUST_04960,36,27,60.84,1730.21,One year,Bank transfer,0
CUST_04961,40,1,43.3,52.5,Two year,Electronic check,0
CUST_04962,72,19,106.72,1923.19,Month-to-month,Mailed check,1
CUST_04963,55,5,36.16,174.93,One year,Credit card,0
CUST_04964,71,71,83.15,5952.9,Month-to-month,Credit card,0
CUST_04965,35,9,112.33,927.51,Month-to-month,Bank transfer,1
CUST_04966,43,9,87.44,814.96,One year,Credit card,1
CUST_04967,23,61,39.57,2410.69,Two year,Credit card,0
CUST_04968,21,12,35.23,333.9,Two year,Mailed check,0
CUST_04969,61,72,45.23,3224.64,One year,Bank transfer,0
CUST_04970,68,0,59.14,0.0,Two year,Electronic check,1
CUST_04971,46,8,35.92,223.09,One year,Bank transfer,0
CUST_04972,51,26,99.78,2555.95,One year,Electronic check,0
CUST_04973,34,53,55.7,2963.53,One year,Electronic check,0
CUST_04974,60,7,113.61,807.08,One year,Credit card,1
CUST_04975,60,63,104.25,6589.37,One year,Credit card,0
CUST_04976,70,21,110.88,2294.8,Month-to-month,Mailed check,1
CUST_04977,33,38,49.45,1933.06,Two year,Bank transfer,0
CUST_04978,19,12,77.37,921.24,Month-to-month,Bank transfer,1
CUST_04979,51,5,52.14,238.82,Month-to-month,Bank transfer,0
CUST_04980,72,58,45.69,2638.02,One year,Electronic check,0
CUST_04981,25,64,80.71,5182.85,Two year,Credit card,0
CUST_04982,30,16,101.8,1643.0,One year,Mailed check,0
CUST_04983,59,0,29.36,0.0,Month-to-month,Electronic check,1
CUST_04984,25,2,47.58,141.79,One year,Bank transfer,0
CUST_04985,47,20,40.51,799.26,Two year,Credit card,0
CUST_04986,49,0,99.84,33.75,One year,Credit card,1
CUST_04987,53,12,113.34,1427.94,One year,Bank transfer,0
CUST_04988,64,8,27.99,198.32,One year,Electronic check,1
CUST_04989,47,30,57.92,1717.86,Month-to-month,Bank transfer,0
CUST_04990,18,1,111.45,55.27,Two year,Credit card,0
CUST_04991,60,16,54.46,823.94,One year,Mailed check,0
CUST_04992,56,20,91.27,1858.62,One year,Credit card,1
CUST_04993,34,23,30.07,724.35,One year,Electronic check,0
CUST_04994,37,12,64.44,680.85,Two year,Bank transfer,0
CUST_04995,41,8,70.33,511.13,Month-to-month,Electronic check,1
CUST_04996,67,27,95.77,2654.6,Month-to-month,Credit card,0
CUST_04997,39,45,48.88,2156.89,Month-to-month,Electronic check,0
CUST_04998,46,28,46.42,1286.27,One year,Mailed check,1
CUST_04999,39,64,50.3,3220.98,One year,Credit card,0
CUST_05000,61,30,75.57,2274.78,One year,Bank transfer,0
CUST_05001,26,34,107.6,3585.05,One year,Credit card,0
CUST_05002,54,4,103.09,420.07,Month-to-month,Mailed check,1
CUST_05003,27,13,25.79,189.81,Month-to-month,Credit card,0
CUST_05004,53,15,107.9,1585.45,Month-to-month,Electronic check,1
CUST_05005,54,7,29.51,188.35,One year,Bank transfer,0
CUST_05006,45,18,61.53,1025.65,Two year,Credit card,0
CUST_05007,45,8,96.54,804.99,One year,Bank transfer,1
CUST_05008,59,27,28.15,713.98,Month-to-month,Credit card,0
CUST_05009,60,15,24.04,444.09,Month-to-month,Bank transfer,0
CUST_05010,38,14,53.0,762.22,Two year,Mailed check,0
CUST_05011,41,72,92.99,6682.64,Month-to-month,Bank transfer,1
CUST_05012,59,11,72.18,830.35,Month-to-month,Credit card,0
CUST_05013,57,10,61.7,532.84,Month-to-month,Credit card,0
CUST_05014,19,9,101.31,920.52,One year,Bank transfer,1
CUST_05015,72,54,96.67,5156.79,Month-to-month,Mailed check,1
CUST_05016,25,16,98.6,1618.05,Month-to-month,Electronic check,1
CUST_05017,65,21,65.97,1362.26,One year,Bank transfer,1
CUST_05018,44,4,21.94,0.0,Month-to-month,Electronic check,1
CUST_05019,39,18,37.21,600.84,Month-to-month,Mailed check,0
CUST_05020,54,7,94.13,658.46,One year,Credit card,0
CUST_05021,44,31,95.32,2971.67,Two year,Bank transfer,0
CUST_05022,74,42,117.23,4845.0,Month-to-month,Bank transfer,1
CUST_05023,46,30,39.02,1076.79,Month-to-month,Electronic check,1
CUST_05024,20,31,32.29,978.89,Month-to-month,Credit card,1
CUST_05025,61,17,33.88,655.54,One year,Bank transfer,0
CUST_05026,30,29,38.48,1088.49,Two year,Mailed check,0
CUST_05027,62,13,72.85,957.56,Month-to-month,Bank transfer,0
CUST_05028,27,25,117.52,2805.53,One year,Electronic check,1
CUST_05029,53,7,78.94,687.35,Month-to-month,Mailed check,1
CUST_05030,26,1,72.27,16.73,Month-to-month,Credit card,1
CUST_05031,71,12,87.34,1052.41,Month-to-month,Electronic check,1
CUST_05032,73,14,27.39,290.17,Two year,Credit card,0
CUST_05033,72,7,101.54,730.89,One year,Bank transfer,1
CUST_05034,44,31,84.69,2594.97,Month-to-month,Bank transfer,0
CUST_05035,51,1,37.12,48.35,Two year,Mailed check,0
CUST_05036,68,6,83.07,483.09,Month-to-month,Bank transfer,1
CUST_05037,18,33,79.62,2650.64,Month-to-month,Bank transfer,0
CUST_05038,49,13,26.49,396.12,Two year,Credit card,0
CUST_05039,42,29,46.69,1282.96,Month-to-month,Mailed check,0
CUST_05040,46,20,59.09,1264.55,Two year,Bank transfer,0
CUST_05041,24,72,44.49,3166.99,One year,Credit card,0
CUST_05042,66,21,44.32,952.86,Two year,Electronic check,0
CUST_05043,20,0,77.29,0.0,One year,Credit card,0
CUST_05044,37,10,67.09,676.73,Month-to-month,Mailed check,1
CUST_05045,37,3,86.73,240.9,Two year,Electronic check,0
CUST_05046,70,62,115.64,7268.19,Month-to-month,Mailed check,1
CUST_05047,47,2,86.06,132.64,One year,Electronic check,1
CUST_05048,52,11,78.21,940.04,One year,Mailed check,0
CUST_05049,52,6,104.76,577.58,One year,Electronic check,1
CUST_05050,66,45,83.21,3824.12,One year,Electronic check,0
CUST_05051,56,8,36.56,341.08,Two year,Electronic check,0
CUST_05052,44,72,51.47,3686.9,Two year,Electronic check,0
CUST_05053,43,0,93.34,0.0,Two year,Electronic check,0
CUST_05054,31,3,93.84,289.24,Month-to-month,Credit card,1
CUST_05055,34,6,118.7,712.25,Two year,Credit card,1
CUST_05056,35,39,82.7,3245.4,One year,Credit card,1
CUST_05057,62,50,109.95,5503.28,Two year,Electronic check,1
CUST_05058,69,1,25.46,0.0,Two year,Electronic check,1
CUST_05059,46,0,76.62,0.0,Month-to-month,Electronic check,1
CUST_05060,37,32,111.98,3597.2,Month-to-month,Mailed check,1
CUST_05061,70,3,48.72,92.13,Two year,Credit card,0
CUST_05062,44,3,35.49,79.88,Month-to-month,Credit card,0
CUST_05063,35,0,55.05,26.36,One year,Electronic check,1
CUST_05064,21,1,99.22,111.22,Two year,Mailed check,0
CUST_05065,18,7,28.47,184.49,Month-to-month,Credit card,0
CUST_05066,67,1,80.03,130.72,Two year,Credit card,0
CUST_05067,18,11,33.56,417.55,Two year,Electronic check,0
CUST_05068,43,42,63.55,2639.51,Month-to-month,Electronic check,1
CUST_05069,62,9,116.6,1082.5,One year,Bank transfer,0
CUST_05070,37,31,39.51,1179.9,Month-to-month,Electronic check,1
CUST_05071,69,2,23.4,59.76,One year,Credit card,0
CUST_05072,40,25,62.72,1580.44,One year,Electronic check,0
CUST_05073,27,9,77.77,699.93,Two year,Electronic check,0
CUST_05074,28,33,49.75,1628.34,Month-to-month,Electronic check,0
CUST_05075,58,3,74.18,225.3,One year,Electronic check,1
CUST_05076,58,54,115.34,6227.54,One year,Bank transfer,1
CUST_05077,22,6,51.18,193.27,Month-to-month,Electronic check,1
CUST_05078,18,10,50.94,578.53,Two year,Electronic check,0
CUST_05079,34,71,68.28,4879.13,Two year,Credit card,0
CUST_05080,39,20,71.53,1407.49,One year,Electronic check,0
CUST_05081,51,10,20.14,248.7,One year,Electronic check,0
CUST_05082,73,71,81.59,5766.74,One year,Electronic check,0
CUST_05083,62,9,119.74,943.45,One year,Electronic check,1
CUST_05084,58,2,49.2,115.23,Month-to-month,Bank transfer,1
CUST_05085,46,72,83.08,5901.28,One year,Electronic check,0
CUST_05086,21,7,20.46,76.29,One year,Bank transfer,0
CUST_05087,22,45,80.43,3564.97,One year,Bank transfer,0
CUST_05088,28,4,64.71,263.54,Month-to-month,Bank transfer,1
CUST_05089,73,31,73.03,2272.18,Month-to-month,Credit card,0
CUST_05090,68,17,74.39,1317.43,One year,Electronic check,0
CUST_05091,38,72,37.7,2652.78,Month-to-month,Bank transfer,1
CUST_05092,52,19,97.0,1806.34,Month-to-month,Credit card,1
CUST_05093,29,0,75.55,64.15,Month-to-month,Credit card,1
CUST_05094,43,22,47.02,1060.52,One year,Bank transfer,0
CUST_05095,68,3,113.74,356.61,Two year,Electronic check,1
CUST_05096,36,38,21.28,806.76,Two year,Electronic check,0
CUST_05097,62,46,92.59,4279.17,Month-to-month,Electronic check,1
CUST_05098,24,15,58.12,873.29,Month-to-month,Credit card,1
CUST_05099,64,36,72.25,2605.94,Two year,Bank transfer,0
CUST_05100,72,3,49.15,170.38,Two year,Bank transfer,0
CUST_05101,24,16,52.13,788.5,Month-to-month,Bank transfer,1
CUST_05102,43,12,21.52,267.64,Two year,Mailed check,0
CUST_05103,57,22,92.98,1948.15,Month-to-month,Electronic check,0
CUST_05104,22,1,91.08,91.31,One year,Credit card,0
CUST_05105,38,33,85.44,2794.42,Month-to-month,Credit card,1
CUST_05106,31,1,107.8,148.56,Two year,Bank transfer,0
CUST_05107,21,25,110.13,2683.4,One year,Mailed check,0
CUST_05108,40,0,75.64,9.71,Month-to-month,Bank transfer,1
CUST_05109,59,42,88.48,3747.04,One year,Electronic check,0
CUST_05110,37,4,21.1,121.6,Month-to-month,Electronic check,1
CUST_05111,32,17,104.63,1746.1,Month-to-month,Electronic check,1
CUST_05112,67,7,101.64,693.74,Month-to-month,Mailed check,1
CUST_05113,69,30,22.02,681.39,One year,Electronic check,0
CUST_05114,62,9,74.28,610.82,Month-to-month,Electronic check,1
CUST_05115,46,30,110.67,3297.72,One year,Credit card,0
CUST_05116,25,8,38.14,261.59,One year,Credit card,1
CUST_05117,58,33,55.26,1733.14,One year,Electronic check,1
CUST_05118,65,0,53.11,73.3,Month-to-month,Electronic check,1
CUST_05119,36,7,55.59,390.43,Month-to-month,Credit card,1
CUST_05120,65,16,24.19,334.62,Month-to-month,Credit card,0
CUST_05121,56,1,47.9,0.0,Month-to-month,Bank transfer,1
CUST_05122,63,4,49.49,213.98,One year,Bank transfer,0
CUST_05123,45,65,106.59,6850.09,Two year,Electronic check,1
CUST_05124,63,72,55.21,3941.65,Month-to-month,Credit card,0
CUST_05125,74,32,64.72,2068.65,One year,Credit card,1
CUST_05126,44,6,58.07,286.3,Month-to-month,Bank transfer,1
CUST_05127,21,7,32.07,307.12,Month-to-month,Credit card,0
CUST_05128,32,24,119.04,2805.66,One year,Electronic check,0
CUST_05129,52,3,102.58,245.66,One year,Electronic check,1
CUST_05130,54,71,74.09,5271.75,Two year,Mailed check,0
CUST_05131,18,6,67.64,388.03,One year,Electronic check,1
CUST_05132,20,72,84.93,6211.48,Month-to-month,Credit card,1
CUST_05133,64,16,52.64,912.67,One year,Credit card,0
CUST_05134,41,35,25.03,951.09,Two year,Credit card,0
CUST_05135,44,0,60.43,27.49,One year,Electronic check,0
CUST_05136,57,52,118.4,6190.37,Two year,Credit card,1
CUST_05137,53,7,38.23,249.01,Month-to-month,Electronic check,1
CUST_05138,51,26,72.77,1925.84,Two year,Electronic check,0
CUST_05139,46,39,20.85,780.18,Month-to-month,Bank transfer,1
CUST_05140,41,4,32.2,122.27,One year,Electronic check,0
CUST_05141,41,14,78.72,1032.58,One year,Credit card,1
CUST_05142,59,16,49.74,773.86,Month-to-month,Mailed check,0
CUST_05143,21,8,110.57,912.53,Two year,Bank transfer,0
CUST_05144,20,15,60.62,963.95,Month-to-month,Credit card,1
CUST_05145,51,9,40.8,389.75,Month-to-month,Mailed check,1
CUST_05146,74,10,74.56,814.29,Two year,Mailed check,0
CUST_05147,66,26,99.5,2516.09,Month-to-month,Mailed check,1
CUST_05148,40,24,21.94,552.79,Month-to-month,Mailed check,0
CUST_05149,70,6,70.55,379.35,One year,Bank transfer,0
CUST_05150,73,54,97.34,5277.32,One year,Credit card,0
CUST_05151,69,47,30.36,1386.25,Two year,Credit card,0
CUST_05152,40,17,110.28,1846.27,One year,Bank transfer,1
CUST_05153,62,13,46.45,646.57,Two year,Bank transfer,0
CUST_05154,22,11,37.06,419.85,Two year,Credit card,0
CUST_05155,48,29,78.93,2247.23,One year,Bank transfer,0
CUST_05156,70,26,37.5,899.61,Month-to-month,Credit card,1
CUST_05157,58,5,87.97,395.97,One year,Bank transfer,0
CUST_05158,74,26,69.01,1790.73,Month-to-month,Credit card,0
CUST_05159,74,6,31.0,125.35,Month-to-month,Credit card,1
CUST_05160,71,0,111.25,12.31,One year,Credit card,1
CUST_05161,23,28,87.32,2390.1,Two year,Mailed check,0
CUST_05162,54,24,74.6,1780.79,Month-to-month,Mailed check,1
CUST_05163,74,12,57.43,705.47,Month-to-month,Bank transfer,0
CUST_05164,27,17,33.49,545.06,One year,Electronic check,0
CUST_05165,57,70,90.75,6405.56,Month-to-month,Mailed check,0
CUST_05166,24,21,101.37,2147.2,Month-to-month,Credit card,1
CUST_05167,56,25,32.58,768.09,One year,Bank transfer,0
CUST_05168,55,1,69.46,12.9,Month-to-month,Electronic check,1
CUST_05169,38,4,68.48,351.56,Month-to-month,Bank transfer,1
CUST_05170,37,8,54.99,494.86,Two year,Electronic check,1
CUST_05171,20,18,98.93,1762.94,One year,Credit card,1
CUST_05172,68,35,29.95,1062.72,Month-to-month,Credit card,0
CUST_05173,39,9,40.5,350.11,One year,Credit card,0
CUST_05174,64,10,20.16,234.19,Month-to-month,Electronic check,1
CUST_05175,21,7,57.3,409.32,Two year,Mailed check,1
CUST_05176,45,7,49.12,243.04,Month-to-month,Electronic check,0
CUST_05177,29,71,106.7,7632.83,Two year,Electronic check,1
CUST_05178,55,24,94.58,2337.45,Two year,Bank transfer,0
CUST_05179,68,4,28.45,90.06,One year,Mailed check,0
CUST_05180,53,30,94.1,2838.54,Month-to-month,Electronic check,1
CUST_05181,64,30,87.54,2680.46,Two year,Mailed check,0
CUST_05182,58,26,48.17,1422.28,Month-to-month,Electronic check,1
CUST_05183,22,3,21.55,90.98,Month-to-month,Credit card,0
CUST_05184,30,12,31.52,395.73,Month-to-month,Electronic check,0
CUST_05185,40,2,44.99,133.03,One year,Mailed check,0
CUST_05186,67,40,101.66,4114.36,Month-to-month,Electronic check,1
CUST_05187,47,25,66.53,1689.83,Two year,Mailed check,0
CUST_05188,54,16,111.84,1724.99,Month-to-month,Mailed check,1
CUST_05189,42,10,98.91,997.95,Two year,Bank transfer,0
CUST_05190,65,4,48.71,209.56,Month-to-month,Bank transfer,1
CUST_05191,44,2,104.54,135.64,Month-to-month,Electronic check,1
CUST_05192,68,72,31.67,2312.04,Month-to-month,Electronic check,1
CUST_05193,31,5,23.61,61.57,Two year,Credit card,0
CUST_05194,74,1,80.85,146.83,Month-to-month,Credit card,0
CUST_05195,65,72,54.17,3860.24,One year,Mailed check,0
CUST_05196,64,19,52.94,1053.06,Month-to-month,Electronic check,0
CUST_05197,71,38,88.72,3337.11,Two year,Electronic check,0
CUST_05198,53,1,105.01,168.13,Month-to-month,Bank transfer,1
CUST_05199,56,20,52.22,1113.65,Month-to-month,Credit card,1
CUST_05200,33,12,52.5,658.23,One year,Bank transfer,0
CUST_05201,73,35,73.39,2537.15,Month-to-month,Electronic check,0
CUST_05202,39,0,85.32,21.07,One year,Bank transfer,0
CUST_05203,38,12,40.29,447.03,Month-to-month,Credit card,0
CUST_05204,71,38,111.27,4171.3,One year,Mailed check,0
CUST_05205,38,17,85.44,1426.8,Month-to-month,Credit card,1
CUST_05206,25,19,82.52,1565.31,Month-to-month,Bank transfer,1
CUST_05207,66,2,110.42,189.01,One year,Electronic check,1
CUST_05208,33,3,110.73,319.02,Month-to-month,Electronic check,1
CUST_05209,72,27,33.56,878.24,One year,Electronic check,0
CUST_05210,48,26,34.51,897.97,One year,Bank transfer,0
CUST_05211,59,72,96.19,6914.31,Two year,Bank transfer,0
CUST_05212,27,29,115.69,3279.16,Month-to-month,Bank transfer,1
CUST_05213,49,16,86.65,1384.57,One year,Electronic check,0
CUST_05214,51,46,61.13,2772.08,Month-to-month,Credit card,0
CUST_05215,26,2,88.35,131.45,Month-to-month,Electronic check,1
CUST_05216,34,14,42.88,554.72,One year,Electronic check,0
CUST_05217,28,8,119.8,967.13,Month-to-month,Electronic check,1
CUST_05218,49,2,63.11,146.28,One year,Electronic check,1
CUST_05219,27,34,113.17,3854.2,One year,Credit card,0
CUST_05220,39,17,63.08,1108.78,One year,Electronic check,0
CUST_05221,74,19,112.81,2143.43,Month-to-month,Electronic check,1
CUST_05222,34,12,53.57,649.4,Month-to-month,Bank transfer,1
CUST_05223,21,14,96.05,1301.98,Month-to-month,Bank transfer,1
CUST_05224,65,2,115.1,254.89,Month-to-month,Electronic check,1
CUST_05225,69,26,84.6,2192.39,Month-to-month,Electronic check,0
CUST_05226,64,13,87.76,1172.17,Month-to-month,Electronic check,1
CUST_05227,42,40,30.29,1206.77,One year,Credit card,0
CUST_05228,38,5,67.42,337.25,Month-to-month,Bank transfer,0
CUST_05229,54,5,108.68,503.94,One year,Credit card,1
CUST_05230,55,24,44.09,1050.21,Two year,Electronic check,0
CUST_05231,66,44,98.84,4450.62,Month-to-month,Bank transfer,0
CUST_05232,18,15,87.57,1220.95,Month-to-month,Bank transfer,1
CUST_05233,42,31,42.3,1288.57,One year,Electronic check,0
CUST_05234,68,72,48.28,3515.31,Month-to-month,Bank transfer,0
CUST_05235,53,72,62.76,4482.96,One year,Bank transfer,0
CUST_05236,34,32,32.51,1045.83,Month-to-month,Mailed check,0
CUST_05237,58,32,111.34,3557.92,Month-to-month,Bank transfer,0
CUST_05238,41,6,93.94,606.15,Month-to-month,Bank transfer,1
CUST_05239,19,43,56.5,2417.27,Month-to-month,Credit card,1
CUST_05240,57,12,49.97,517.32,Month-to-month,Credit card,1
CUST_05241,32,72,88.96,6489.58,Month-to-month,Bank transfer,0
CUST_05242,49,2,62.42,118.42,Month-to-month,Mailed check,1
CUST_05243,56,13,42.93,566.02,One year,Credit card,0
CUST_05244,23,19,63.02,1174.69,Month-to-month,Electronic check,0
CUST_05245,18,12,107.13,1293.87,Two year,Electronic check,0
CUST_05246,64,5,26.86,183.44,Month-to-month,Bank transfer,0
CUST_05247,40,21,56.84,1186.39,Month-to-month,Bank transfer,1
CUST_05248,56,33,116.23,3796.64,Month-to-month,Credit card,1
CUST_05249,74,24,21.48,450.26,One year,Credit card,0
CUST_05250,34,6,109.06,713.09,One year,Credit card,1
CUST_05251,51,31,57.48,1759.84,Month-to-month,Credit card,1
CUST_05252,58,7,38.95,300.27,Month-to-month,Bank transfer,1
CUST_05253,46,4,21.5,120.62,Two year,Mailed check,0
CUST_05254,26,28,27.05,746.13,Two year,Bank transfer,0
CUST_05255,30,44,37.18,1631.99,Month-to-month,Bank transfer,0
CUST_05256,23,15,22.54,338.68,One year,Bank transfer,0
CUST_05257,23,18,53.58,1004.73,Month-to-month,Bank transfer,1
CUST_05258,37,8,24.49,155.2,Month-to-month,Credit card,1
CUST_05259,69,16,89.22,1417.35,One year,Electronic check,0
CUST_05260,70,3,101.89,320.32,One year,Electronic check,1
CUST_05261,20,72,108.75,7845.67,Month-to-month,Bank transfer,1
CUST_05262,34,38,74.91,2877.65,Two year,Credit card,0
CUST_05263,66,26,114.65,2914.42,One year,Electronic check,1
CUST_05264,29,18,20.56,353.75,Month-to-month,Credit card,0
CUST_05265,65,37,33.4,1256.21,Month-to-month,Credit card,0
CUST_05266,64,16,49.32,724.09,One year,Electronic check,0
CUST_05267,62,8,98.9,879.03,Month-to-month,Credit card,1
CUST_05268,72,4,108.54,356.72,One year,Electronic check,1
CUST_05269,18,25,81.81,1988.47,Month-to-month,Bank transfer,1
CUST_05270,34,63,58.32,3638.46,Month-to-month,Mailed check,0
CUST_05271,20,4,86.58,304.98,Two year,Credit card,0
CUST_05272,43,4,38.09,177.43,Two year,Bank transfer,1
CUST_05273,32,13,65.79,859.53,One year,Mailed check,0
CUST_05274,53,39,70.75,2714.79,One year,Bank transfer,0
CUST_05275,49,8,30.49,347.66,One year,Mailed check,0
CUST_05276,49,7,23.39,201.24,One year,Bank transfer,0
CUST_05277,21,23,95.01,2198.24,Month-to-month,Credit card,1
CUST_05278,35,18,73.47,1358.45,Month-to-month,Electronic check,1
CUST_05279,66,1,53.22,73.18,One year,Bank transfer,0
CUST_05280,36,2,63.72,137.21,Month-to-month,Electronic check,1
CUST_05281,60,24,115.77,2803.7,Month-to-month,Credit card,1
CUST_05282,69,15,58.49,875.34,One year,Electronic check,0
CUST_05283,52,72,30.35,2218.75,Month-to-month,Electronic check,1
CUST_05284,57,27,66.36,1795.7,Month-to-month,Credit card,0
CUST_05285,31,0,84.8,0.0,Month-to-month,Mailed check,1
CUST_05286,50,15,21.21,399.74,Month-to-month,Bank transfer,1
CUST_05287,31,12,53.23,642.93,Two year,Credit card,0
CUST_05288,51,2,59.35,106.36,One year,Mailed check,0
CUST_05289,72,61,66.37,4005.63,Two year,Electronic check,0
CUST_05290,21,39,50.17,1906.71,One year,Electronic check,1
CUST_05291,41,6,86.69,522.31,One year,Bank transfer,0
CUST_05292,46,7,114.47,783.19,One year,Electronic check,1
CUST_05293,36,0,111.4,0.0,Month-to-month,Bank transfer,1
CUST_05294,23,8,86.44,756.2,One year,Mailed check,1
CUST_05295,74,21,70.69,1536.58,One year,Mailed check,1
CUST_05296,50,13,102.58,1283.73,Two year,Electronic check,0
CUST_05297,66,72,103.59,7441.31,Two year,Mailed check,1
CUST_05298,57,1,102.96,21.8,Month-to-month,Electronic check,1
CUST_05299,36,21,35.78,726.77,Month-to-month,Mailed check,1
CUST_05300,70,46,22.54,1002.85,One year,Credit card,0
CUST_05301,18,15,118.32,1766.76,Month-to-month,Electronic check,0
CUST_05302,22,0,115.97,0.0,Month-to-month,Credit card,1
CUST_05303,44,6,76.44,369.99,Month-to-month,Bank transfer,1
CUST_05304,33,9,119.31,1046.24,Month-to-month,Electronic check,1
CUST_05305,23,72,97.05,7050.55,Month-to-month,Credit card,1
CUST_05306,57,58,71.74,4129.15,One year,Bank transfer,0
CUST_05307,30,71,58.93,4281.0,Two year,Bank transfer,0
CUST_05308,65,41,79.29,3209.01,Month-to-month,Electronic check,1
CUST_05309,52,10,71.58,719.78,Month-to-month,Mailed check,1
CUST_05310,36,56,119.38,6701.43,One year,Bank transfer,1
CUST_05311,29,72,69.05,4919.51,Month-to-month,Electronic check,1
CUST_05312,33,10,103.59,953.13,Two year,Bank transfer,1
CUST_05313,60,7,101.36,763.82,Month-to-month,Bank transfer,1
CUST_05314,27,19,27.14,570.4,Two year,Electronic check,0
CUST_05315,42,4,28.7,184.45,Month-to-month,Credit card,0
CUST_05316,37,0,85.98,0.0,Two year,Electronic check,0
CUST_05317,48,69,45.91,3186.24,One year,Electronic check,0
CUST_05318,21,62,85.75,5318.44,Two year,Credit card,0
CUST_05319,61,4,34.46,132.91,One year,Electronic check,0
CUST_05320,40,12,59.71,697.34,One year,Credit card,1
CUST_05321,19,42,30.25,1309.27,One year,Bank transfer,1
CUST_05322,73,25,48.21,1336.71,One year,Bank transfer,1
CUST_05323,39,12,28.83,359.8,Two year,Bank transfer,0
CUST_05324,68,32,117.06,3754.83,Month-to-month,Electronic check,1
CUST_05325,74,54,59.51,3180.74,Month-to-month,Bank transfer,1
CUST_05326,54,62,110.12,6861.1,Month-to-month,Credit card,1
CUST_05327,25,11,117.12,1165.4,Month-to-month,Electronic check,1
CUST_05328,24,4,110.96,427.22,Two year,Mailed check,1
CUST_05329,31,58,65.5,3817.22,Month-to-month,Bank transfer,0
CUST_05330,73,2,97.89,208.06,One year,Electronic check,1
CUST_05331,72,30,35.37,1056.31,One year,Bank transfer,0
CUST_05332,20,3,29.48,0.0,Two year,Bank transfer,0
CUST_05333,67,11,107.69,1259.41,One year,Electronic check,0
CUST_05334,33,12,23.11,288.8,Month-to-month,Bank transfer,0
CUST_05335,72,4,117.23,467.77,Two year,Mailed check,1
CUST_05336,36,61,87.21,5382.75,Month-to-month,Electronic check,1
CUST_05337,68,0,61.96,60.45,One year,Credit card,1
CUST_05338,35,53,34.14,1798.69,Month-to-month,Electronic check,0
CUST_05339,69,51,92.32,4695.37,Month-to-month,Bank transfer,1
CUST_05340,33,9,76.31,710.45,Two year,Bank transfer,0
CUST_05341,25,29,91.11,2703.92,One year,Bank transfer,0
CUST_05342,50,6,61.79,420.04,Month-to-month,Electronic check,1
CUST_05343,66,34,26.63,857.12,One year,Credit card,0
CUST_05344,29,19,51.5,924.17,One year,Credit card,0
CUST_05345,70,8,51.5,368.82,Month-to-month,Bank transfer,0
CUST_05346,28,12,20.87,277.86,One year,Electronic check,0
CUST_05347,22,28,20.96,567.67,One year,Credit card,0
CUST_05348,44,56,53.08,2997.32,Two year,Credit card,0
CUST_05349,29,3,92.76,213.44,One year,Bank transfer,0
CUST_05350,34,20,82.4,1606.64,One year,Mailed check,0
CUST_05351,23,7,43.9,331.86,Month-to-month,Electronic check,1
CUST_05352,50,38,80.28,2973.3,Month-to-month,Electronic check,0
CUST_05353,22,1,84.74,173.74,Month-to-month,Electronic check,1
CUST_05354,74,28,72.26,2078.82,Two year,Electronic check,0
CUST_05355,45,4,72.14,357.82,Month-to-month,Credit card,1
CUST_05356,31,21,56.97,1234.81,Month-to-month,Bank transfer,0
CUST_05357,22,43,32.34,1296.99,One year,Electronic check,0
CUST_05358,71,33,58.55,1988.35,Month-to-month,Bank transfer,0
CUST_05359,73,33,54.53,1835.85,Two year,Electronic check,0
CUST_05360,50,17,79.2,1329.61,Month-to-month,Bank transfer,1
CUST_05361,67,53,105.63,5575.81,One year,Mailed check,1
CUST_05362,65,21,57.54,1247.4,Month-to-month,Electronic check,1
CUST_05363,58,59,90.97,5287.97,Month-to-month,Electronic check,1
CUST_05364,36,18,101.18,1867.2,Two year,Bank transfer,0
CUST_05365,39,16,41.18,626.67,One year,Mailed check,0
CUST_05366,22,6,110.17,669.24,Month-to-month,Bank transfer,1
CUST_05367,19,18,27.04,496.72,Month-to-month,Credit card,1
CUST_05368,47,3,110.17,262.86,Month-to-month,Bank transfer,1
CUST_05369,64,48,36.36,1664.5,Month-to-month,Bank transfer,1
CUST_05370,56,27,53.72,1462.93,One year,Credit card,0
CUST_05371,21,72,80.52,5794.9,One year,Electronic check,0
CUST_05372,50,2,110.57,235.14,Month-to-month,Electronic check,1
CUST_05373,30,6,45.57,222.7,Month-to-month,Credit card,1
CUST_05374,37,50,96.36,4861.79,One year,Credit card,0
CUST_05375,71,12,91.04,1153.09,Month-to-month,Electronic check,0
CUST_05376,24,15,35.97,525.73,One year,Credit card,1
CUST_05377,32,47,67.95,3135.86,One year,Electronic check,0
CUST_05378,40,17,68.15,1130.26,Month-to-month,Credit card,0
CUST_05379,31,5,50.46,266.86,Month-to-month,Electronic check,1
CUST_05380,40,53,97.99,5215.86,Month-to-month,Electronic check,1
CUST_05381,36,0,112.59,97.58,One year,Mailed check,1
CUST_05382,71,54,91.66,4990.8,One year,Credit card,0
CUST_05383,46,1,117.3,104.67,One year,Credit card,1
CUST_05384,73,26,25.05,677.89,Two year,Credit card,0
CUST_05385,37,1,23.72,40.22,One year,Bank transfer,0
CUST_05386,46,29,109.39,3174.74,One year,Bank transfer,0
CUST_05387,41,0,109.78,83.15,Month-to-month,Electronic check,1
CUST_05388,35,44,30.71,1319.89,Month-to-month,Electronic check,0
CUST_05389,27,15,55.74,866.13,Month-to-month,Bank transfer,1
CUST_05390,58,2,103.54,236.19,One year,Credit card,1
CUST_05391,74,29,32.85,1043.51,Month-to-month,Credit card,0
CUST_05392,25,16,46.74,644.69,One year,Electronic check,0
CUST_05393,43,5,88.1,501.28,One year,Bank transfer,0
CUST_05394,46,0,118.19,0.0,Month-to-month,Credit card,1
CUST_05395,27,12,99.71,1120.0,One year,Mailed check,1
CUST_05396,34,2,97.73,148.02,Month-to-month,Bank transfer,1
CUST_05397,19,2,54.27,34.57,One year,Mailed check,0
CUST_05398,23,7,86.13,662.23,One year,Credit card,0
CUST_05399,22,23,31.31,800.88,One year,Electronic check,1
CUST_05400,45,18,119.23,2110.91,Month-to-month,Mailed check,1
CUST_05401,58,1,68.06,57.63,Month-to-month,Electronic check,1
CUST_05402,22,72,83.88,6095.89,Month-to-month,Credit card,1
CUST_05403,35,52,107.62,5679.79,Month-to-month,Electronic check,1
CUST_05404,43,7,20.1,148.23,Two year,Bank transfer,0
CUST_05405,37,3,117.6,330.86,Month-to-month,Bank transfer,1
CUST_05406,58,68,55.92,3731.57,Two year,Bank transfer,0
CUST_05407,66,14,53.96,695.52,Two year,Mailed check,0
CUST_05408,44,8,34.51,357.52,Month-to-month,Electronic check,1
CUST_05409,66,16,105.82,1633.73,Month-to-month,Electronic check,1
CUST_05410,29,35,107.08,3767.39,One year,Credit card,0
CUST_05411,24,4,22.0,75.92,Month-to-month,Bank transfer,1
CUST_05412,20,35,25.57,877.7,One year,Credit card,0
CUST_05413,27,33,111.83,3612.78,Month-to-month,Bank transfer,1
CUST_05414,51,18,32.29,570.12,Month-to-month,Electronic check,1
CUST_05415,42,48,82.09,4021.93,Month-to-month,Electronic check,0
CUST_05416,52,3,81.97,245.33,Month-to-month,Electronic check,1
CUST_05417,33,21,106.97,2274.68,One year,Credit card,1
CUST_05418,19,14,77.27,1008.28,Two year,Bank transfer,1
CUST_05419,41,13,63.4,818.57,Month-to-month,Bank transfer,0
CUST_05420,27,6,117.44,695.37,One year,Credit card,1
CUST_05421,55,11,42.88,465.59,Month-to-month,Mailed check,1
CUST_05422,39,2,46.27,114.08,Month-to-month,Credit card,1
CUST_05423,43,6,28.48,183.09,One year,Electronic check,0
CUST_05424,60,7,117.53,773.49,One year,Credit card,0
CUST_05425,72,30,90.64,2682.67,Month-to-month,Credit card,0
CUST_05426,56,1,21.21,21.25,One year,Mailed check,0
CUST_05427,44,25,90.43,2366.82,One year,Bank transfer,0
CUST_05428,46,6,60.41,324.9,Month-to-month,Credit card,1
CUST_05429,64,2,116.75,210.28,One year,Bank transfer,1
CUST_05430,55,8,47.74,365.39,Month-to-month,Electronic check,1
CUST_05431,37,6,91.03,562.74,One year,Credit card,1
CUST_05432,44,19,82.74,1620.22,One year,Bank transfer,0
CUST_05433,58,10,21.2,231.41,Month-to-month,Bank transfer,1
CUST_05434,71,72,108.52,7761.62,One year,Electronic check,0
CUST_05435,37,72,33.96,2476.57,One year,Electronic check,0
CUST_05436,61,14,86.36,1284.91,One year,Credit card,0
CUST_05437,36,38,97.55,3709.08,Month-to-month,Mailed check,1
CUST_05438,37,0,83.09,0.0,One year,Credit card,1
CUST_05439,52,19,29.71,652.06,Month-to-month,Bank transfer,0
CUST_05440,64,32,117.52,3695.07,One year,Credit card,0
CUST_05441,19,5,43.68,225.07,One year,Electronic check,1
CUST_05442,47,1,82.79,100.33,Month-to-month,Electronic check,1
CUST_05443,70,4,99.72,413.62,Month-to-month,Mailed check,1
CUST_05444,51,13,113.92,1513.04,Two year,Electronic check,1
CUST_05445,39,16,80.4,1227.61,One year,Bank transfer,1
CUST_05446,20,11,45.91,491.6,Two year,Bank transfer,0
CUST_05447,23,13,103.66,1328.52,Month-to-month,Mailed check,1
CUST_05448,32,15,36.32,488.87,One year,Electronic check,1
CUST_05449,44,35,22.23,705.72,One year,Electronic check,0
CUST_05450,27,2,110.81,284.91,One year,Electronic check,1
CUST_05451,26,35,77.54,2722.0,One year,Bank transfer,0
CUST_05452,50,28,26.96,707.8,Month-to-month,Electronic check,1
CUST_05453,49,32,77.97,2448.12,One year,Credit card,1
CUST_05454,65,31,34.5,1067.73,One year,Bank transfer,0
CUST_05455,23,15,23.14,392.62,Month-to-month,Credit card,0
CUST_05456,58,5,31.65,114.16,Month-to-month,Mailed check,1
CUST_05457,53,18,97.51,1783.07,One year,Credit card,0
CUST_05458,19,72,95.57,6953.35,Month-to-month,Bank transfer,1
CUST_05459,46,21,80.43,1716.21,Month-to-month,Mailed check,1
CUST_05460,21,0,40.93,0.0,One year,Electronic check,0
CUST_05461,18,1,93.9,88.38,Month-to-month,Credit card,1
CUST_05462,36,72,60.8,4362.58,Month-to-month,Mailed check,1
CUST_05463,43,1,71.08,47.33,One year,Electronic check,1
CUST_05464,42,1,109.76,108.67,Month-to-month,Electronic check,1
CUST_05465,27,10,65.79,632.01,One year,Electronic check,1
CUST_05466,70,72,82.64,5903.12,Month-to-month,Mailed check,1
CUST_05467,32,9,116.18,1068.77,Two year,Bank transfer,0
CUST_05468,39,12,65.14,828.77,Month-to-month,Bank transfer,0
CUST_05469,68,24,76.07,1877.29,Month-to-month,Bank transfer,0
CUST_05470,65,0,78.44,0.0,One year,Mailed check,0
CUST_05471,38,54,44.07,2430.19,Month-to-month,Electronic check,1
CUST_05472,73,17,93.69,1672.39,One year,Electronic check,1
CUST_05473,39,15,92.66,1337.45,One year,Credit card,1
CUST_05474,53,47,41.36,1899.24,One year,Electronic check,0
CUST_05475,51,72,21.33,1472.84,Month-to-month,Credit card,0
CUST_05476,47,13,119.89,1503.67,Two year,Electronic check,0
CUST_05477,42,4,78.16,384.11,One year,Bank transfer,0
CUST_05478,62,40,38.1,1478.78,Month-to-month,Bank transfer,0
CUST_05479,45,12,48.36,616.09,Month-to-month,Electronic check,0
CUST_05480,18,65,81.78,5238.54,One year,Bank transfer,0
CUST_05481,66,71,33.76,2328.82,Two year,Mailed check,0
CUST_05482,62,2,23.73,7.55,Month-to-month,Bank transfer,1
CUST_05483,21,72,99.85,7218.29,Two year,Credit card,0
CUST_05484,24,11,91.58,997.48,One year,Electronic check,0
CUST_05485,66,24,50.96,1219.6,Month-to-month,Bank transfer,0
CUST_05486,26,0,25.85,0.0,One year,Electronic check,0
CUST_05487,53,52,68.63,3541.42,Month-to-month,Mailed check,0
CUST_05488,36,24,47.62,1085.65,Two year,Electronic check,0
CUST_05489,18,24,59.78,1469.02,One year,Mailed check,0
CUST_05490,27,55,47.4,2624.36,Month-to-month,Electronic check,0
CUST_05491,53,17,37.53,622.93,Two year,Bank transfer,0
CUST_05492,26,12,58.7,687.71,Month-to-month,Bank transfer,0
CUST_05493,62,48,116.49,5605.07,Two year,Credit card,1
CUST_05494,63,32,46.62,1539.32,Month-to-month,Bank transfer,1
CUST_05495,59,71,53.6,3773.58,One year,Bank transfer,0
CUST_05496,49,67,52.92,3579.4,One year,Electronic check,0
CUST_05497,49,11,68.03,716.37,One year,Electronic check,0
CUST_05498,23,14,104.35,1449.35,Month-to-month,Credit card,1
CUST_05499,65,7,60.21,411.67,Two year,Mailed check,0
CUST_05500,55,25,100.61,2571.0,Month-to-month,Mailed check,1
CUST_05501,34,10,31.5,290.75,Month-to-month,Electronic check,1
CUST_05502,27,37,109.49,3948.14,Month-to-month,Electronic check,1
CUST_05503,67,3,38.53,67.2,One year,Credit card,0
CUST_05504,44,2,23.92,145.07,One year,Bank transfer,0
CUST_05505,71,5,35.84,96.53,One year,Mailed check,1
CUST_05506,67,2,39.07,0.0,Two year,Credit card,0
CUST_05507,52,23,70.85,1670.0,Two year,Bank transfer,0
CUST_05508,69,3,64.99,229.46,Month-to-month,Bank transfer,0
CUST_05509,38,4,91.59,348.05,One year,Mailed check,0
CUST_05510,42,0,25.1,26.4,Month-to-month,Mailed check,0
CUST_05511,45,36,69.77,2489.71,Two year,Electronic check,0
CUST_05512,64,40,53.25,2081.33,Two year,Bank transfer,0
CUST_05513,32,4,83.07,417.29,Two year,Electronic check,0
CUST_05514,21,32,24.37,746.34,One year,Credit card,0
CUST_05515,46,13,23.49,237.92,One year,Electronic check,0
CUST_05516,26,6,62.73,292.12,Month-to-month,Electronic check,1
CUST_05517,44,23,101.13,2391.51,Month-to-month,Credit card,1
CUST_05518,43,4,87.11,357.05,Month-to-month,Bank transfer,1
CUST_05519,36,33,21.67,757.09,Two year,Electronic check,0
CUST_05520,73,1,37.85,130.83,One year,Credit card,0
CUST_05521,45,72,42.67,3046.8,Two year,Bank transfer,0
CUST_05522,34,1,62.31,168.32,Two year,Electronic check,0
CUST_05523,60,20,78.67,1567.33,Two year,Mailed check,1
CUST_05524,74,55,41.65,2294.45,One year,Bank transfer,0
CUST_05525,58,0,58.25,69.88,Month-to-month,Mailed check,1
CUST_05526,59,16,78.39,1256.3,Month-to-month,Credit card,1
CUST_05527,67,10,58.34,625.23,One year,Electronic check,1
CUST_05528,37,20,34.32,662.35,Month-to-month,Electronic check,1
CUST_05529,62,6,69.17,435.0,Month-to-month,Electronic check,1
CUST_05530,57,1,52.4,122.45,One year,Electronic check,0
CUST_05531,56,23,106.42,2477.67,Two year,Bank transfer,1
CUST_05532,66,12,97.56,1150.12,Two year,Credit card,0
CUST_05533,70,23,39.03,901.69,Month-to-month,Mailed check,0
CUST_05534,40,5,35.26,156.0,Two year,Electronic check,1
CUST_05535,64,9,54.77,489.04,One year,Credit card,1
CUST_05536,49,19,61.22,1238.54,One year,Mailed check,0
CUST_05537,69,21,113.2,2383.85,Month-to-month,Bank transfer,1
CUST_05538,64,11,50.16,594.7,One year,Electronic check,0
CUST_05539,50,7,106.76,772.38,One year,Electronic check,1
CUST_05540,74,7,70.53,558.71,One year,Electronic check,1
CUST_05541,63,4,108.56,381.98,Month-to-month,Electronic check,1
CUST_05542,22,9,90.2,822.17,Two year,Mailed check,0
CUST_05543,60,5,90.84,547.03,Two year,Electronic check,1
CUST_05544,65,24,71.88,1692.3,Two year,Electronic check,1
CUST_05545,51,20,104.03,2190.03,Month-to-month,Bank transfer,0
CUST_05546,57,11,45.44,457.55,Month-to-month,Credit card,1
CUST_05547,28,9,110.74,982.97,Month-to-month,Bank transfer,1
CUST_05548,67,6,83.68,542.47,One year,Electronic check,1
CUST_05549,20,18,63.87,1157.27,Two year,Electronic check,0
CUST_05550,50,60,118.22,6992.15,Month-to-month,Bank transfer,1
CUST_05551,28,27,106.2,2887.86,Two year,Bank transfer,0
CUST_05552,33,32,97.2,3117.17,One year,Bank transfer,0
CUST_05553,35,43,47.39,2010.7,Month-to-month,Electronic check,1
CUST_05554,47,10,117.37,1161.1,Month-to-month,Electronic check,1
CUST_05555,65,1,94.3,0.0,Month-to-month,Credit card,1
CUST_05556,72,23,80.52,1824.53,One year,Credit card,1
CUST_05557,27,5,112.18,597.37,Month-to-month,Mailed check,1
CUST_05558,35,20,36.22,733.04,One year,Credit card,1
CUST_05559,55,32,33.9,1135.38,One year,Mailed check,0
CUST_05560,36,36,76.37,2842.26,One year,Credit card,0
CUST_05561,53,8,25.67,164.15,Month-to-month,Mailed check,0
CUST_05562,30,17,86.4,1424.31,One year,Bank transfer,0
CUST_05563,73,23,44.07,1061.14,Month-to-month,Bank transfer,1
CUST_05564,63,41,31.9,1300.13,Two year,Electronic check,0
CUST_05565,20,34,60.95,2063.19,One year,Electronic check,0
CUST_05566,27,72,66.59,4929.7,Month-to-month,Mailed check,1
CUST_05567,55,0,37.05,62.43,One year,Electronic check,1
CUST_05568,18,13,24.15,321.91,One year,Bank transfer,0
CUST_05569,72,7,61.41,455.48,Month-to-month,Bank transfer,1
CUST_05570,73,3,95.95,298.51,Month-to-month,Electronic check,1
CUST_05571,44,58,107.42,6164.67,One year,Bank transfer,0
CUST_05572,63,72,29.75,2159.67,Month-to-month,Electronic check,1
CUST_05573,25,4,72.47,282.92,Month-to-month,Electronic check,1
CUST_05574,68,0,46.34,0.0,One year,Bank transfer,0
CUST_05575,63,7,57.46,383.18,One year,Bank transfer,0
CUST_05576,59,43,113.34,4811.12,Two year,Electronic check,0
CUST_05577,34,8,55.21,364.76,Month-to-month,Electronic check,1
CUST_05578,26,1,56.53,21.88,Month-to-month,Bank transfer,1
CUST_05579,23,1,40.94,0.0,One year,Electronic check,0
CUST_05580,60,13,116.0,1604.09,One year,Credit card,1
CUST_05581,42,64,65.65,4271.8,One year,Credit card,0
CUST_05582,56,8,77.04,593.58,Month-to-month,Electronic check,1
CUST_05583,66,13,65.32,875.65,Month-to-month,Credit card,0
CUST_05584,45,2,45.29,90.27,One year,Mailed check,0
CUST_05585,50,16,101.04,1590.06,One year,Bank transfer,1
CUST_05586,71,28,22.85,592.82,Month-to-month,Electronic check,1
CUST_05587,54,7,89.02,607.21,Month-to-month,Electronic check,1
CUST_05588,26,8,79.43,611.3,Two year,Credit card,0
CUST_05589,35,44,34.43,1507.15,Two year,Bank transfer,0
CUST_05590,73,0,36.59,102.72,Month-to-month,Bank transfer,1
CUST_05591,38,24,85.92,2057.42,Month-to-month,Electronic check,1
CUST_05592,19,12,51.21,552.33,Month-to-month,Credit card,0
CUST_05593,60,8,46.57,362.47,Month-to-month,Mailed check,1
CUST_05594,55,25,25.92,706.24,Month-to-month,Mailed check,0
CUST_05595,57,43,96.65,4257.89,Month-to-month,Electronic check,1
CUST_05596,53,19,108.27,1989.48,One year,Credit card,1
CUST_05597,67,0,101.98,2.17,One year,Mailed check,0
CUST_05598,60,14,66.6,950.39,Two year,Electronic check,1
CUST_05599,54,14,73.4,1077.9,One year,Bank transfer,0
CUST_05600,32,18,44.23,787.44,Month-to-month,Credit card,1
CUST_05601,45,26,37.29,969.95,Month-to-month,Mailed check,0
CUST_05602,35,0,102.3,0.0,Two year,Bank transfer,0
CUST_05603,51,16,99.83,1532.09,Two year,Mailed check,0
CUST_05604,39,21,97.74,2099.78,One year,Bank transfer,0
CUST_05605,28,10,66.34,615.89,Month-to-month,Bank transfer,1
CUST_05606,74,26,106.45,2689.21,Two year,Bank transfer,0
CUST_05607,30,6,112.62,652.33,Month-to-month,Bank transfer,1
CUST_05608,21,9,52.83,391.53,Month-to-month,Electronic check,1
CUST_05609,39,72,42.47,3037.63,Two year,Credit card,0
CUST_05610,24,10,66.43,641.32,Two year,Bank transfer,0
CUST_05611,60,10,37.93,374.72,One year,Mailed check,0
CUST_05612,71,21,108.4,2252.51,Month-to-month,Electronic check,1
CUST_05613,41,72,53.8,3876.38,One year,Credit card,0
CUST_05614,21,72,77.62,5682.4,One year,Bank transfer,0
CUST_05615,45,20,79.47,1464.59,One year,Electronic check,0
CUST_05616,32,0,71.5,76.45,One year,Credit card,0
CUST_05617,18,55,35.65,1888.84,Two year,Electronic check,0
CUST_05618,72,20,119.1,2404.57,Month-to-month,Bank transfer,0
CUST_05619,20,10,37.26,436.12,Month-to-month,Bank transfer,1
CUST_05620,31,42,95.15,3986.67,Month-to-month,Credit card,1
CUST_05621,55,12,99.14,1199.81,One year,Electronic check,1
CUST_05622,67,0,34.52,36.75,One year,Bank transfer,1
CUST_05623,74,41,113.32,4698.45,One year,Bank transfer,1
CUST_05624,18,18,68.78,1179.48,Month-to-month,Electronic check,1
CUST_05625,55,9,82.89,766.96,Two year,Credit card,0
CUST_05626,55,6,84.22,502.26,Month-to-month,Credit card,0
CUST_05627,38,21,70.5,1505.28,Month-to-month,Credit card,0
CUST_05628,65,5,34.2,195.5,One year,Credit card,1
CUST_05629,46,9,95.18,853.57,Month-to-month,Bank transfer,1
CUST_05630,22,24,78.18,1876.87,One year,Bank transfer,0
CUST_05631,66,51,31.87,1652.44,Month-to-month,Mailed check,1
CUST_05632,27,18,90.03,1598.22,Month-to-month,Bank transfer,0
CUST_05633,45,34,90.28,3107.43,Month-to-month,Bank transfer,0
CUST_05634,38,34,74.85,2507.98,Month-to-month,Bank transfer,0
CUST_05635,67,26,29.05,854.48,Month-to-month,Bank transfer,0
CUST_05636,24,6,55.26,356.02,Month-to-month,Bank transfer,0
CUST_05637,20,48,25.09,1217.02,One year,Credit card,0
CUST_05638,62,13,67.76,852.49,Month-to-month,Credit card,0
CUST_05639,64,1,110.64,104.73,One year,Electronic check,0
CUST_05640,37,6,20.23,142.87,One year,Bank transfer,1
CUST_05641,36,34,46.66,1648.48,Two year,Bank transfer,0
CUST_05642,52,1,99.99,42.68,Two year,Electronic check,1
CUST_05643,21,3,20.99,0.0,Month-to-month,Credit card,0
CUST_05644,22,28,21.02,565.49,Month-to-month,Electronic check,1
CUST_05645,18,53,81.08,4277.14,One year,Bank transfer,0
CUST_05646,21,24,98.92,2351.95,One year,Credit card,0
CUST_05647,29,6,97.65,609.79,Month-to-month,Bank transfer,0
CUST_05648,44,1,97.96,109.62,One year,Bank transfer,1
CUST_05649,73,22,56.1,1222.68,One year,Credit card,0
CUST_05650,59,1,108.27,176.36,One year,Credit card,1
CUST_05651,40,22,21.28,583.19,One year,Credit card,0
CUST_05652,42,6,51.22,334.7,Month-to-month,Bank transfer,1
CUST_05653,38,56,53.72,3030.53,Month-to-month,Bank transfer,0
CUST_05654,69,15,36.56,552.19,Month-to-month,Credit card,0
CUST_05655,41,6,53.62,265.92,Month-to-month,Electronic check,0
CUST_05656,42,46,78.59,3664.66,Two year,Credit card,0
CUST_05657,62,7,72.03,492.47,Month-to-month,Credit card,1
CUST_05658,72,8,51.94,412.63,Month-to-month,Bank transfer,1
CUST_05659,63,43,94.93,4088.83,Month-to-month,Electronic check,1
CUST_05660,49,8,91.48,671.78,One year,Electronic check,0
CUST_05661,72,12,48.07,642.68,One year,Electronic check,0
CUST_05662,49,10,52.32,565.22,One year,Bank transfer,0
CUST_05663,22,2,48.75,56.49,Two year,Mailed check,1
CUST_05664,53,0,32.89,0.0,One year,Credit card,0
CUST_05665,63,30,95.28,2819.04,Month-to-month,Credit card,1
CUST_05666,59,24,24.63,551.11,One year,Mailed check,0
CUST_05667,66,7,35.06,189.23,Two year,Credit card,0
CUST_05668,59,8,30.53,259.96,Month-to-month,Bank transfer,1
CUST_05669,56,69,102.53,7089.74,Month-to-month,Electronic check,0
CUST_05670,33,72,24.4,1694.55,One year,Credit card,1
CUST_05671,50,15,86.46,1399.03,Month-to-month,Electronic check,1
CUST_05672,66,38,24.45,878.95,One year,Credit card,0
CUST_05673,38,32,98.64,3055.33,Two year,Bank transfer,0
CUST_05674,26,8,111.27,922.23,Month-to-month,Bank transfer,1
CUST_05675,23,1,68.68,68.05,One year,Credit card,0
CUST_05676,68,3,100.45,281.99,Month-to-month,Bank transfer,1
CUST_05677,62,43,90.64,3904.36,Month-to-month,Credit card,1
CUST_05678,52,31,99.56,3083.97,One year,Bank transfer,1
CUST_05679,56,26,96.68,2548.61,Month-to-month,Credit card,1
CUST_05680,39,3,40.54,111.56,One year,Bank transfer,0
CUST_05681,58,24,69.96,1654.31,Month-to-month,Mailed check,0
CUST_05682,71,35,116.04,4072.2,Month-to-month,Credit card,0
CUST_05683,22,47,54.35,2594.12,Month-to-month,Bank transfer,0
CUST_05684,59,0,117.05,0.0,Two year,Credit card,1
CUST_05685,40,27,78.32,2112.19,Month-to-month,Credit card,1
CUST_05686,34,0,66.16,64.71,Month-to-month,Bank transfer,1
CUST_05687,29,29,85.78,2489.93,One year,Credit card,0
CUST_05688,40,24,101.58,2364.9,One year,Mailed check,0
CUST_05689,33,3,59.42,182.21,Month-to-month,Electronic check,1
CUST_05690,20,34,23.3,792.58,Two year,Bank transfer,0
CUST_05691,47,1,90.88,103.73,Two year,Credit card,1
CUST_05692,74,42,115.62,4867.56,Month-to-month,Electronic check,1
CUST_05693,39,7,82.5,578.29,Month-to-month,Credit card,1
CUST_05694,26,28,38.84,1103.89,Two year,Bank transfer,0
CUST_05695,46,61,44.82,2673.58,Month-to-month,Electronic check,1
CUST_05696,64,9,110.98,1111.89,Two year,Bank transfer,1
CUST_05697,54,16,21.36,345.36,Month-to-month,Electronic check,1
CUST_05698,40,14,74.87,994.76,One year,Mailed check,1
CUST_05699,30,4,35.87,69.81,Two year,Credit card,0
CUST_05700,49,21,48.28,1037.04,Month-to-month,Electronic check,1
CUST_05701,63,32,50.7,1602.57,Month-to-month,Bank transfer,0
CUST_05702,69,59,41.93,2488.81,One year,Bank transfer,0
CUST_05703,64,45,99.24,4571.74,Two year,Credit card,0
CUST_05704,65,17,53.22,906.04,Month-to-month,Bank transfer,1
CUST_05705,40,30,54.55,1690.88,Two year,Electronic check,0
CUST_05706,62,38,65.3,2432.49,One year,Credit card,0
CUST_05707,34,16,110.23,1776.77,Two year,Bank transfer,0
CUST_05708,72,2,88.82,135.01,One year,Mailed check,0
CUST_05709,57,13,26.17,282.37,One year,Electronic check,0
CUST_05710,38,44,23.93,1062.37,Two year,Credit card,0
CUST_05711,19,21,76.64,1683.59,Month-to-month,Bank transfer,0
CUST_05712,54,30,108.71,3309.64,Two year,Credit card,1
CUST_05713,23,4,52.33,345.32,Month-to-month,Electronic check,1
CUST_05714,61,72,44.78,3221.57,Month-to-month,Bank transfer,1
CUST_05715,35,12,94.82,1154.81,One year,Electronic check,0
CUST_05716,47,25,80.21,2038.5,Month-to-month,Bank transfer,1
CUST_05717,39,0,76.5,5.72,One year,Credit card,0
CUST_05718,71,3,34.93,149.16,One year,Electronic check,1
CUST_05719,50,36,37.6,1326.6,Month-to-month,Electronic check,1
CUST_05720,47,72,48.18,3434.36,Month-to-month,Bank transfer,1
CUST_05721,34,9,40.68,340.46,One year,Electronic check,0
CUST_05722,60,0,117.14,0.0,Two year,Bank transfer,1
CUST_05723,49,10,21.86,134.52,Two year,Mailed check,0
CUST_05724,59,0,82.61,0.0,Month-to-month,Credit card,1
CUST_05725,68,5,71.76,247.07,Two year,Electronic check,0
CUST_05726,31,33,52.33,1706.82,Month-to-month,Credit card,0
CUST_05727,27,66,108.76,7074.75,Month-to-month,Bank transfer,1
CUST_05728,64,2,87.02,254.1,Month-to-month,Electronic check,1
CUST_05729,68,19,119.84,2256.95,Month-to-month,Electronic check,1
CUST_05730,53,7,36.87,117.51,One year,Credit card,0
CUST_05731,51,3,28.79,87.91,One year,Bank transfer,0
CUST_05732,26,5,33.94,182.98,Two year,Mailed check,0
CUST_05733,59,20,46.93,908.54,One year,Electronic check,1
CUST_05734,45,1,61.68,142.33,Month-to-month,Electronic check,1
CUST_05735,28,13,106.26,1410.85,One year,Bank transfer,0
CUST_05736,31,3,48.36,132.76,Month-to-month,Bank transfer,1
CUST_05737,56,7,111.52,806.99,One year,Credit card,1
CUST_05738,72,5,66.29,408.91,Month-to-month,Credit card,0
CUST_05739,64,51,84.71,4259.48,Month-to-month,Mailed check,1
CUST_05740,71,29,46.44,1305.74,Month-to-month,Electronic check,1
CUST_05741,36,48,35.6,1710.06,Two year,Credit card,0
CUST_05742,71,11,106.95,1092.71,One year,Bank transfer,1
CUST_05743,32,9,30.95,292.83,Two year,Credit card,0
CUST_05744,45,11,97.4,1153.75,Month-to-month,Credit card,1
CUST_05745,41,0,78.1,0.0,Two year,Mailed check,0
CUST_05746,25,30,106.11,3104.09,Month-to-month,Mailed check,1
CUST_05747,60,10,91.78,957.9,One year,Electronic check,1
CUST_05748,26,9,48.17,515.71,Month-to-month,Bank transfer,1
CUST_05749,64,21,77.44,1490.17,Month-to-month,Bank transfer,0
CUST_05750,50,13,21.31,303.63,Two year,Bank transfer,0
CUST_05751,50,72,67.52,4893.81,One year,Mailed check,0
CUST_05752,36,10,28.6,309.88,Two year,Credit card,0
CUST_05753,20,22,62.89,1395.32,Month-to-month,Electronic check,1
CUST_05754,27,8,30.96,253.66,One year,Electronic check,1
CUST_05755,57,72,115.55,8306.54,Month-to-month,Mailed check,1
CUST_05756,64,14,72.31,1086.36,Month-to-month,Bank transfer,1
CUST_05757,59,24,111.32,2676.19,Two year,Bank transfer,0
CUST_05758,18,3,22.24,187.21,One year,Mailed check,1
CUST_05759,46,31,83.77,2644.21,Two year,Bank transfer,0
CUST_05760,67,7,50.7,360.44,Month-to-month,Electronic check,0
CUST_05761,51,14,63.18,838.63,Two year,Electronic check,0
CUST_05762,68,51,107.31,5500.96,One year,Bank transfer,0
CUST_05763,30,72,118.0,8454.25,One year,Electronic check,0
CUST_05764,71,13,44.65,547.58,Month-to-month,Electronic check,1
CUST_05765,18,43,114.83,4919.54,Two year,Electronic check,1
CUST_05766,51,1,88.87,24.87,Two year,Mailed check,0
CUST_05767,46,45,115.14,5269.3,Month-to-month,Credit card,1
CUST_05768,65,23,76.24,1693.36,One year,Credit card,0
CUST_05769,64,16,116.08,1870.89,Month-to-month,Credit card,1
CUST_05770,30,52,109.25,5641.18,One year,Electronic check,1
CUST_05771,65,44,32.86,1374.33,Two year,Credit card,0
CUST_05772,66,8,51.08,397.3,Month-to-month,Bank transfer,1
CUST_05773,70,37,44.31,1632.39,One year,Credit card,0
CUST_05774,46,2,77.21,230.37,Month-to-month,Credit card,1
CUST_05775,56,41,100.28,4132.3,One year,Bank transfer,1
CUST_05776,41,27,95.94,2601.13,Two year,Electronic check,1
CUST_05777,43,2,92.67,223.43,Month-to-month,Bank transfer,1
CUST_05778,34,27,57.53,1539.28,Month-to-month,Mailed check,1
CUST_05779,24,20,33.96,648.66,One year,Electronic check,0
CUST_05780,30,21,41.06,829.33,One year,Electronic check,0
CUST_05781,22,8,94.17,717.39,Month-to-month,Bank transfer,1
CUST_05782,43,7,34.75,258.07,Month-to-month,Electronic check,0
CUST_05783,66,34,42.29,1364.89,Month-to-month,Credit card,1
CUST_05784,20,7,62.46,425.69,Month-to-month,Electronic check,1
CUST_05785,24,14,27.21,447.19,One year,Bank transfer,0
CUST_05786,66,28,41.27,1170.86,Month-to-month,Electronic check,0
CUST_05787,56,1,34.98,30.02,One year,Credit card,0
CUST_05788,70,21,115.13,2391.54,Month-to-month,Bank transfer,1
CUST_05789,18,21,39.15,779.09,Month-to-month,Electronic check,1
CUST_05790,66,27,106.18,2929.82,Month-to-month,Bank transfer,1
CUST_05791,34,11,31.48,351.36,One year,Electronic check,0
CUST_05792,60,14,106.97,1472.08,Month-to-month,Credit card,1
CUST_05793,42,9,79.94,704.28,Two year,Bank transfer,1
CUST_05794,20,39,104.97,4049.51,Month-to-month,Electronic check,1
CUST_05795,32,3,106.73,325.8,Month-to-month,Bank transfer,1
CUST_05796,46,72,79.64,5739.43,One year,Electronic check,0
CUST_05797,70,24,111.77,2713.07,Month-to-month,Bank transfer,1
CUST_05798,60,52,78.54,4008.11,Two year,Bank transfer,0
CUST_05799,49,13,91.26,1193.06,Two year,Credit card,0
CUST_05800,43,9,61.61,582.61,Month-to-month,Credit card,0
CUST_05801,33,55,111.41,6119.5,One year,Bank transfer,1
CUST_05802,42,2,102.42,272.22,One year,Bank transfer,1
CUST_05803,71,2,36.67,105.82,Two year,Credit card,0
CUST_05804,45,8,77.64,675.45,Month-to-month,Credit card,1
CUST_05805,26,72,109.68,7843.4,Month-to-month,Credit card,1
CUST_05806,73,24,99.31,2292.37,One year,Credit card,1
CUST_05807,73,19,116.26,2223.15,Month-to-month,Credit card,1
CUST_05808,18,29,43.13,1149.32,One year,Electronic check,0
CUST_05809,46,12,56.75,651.2,Two year,Electronic check,0
CUST_05810,74,34,70.72,2403.05,Month-to-month,Mailed check,0
CUST_05811,39,11,43.27,513.39,Two year,Credit card,1
CUST_05812,33,42,59.4,2499.4,Two year,Electronic check,0
CUST_05813,58,7,73.75,588.92,Two year,Bank transfer,0
CUST_05814,68,7,39.13,239.12,One year,Credit card,0
CUST_05815,61,17,45.67,730.89,One year,Credit card,0
CUST_05816,68,13,32.48,535.48,Month-to-month,Bank transfer,0
CUST_05817,71,25,91.34,2275.88,Two year,Mailed check,0
CUST_05818,58,10,56.16,568.12,Month-to-month,Electronic check,1
CUST_05819,24,6,42.03,224.01,Month-to-month,Credit card,1
CUST_05820,31,15,70.73,1016.82,Month-to-month,Credit card,1
CUST_05821,46,19,26.82,501.73,One year,Credit card,0
CUST_05822,36,3,112.34,389.51,Month-to-month,Credit card,1
CUST_05823,36,19,49.45,928.46,One year,Electronic check,0
CUST_05824,19,9,108.65,853.27,One year,Bank transfer,1
CUST_05825,58,11,69.76,712.24,Month-to-month,Electronic check,1
CUST_05826,62,7,105.02,829.45,Month-to-month,Credit card,1
CUST_05827,32,64,44.71,2734.77,Month-to-month,Electronic check,0
CUST_05828,20,27,37.53,976.86,Month-to-month,Electronic check,0
CUST_05829,28,7,104.94,756.57,Month-to-month,Credit card,1
CUST_05830,70,24,41.29,1014.17,Month-to-month,Bank transfer,1
CUST_05831,63,45,94.62,4282.24,Two year,Credit card,0
CUST_05832,47,12,54.46,698.21,One year,Bank transfer,0
CUST_05833,74,42,94.82,3971.47,One year,Mailed check,0
CUST_05834,57,4,110.76,391.98,Month-to-month,Bank transfer,1
CUST_05835,35,41,118.16,4833.6,Month-to-month,Credit card,1
CUST_05836,68,18,55.98,1067.34,One year,Bank transfer,0
CUST_05837,65,6,56.75,257.57,One year,Credit card,1
CUST_05838,19,12,118.14,1394.76,Month-to-month,Electronic check,1
CUST_05839,49,72,106.15,7643.75,Month-to-month,Mailed check,0
CUST_05840,25,36,24.51,849.57,Two year,Credit card,0
CUST_05841,39,20,77.34,1520.58,Month-to-month,Electronic check,1
CUST_05842,23,2,38.12,96.57,Month-to-month,Bank transfer,1
CUST_05843,29,12,119.4,1439.45,Month-to-month,Mailed check,1
CUST_05844,64,7,33.89,284.63,One year,Bank transfer,0
CUST_05845,74,1,75.93,103.63,One year,Electronic check,1
CUST_05846,57,18,86.52,1609.14,Month-to-month,Bank transfer,0
CUST_05847,53,52,113.71,5880.57,Month-to-month,Credit card,1
CUST_05848,32,27,104.73,2958.0,One year,Electronic check,0
CUST_05849,45,6,44.58,183.55,Month-to-month,Bank transfer,1
CUST_05850,69,20,77.26,1585.39,Month-to-month,Electronic check,1
CUST_05851,74,68,115.36,7793.71,Month-to-month,Mailed check,1
CUST_05852,66,30,93.57,2725.13,Month-to-month,Mailed check,0
CUST_05853,62,28,88.83,2570.76,One year,Bank transfer,0
CUST_05854,35,72,95.49,6856.7,One year,Electronic check,0
CUST_05855,19,38,52.25,1921.73,Two year,Mailed check,0
CUST_05856,30,3,92.93,258.61,One year,Bank transfer,0
CUST_05857,62,10,43.29,398.83,Two year,Credit card,0
CUST_05858,71,72,62.81,4514.26,Two year,Electronic check,0
CUST_05859,32,16,108.99,1727.43,Month-to-month,Bank transfer,0
CUST_05860,37,2,21.9,0.0,Month-to-month,Bank transfer,0
CUST_05861,46,14,61.43,863.19,One year,Electronic check,0
CUST_05862,59,28,46.68,1306.39,One year,Bank transfer,0
CUST_05863,46,72,39.86,2951.09,Two year,Bank transfer,0
CUST_05864,20,9,103.86,1007.03,One year,Bank transfer,1
CUST_05865,36,17,89.65,1524.35,One year,Electronic check,1
CUST_05866,20,50,31.26,1586.03,Month-to-month,Credit card,0
CUST_05867,71,10,69.45,642.08,Month-to-month,Electronic check,1
CUST_05868,31,2,66.69,166.34,Two year,Electronic check,0
CUST_05869,57,71,34.25,2568.39,Two year,Bank transfer,0
CUST_05870,72,16,99.98,1542.44,Month-to-month,Electronic check,1
CUST_05871,21,16,56.67,876.17,One year,Electronic check,1
CUST_05872,69,23,96.19,2224.65,One year,Bank transfer,0
CUST_05873,28,0,39.21,9.24,Month-to-month,Bank transfer,1
CUST_05874,48,64,51.51,3302.36,Two year,Mailed check,0
CUST_05875,60,10,29.52,260.89,One year,Bank transfer,0
CUST_05876,49,12,34.35,342.11,Month-to-month,Credit card,1
CUST_05877,44,4,108.32,390.45,Month-to-month,Credit card,1
CUST_05878,47,11,30.91,381.52,Month-to-month,Electronic check,1
CUST_05879,60,39,29.57,1254.91,Month-to-month,Bank transfer,1
CUST_05880,19,38,114.04,4360.38,Month-to-month,Electronic check,0
CUST_05881,66,65,84.59,5481.49,Month-to-month,Credit card,1
CUST_05882,26,12,30.09,402.44,One year,Credit card,1
CUST_05883,45,29,117.17,3330.09,One year,Mailed check,0
CUST_05884,48,16,34.71,553.78,One year,Bank transfer,0
CUST_05885,51,39,96.63,3738.77,One year,Credit card,0
CUST_05886,73,29,23.49,667.06,Two year,Bank transfer,0
CUST_05887,32,11,82.45,878.71,Two year,Bank transfer,0
CUST_05888,65,9,74.67,616.51,Month-to-month,Credit card,1
CUST_05889,42,6,40.8,329.82,Month-to-month,Credit card,0
CUST_05890,53,20,84.31,1655.08,Month-to-month,Bank transfer,1
CUST_05891,25,72,81.71,5851.78,One year,Credit card,1
CUST_05892,26,5,99.84,496.31,Two year,Bank transfer,0
CUST_05893,54,2,107.59,225.53,One year,Electronic check,1
CUST_05894,65,3,71.01,293.75,One year,Bank transfer,1
CUST_05895,62,36,69.03,2493.6,One year,Electronic check,0
CUST_05896,56,10,82.16,849.29,One year,Mailed check,0
CUST_05897,49,6,92.92,465.21,Two year,Credit card,1
CUST_05898,69,10,55.62,571.44,Two year,Credit card,0
CUST_05899,34,24,70.46,1653.06,One year,Credit card,0
CUST_05900,52,18,78.51,1376.11,One year,Mailed check,1
CUST_05901,54,32,118.84,3743.46,Month-to-month,Bank transfer,1
CUST_05902,36,9,78.77,692.14,Month-to-month,Credit card,1
CUST_05903,61,14,42.42,613.03,Month-to-month,Credit card,1
CUST_05904,46,2,78.8,179.2,Month-to-month,Credit card,1
CUST_05905,24,1,101.95,111.88,Two year,Mailed check,1
CUST_05906,45,14,105.74,1449.21,Month-to-month,Credit card,1
CUST_05907,26,8,100.03,763.99,Month-to-month,Credit card,1
CUST_05908,45,22,108.82,2373.16,One year,Electronic check,1
CUST_05909,23,1,53.48,58.85,One year,Electronic check,1
CUST_05910,46,3,70.76,133.81,Two year,Credit card,1
CUST_05911,34,48,97.96,4689.22,Month-to-month,Mailed check,0
CUST_05912,33,20,46.44,910.19,Two year,Electronic check,1
CUST_05913,40,29,57.16,1675.32,Month-to-month,Electronic check,1
CUST_05914,48,44,103.12,4678.79,Two year,Mailed check,0
CUST_05915,20,14,97.01,1357.56,One year,Electronic check,0
CUST_05916,38,34,117.12,3982.67,One year,Electronic check,0
CUST_05917,43,17,119.6,2066.19,Month-to-month,Electronic check,1
CUST_05918,53,6,44.07,254.3,One year,Credit card,0
CUST_05919,59,9,110.04,1011.87,One year,Electronic check,1
CUST_05920,54,16,29.45,536.56,Month-to-month,Mailed check,1
CUST_05921,70,9,90.98,804.2,Month-to-month,Bank transfer,1
CUST_05922,39,9,42.01,454.28,Two year,Credit card,0
CUST_05923,59,9,50.03,459.94,One year,Electronic check,0
CUST_05924,29,3,114.63,383.74,Two year,Mailed check,1
CUST_05925,59,2,46.32,144.05,One year,Electronic check,1
CUST_05926,30,1,87.32,153.5,Month-to-month,Credit card,1
CUST_05927,28,2,37.81,132.45,Month-to-month,Bank transfer,0
CUST_05928,71,10,29.34,363.0,Two year,Electronic check,0
CUST_05929,33,21,53.93,1141.09,One year,Credit card,0
CUST_05930,25,5,82.42,376.96,Month-to-month,Electronic check,0
CUST_05931,57,52,44.79,2334.15,One year,Mailed check,0
CUST_05932,74,39,50.02,1897.0,Month-to-month,Bank transfer,1
CUST_05933,57,17,90.87,1528.3,Two year,Bank transfer,0
CUST_05934,62,30,30.28,878.81,Month-to-month,Bank transfer,1
CUST_05935,19,10,64.69,572.21,Month-to-month,Electronic check,1
CUST_05936,47,0,114.17,46.03,Month-to-month,Credit card,0
CUST_05937,47,56,59.7,3409.93,Month-to-month,Mailed check,0
CUST_05938,29,3,63.42,153.81,One year,Electronic check,1
CUST_05939,27,70,93.82,6599.39,One year,Bank transfer,1
CUST_05940,61,20,97.9,2090.92,One year,Credit card,0
CUST_05941,28,8,96.96,835.26,One year,Mailed check,1
CUST_05942,32,16,119.79,1865.33,Month-to-month,Bank transfer,1
CUST_05943,33,16,27.15,479.23,One year,Bank transfer,0
CUST_05944,34,0,118.23,0.0,Two year,Credit card,0
CUST_05945,43,10,115.02,1193.8,Month-to-month,Electronic check,1
CUST_05946,19,32,105.21,3482.35,Month-to-month,Bank transfer,1
CUST_05947,67,17,65.41,1108.58,One year,Bank transfer,0
CUST_05948,29,6,107.09,713.12,Month-to-month,Electronic check,1
CUST_05949,68,9,42.08,341.08,Month-to-month,Bank transfer,1
CUST_05950,43,47,99.17,4636.9,One year,Bank transfer,0
CUST_05951,40,17,38.52,556.04,Two year,Credit card,0
CUST_05952,35,18,101.54,1909.0,One year,Credit card,0
CUST_05953,49,72,81.45,5781.38,One year,Electronic check,0
CUST_05954,66,9,29.8,211.62,Month-to-month,Electronic check,0
CUST_05955,55,15,109.53,1654.29,One year,Bank transfer,0
CUST_05956,74,40,77.8,3214.49,One year,Bank transfer,0
CUST_05957,64,34,85.62,2815.94,One year,Electronic check,1
CUST_05958,20,7,48.35,356.91,Month-to-month,Mailed check,1
CUST_05959,55,3,107.16,250.29,One year,Credit card,1
CUST_05960,20,28,74.52,2170.42,Two year,Electronic check,0
CUST_05961,47,7,62.11,443.29,One year,Mailed check,0
CUST_05962,18,61,73.43,4557.0,Month-to-month,Bank transfer,1
CUST_05963,47,3,90.33,232.84,Month-to-month,Credit card,1
CUST_05964,62,9,89.5,782.7,Month-to-month,Bank transfer,1
CUST_05965,49,1,55.76,9.06,Month-to-month,Mailed check,1
CUST_05966,45,29,58.53,1769.81,Two year,Credit card,0
CUST_05967,38,53,76.22,4110.78,One year,Electronic check,1
CUST_05968,63,24,112.44,2665.78,One year,Bank transfer,0
CUST_05969,30,66,94.54,6288.42,Two year,Bank transfer,0
CUST_05970,44,3,59.04,171.99,Month-to-month,Electronic check,1
CUST_05971,53,2,53.7,10.24,One year,Bank transfer,0
CUST_05972,24,43,72.36,3136.64,Month-to-month,Electronic check,1
CUST_05973,39,46,107.0,4964.79,Month-to-month,Mailed check,1
CUST_05974,27,42,20.87,931.66,Month-to-month,Mailed check,0
CUST_05975,56,38,91.05,3463.52,Two year,Credit card,1
CUST_05976,70,10,49.45,477.43,Month-to-month,Credit card,0
CUST_05977,32,5,40.84,179.38,Month-to-month,Electronic check,1
CUST_05978,32,63,21.21,1381.45,One year,Credit card,0
CUST_05979,21,8,109.66,898.31,Month-to-month,Credit card,1
CUST_05980,49,12,111.22,1302.81,Month-to-month,Electronic check,0
CUST_05981,40,28,26.14,746.08,One year,Credit card,0
CUST_05982,72,8,72.18,613.58,Month-to-month,Bank transfer,0
CUST_05983,23,41,35.26,1482.89,Two year,Credit card,0
CUST_05984,41,1,95.87,95.82,One year,Credit card,1
CUST_05985,37,37,86.54,3264.17,Month-to-month,Credit card,0
CUST_05986,54,22,49.71,1054.22,Month-to-month,Mailed check,1
CUST_05987,37,20,31.7,636.43,One year,Bank transfer,0
CUST_05988,29,14,103.12,1490.32,Month-to-month,Bank transfer,1
CUST_05989,50,7,87.43,627.57,One year,Mailed check,0
CUST_05990,45,14,20.68,293.7,One year,Electronic check,0
CUST_05991,25,14,82.79,1121.79,One year,Mailed check,0
CUST_05992,18,21,101.03,2057.25,One year,Credit card,1
CUST_05993,54,7,79.08,519.32,Two year,Credit card,0
CUST_05994,39,1,62.47,121.1,Month-to-month,Credit card,0
CUST_05995,23,3,78.39,202.55,Month-to-month,Electronic check,1
CUST_05996,38,28,81.97,2295.22,One year,Bank transfer,0
CUST_05997,49,0,84.0,99.49,Month-to-month,Bank transfer,1
CUST_05998,52,46,116.7,5419.59,One year,Electronic check,0
CUST_05999,32,28,37.86,1052.53,One year,Mailed check,0
CUST_06000,22,35,82.31,2868.55,Month-to-month,Mailed check,1
CUST_06001,73,43,38.8,1740.42,Month-to-month,Credit card,0
CUST_06002,63,3,41.0,105.89,One year,Credit card,0
CUST_06003,67,41,86.93,3564.54,Two year,Credit card,0
CUST_06004,65,16,111.6,1776.17,Month-to-month,Bank transfer,1
CUST_06005,23,52,35.9,1948.77,One year,Electronic check,0
CUST_06006,42,52,116.25,6044.61,One year,Credit card,0
CUST_06007,73,0,51.94,0.0,Month-to-month,Electronic check,1
CUST_06008,63,11,59.13,685.15,Month-to-month,Bank transfer,1
CUST_06009,73,17,35.37,698.66,Month-to-month,Electronic check,1
CUST_06010,57,27,81.58,2141.58,One year,Credit card,0
CUST_06011,46,8,79.64,654.38,One year,Electronic check,0
CUST_06012,24,6,64.23,343.94,Two year,Electronic check,1
CUST_06013,57,11,67.61,815.49,Month-to-month,Credit card,0
CUST_06014,30,16,82.3,1261.09,Two year,Electronic check,0
CUST_06015,55,72,78.35,5681.74,One year,Credit card,0
CUST_06016,35,34,57.43,1915.88,Month-to-month,Mailed check,0
CUST_06017,19,13,108.41,1491.47,Month-to-month,Credit card,1
CUST_06018,25,1,86.77,207.65,One year,Bank transfer,0
CUST_06019,28,4,40.54,223.71,Two year,Bank transfer,0
CUST_06020,50,14,51.99,725.73,One year,Credit card,0
CUST_06021,71,40,98.79,3891.37,One year,Bank transfer,0
CUST_06022,55,11,30.45,344.55,Month-to-month,Mailed check,0
CUST_06023,65,18,95.02,1723.4,Month-to-month,Electronic check,1
CUST_06024,44,53,55.88,3078.11,Month-to-month,Electronic check,1
CUST_06025,37,58,75.17,4366.55,Month-to-month,Credit card,0
CUST_06026,29,5,48.06,204.74,One year,Electronic check,1
CUST_06027,60,1,118.65,128.89,Two year,Mailed check,0
CUST_06028,48,8,110.58,865.47,Month-to-month,Mailed check,1
CUST_06029,44,28,112.84,3154.81,One year,Bank transfer,0
CUST_06030,49,72,38.48,2878.7,Month-to-month,Electronic check,0
CUST_06031,27,1,104.17,61.8,Month-to-month,Credit card,1
CUST_06032,20,0,73.54,48.08,Month-to-month,Electronic check,1
CUST_06033,62,51,90.79,4614.58,Month-to-month,Credit card,0
CUST_06034,44,33,41.75,1376.01,Month-to-month,Credit card,1
CUST_06035,52,72,91.2,6565.77,Month-to-month,Electronic check,1
CUST_06036,48,12,111.43,1288.76,Month-to-month,Credit card,1
CUST_06037,32,12,46.75,590.42,Month-to-month,Bank transfer,0
CUST_06038,33,4,43.34,60.48,One year,Credit card,1
CUST_06039,30,2,30.44,45.85,Month-to-month,Bank transfer,1
CUST_06040,66,20,46.68,948.35,Two year,Electronic check,0
CUST_06041,52,10,73.58,764.69,Two year,Credit card,0
CUST_06042,69,2,103.27,233.09,Two year,Credit card,1
CUST_06043,28,52,47.88,2433.34,One year,Electronic check,0
CUST_06044,38,5,82.11,389.72,One year,Credit card,1
CUST_06045,68,33,67.96,2249.73,Month-to-month,Credit card,0
CUST_06046,71,7,48.86,304.48,One year,Mailed check,0
CUST_06047,28,40,71.04,2850.47,Month-to-month,Electronic check,1
CUST_06048,47,3,36.8,137.43,Month-to-month,Bank transfer,1
CUST_06049,65,33,83.96,2743.58,Month-to-month,Credit card,1
CUST_06050,70,2,31.57,95.27,One year,Electronic check,0
CUST_06051,52,14,93.1,1290.69,Month-to-month,Bank transfer,1
CUST_06052,39,31,37.77,1130.05,Two year,Bank transfer,0
CUST_06053,55,4,119.82,545.33,Month-to-month,Electronic check,0
CUST_06054,48,8,102.37,794.75,Two year,Bank transfer,0
CUST_06055,31,48,54.38,2538.4,Month-to-month,Electronic check,1
CUST_06056,41,51,62.62,3168.06,One year,Bank transfer,1
CUST_06057,67,1,45.92,58.24,One year,Mailed check,0
CUST_06058,66,4,96.71,403.68,One year,Electronic check,1
CUST_06059,49,2,58.07,61.66,Month-to-month,Credit card,1
CUST_06060,53,4,95.52,413.2,One year,Mailed check,0
CUST_06061,49,72,21.84,1570.36,Month-to-month,Bank transfer,0
CUST_06062,72,19,33.56,565.11,One year,Credit card,0
CUST_06063,32,15,56.5,763.92,One year,Electronic check,0
CUST_06064,60,72,30.89,2234.68,Month-to-month,Electronic check,0
CUST_06065,52,19,80.11,1506.03,Month-to-month,Electronic check,1
CUST_06066,20,25,25.08,582.78,Month-to-month,Mailed check,0
CUST_06067,33,9,105.98,922.8,Two year,Credit card,1
CUST_06068,22,11,96.13,1052.51,One year,Credit card,1
CUST_06069,38,21,41.63,868.1,Month-to-month,Credit card,1
CUST_06070,27,1,68.38,62.33,Month-to-month,Credit card,1
CUST_06071,36,7,65.18,448.84,Month-to-month,Electronic check,0
CUST_06072,42,5,92.49,561.05,Month-to-month,Mailed check,1
CUST_06073,21,0,60.15,0.0,One year,Electronic check,1
CUST_06074,46,18,23.29,455.69,One year,Electronic check,0
CUST_06075,36,19,47.37,930.44,One year,Bank transfer,0
CUST_06076,60,11,66.62,703.77,Two year,Mailed check,0
CUST_06077,19,7,117.45,737.22,One year,Bank transfer,1
CUST_06078,27,25,108.12,2682.01,One year,Electronic check,1
CUST_06079,60,3,38.14,31.58,One year,Bank transfer,1
CUST_06080,42,17,92.33,1479.0,One year,Electronic check,0
CUST_06081,37,35,113.68,3953.36,Two year,Mailed check,1
CUST_06082,65,4,20.88,87.49,One year,Mailed check,0
CUST_06083,36,33,92.09,3028.26,Month-to-month,Electronic check,1
CUST_06084,40,34,65.93,2160.08,Two year,Mailed check,0
CUST_06085,41,1,88.02,27.3,One year,Electronic check,1
CUST_06086,28,0,80.56,7.53,Month-to-month,Mailed check,1
CUST_06087,63,72,118.47,8560.83,One year,Electronic check,1
CUST_06088,51,5,48.88,202.68,Month-to-month,Credit card,1
CUST_06089,72,41,98.61,4041.6,Two year,Electronic check,0
CUST_06090,45,19,43.46,836.04,Two year,Credit card,0
CUST_06091,22,7,63.56,531.26,Month-to-month,Bank transfer,0
CUST_06092,22,3,117.54,431.68,Two year,Bank transfer,0
CUST_06093,68,16,96.61,1575.55,One year,Credit card,0
CUST_06094,38,12,51.58,516.57,One year,Bank transfer,0
CUST_06095,29,28,81.94,2368.24,Month-to-month,Electronic check,1
CUST_06096,67,56,24.97,1421.96,Month-to-month,Electronic check,1
CUST_06097,21,39,46.64,1786.48,One year,Credit card,1
CUST_06098,71,7,91.84,741.43,Month-to-month,Electronic check,1
CUST_06099,66,50,77.01,3834.71,One year,Bank transfer,1
CUST_06100,59,43,66.97,2987.23,Two year,Credit card,0
CUST_06101,37,63,89.09,5556.24,Two year,Bank transfer,0
CUST_06102,55,14,59.85,816.5,Month-to-month,Electronic check,1
CUST_06103,42,35,22.62,688.8,Month-to-month,Electronic check,0
CUST_06104,31,21,64.1,1322.89,Two year,Electronic check,1
CUST_06105,28,8,110.21,941.91,One year,Bank transfer,1
CUST_06106,49,72,105.66,7579.65,Two year,Bank transfer,0
CUST_06107,28,0,60.9,0.0,One year,Bank transfer,0
CUST_06108,35,4,22.22,151.43,One year,Electronic check,1
CUST_06109,44,53,83.63,4440.27,Month-to-month,Electronic check,0
CUST_06110,72,1,94.12,100.95,Month-to-month,Credit card,1
CUST_06111,71,52,49.42,2515.05,Month-to-month,Electronic check,0
CUST_06112,35,30,67.67,1979.56,Month-to-month,Mailed check,1
CUST_06113,73,0,119.19,0.0,One year,Electronic check,1
CUST_06114,40,13,77.63,912.58,One year,Electronic check,1
CUST_06115,28,33,55.11,1858.67,One year,Credit card,0
CUST_06116,38,20,82.75,1685.59,Two year,Electronic check,0
CUST_06117,61,65,38.0,2490.88,One year,Bank transfer,0
CUST_06118,22,48,39.93,1850.83,One year,Mailed check,0
CUST_06119,40,9,112.49,1047.62,Two year,Bank transfer,1
CUST_06120,58,2,43.92,45.15,Month-to-month,Credit card,0
CUST_06121,42,69,51.08,3586.56,Month-to-month,Electronic check,1
CUST_06122,58,17,74.38,1249.18,One year,Electronic check,0
CUST_06123,71,1,109.97,113.87,One year,Electronic check,1
CUST_06124,27,40,98.14,3957.14,One year,Mailed check,1
CUST_06125,39,48,24.38,1185.26,Month-to-month,Bank transfer,0
CUST_06126,36,24,89.3,1982.94,Month-to-month,Credit card,1
CUST_06127,18,14,70.41,899.41,Month-to-month,Electronic check,1
CUST_06128,24,26,67.56,1717.31,Month-to-month,Credit card,0
CUST_06129,21,29,89.16,2605.95,One year,Electronic check,1
CUST_06130,18,53,39.62,2185.84,One year,Electronic check,0
CUST_06131,32,72,118.15,8491.46,One year,Bank transfer,0
CUST_06132,57,17,84.53,1477.57,Month-to-month,Credit card,1
CUST_06133,29,38,56.57,2183.58,Month-to-month,Electronic check,1
CUST_06134,39,72,80.02,5694.44,One year,Electronic check,0
CUST_06135,39,3,41.65,124.69,One year,Bank transfer,0
CUST_06136,67,0,83.38,0.0,Two year,Credit card,0
CUST_06137,64,48,22.82,1049.37,Month-to-month,Credit card,0
CUST_06138,34,5,54.12,355.68,One year,Electronic check,0
CUST_06139,46,1,94.75,113.85,One year,Bank transfer,1
CUST_06140,63,4,100.8,361.48,Two year,Mailed check,1
CUST_06141,31,11,45.29,468.37,Two year,Bank transfer,0
CUST_06142,67,5,73.94,376.18,Two year,Electronic check,0
CUST_06143,37,8,72.85,601.38,Two year,Electronic check,0
CUST_06144,67,72,62.15,4376.94,One year,Credit card,0
CUST_06145,65,29,42.84,1308.91,Month-to-month,Bank transfer,1
CUST_06146,50,29,90.32,2629.48,One year,Electronic check,1
CUST_06147,72,2,45.24,44.3,Month-to-month,Credit card,1
CUST_06148,60,31,111.1,3564.93,Month-to-month,Bank transfer,1
CUST_06149,32,32,72.85,2352.99,One year,Mailed check,1
CUST_06150,29,25,107.05,2753.69,One year,Bank transfer,0
CUST_06151,57,6,49.07,356.62,One year,Mailed check,0
CUST_06152,71,13,100.71,1410.16,Month-to-month,Electronic check,1
CUST_06153,37,44,31.37,1433.21,One year,Credit card,0
CUST_06154,47,26,96.68,2560.92,Two year,Bank transfer,0
CUST_06155,55,31,58.69,1857.64,One year,Credit card,1
CUST_06156,20,21,67.0,1478.99,One year,Bank transfer,0
CUST_06157,45,14,36.68,485.38,One year,Bank transfer,0
CUST_06158,73,34,21.86,764.02,Two year,Electronic check,0
CUST_06159,43,1,86.62,59.15,Month-to-month,Bank transfer,1
CUST_06160,47,26,78.77,2094.61,Month-to-month,Bank transfer,0
CUST_06161,30,72,82.24,5906.35,Month-to-month,Electronic check,0
CUST_06162,30,36,45.5,1626.8,Month-to-month,Bank transfer,0
CUST_06163,19,8,43.93,256.09,Month-to-month,Electronic check,1
CUST_06164,54,7,103.03,820.86,One year,Credit card,0
CUST_06165,66,26,96.13,2437.36,Month-to-month,Credit card,1
CUST_06166,55,54,53.68,2920.12,Month-to-month,Bank transfer,0
CUST_06167,19,20,83.78,1706.28,Month-to-month,Electronic check,1
CUST_06168,53,17,102.82,1818.44,Two year,Bank transfer,0
CUST_06169,71,4,108.88,410.89,One year,Bank transfer,0
CUST_06170,43,30,20.58,549.45,Month-to-month,Credit card,1
CUST_06171,28,29,101.35,2987.2,Month-to-month,Electronic check,1
CUST_06172,25,72,55.04,4021.01,One year,Credit card,0
CUST_06173,61,8,91.84,753.13,One year,Electronic check,1
CUST_06174,57,33,57.14,1888.02,One year,Credit card,0
CUST_06175,60,13,80.62,1046.3,Two year,Credit card,0
CUST_06176,39,19,84.68,1553.67,One year,Credit card,0
CUST_06177,37,40,60.5,2307.91,Two year,Bank transfer,0
CUST_06178,25,6,71.28,510.52,Month-to-month,Bank transfer,0
CUST_06179,46,10,92.63,926.92,Two year,Credit card,0
CUST_06180,57,35,67.63,2408.13,One year,Bank transfer,0
CUST_06181,43,20,21.4,410.39,Month-to-month,Electronic check,1
CUST_06182,47,2,21.29,24.99,Month-to-month,Credit card,1
CUST_06183,34,13,86.13,1096.41,One year,Mailed check,1
CUST_06184,37,21,104.72,2189.32,Month-to-month,Bank transfer,1
CUST_06185,69,57,98.53,5672.59,One year,Electronic check,0
CUST_06186,72,5,51.04,261.87,One year,Electronic check,1
CUST_06187,33,39,67.11,2701.36,Month-to-month,Bank transfer,0
CUST_06188,63,3,43.42,73.59,Month-to-month,Bank transfer,1
CUST_06189,60,6,118.91,704.62,Two year,Mailed check,0
CUST_06190,24,6,46.05,273.66,Month-to-month,Mailed check,0
CUST_06191,33,50,61.63,3117.98,Month-to-month,Mailed check,1
CUST_06192,62,5,88.11,405.55,Month-to-month,Credit card,1
CUST_06193,64,37,107.6,4038.84,Two year,Mailed check,0
CUST_06194,73,14,25.15,383.9,One year,Credit card,0
CUST_06195,65,72,50.1,3687.21,One year,Electronic check,0
CUST_06196,44,43,76.9,3281.34,Month-to-month,Credit card,0
CUST_06197,70,32,81.83,2535.4,Month-to-month,Bank transfer,1
CUST_06198,40,49,27.0,1371.25,Month-to-month,Mailed check,1
CUST_06199,41,24,86.41,2128.51,One year,Electronic check,0
CUST_06200,26,44,72.81,3087.77,Month-to-month,Credit card,1
CUST_06201,52,7,102.76,747.62,One year,Credit card,1
CUST_06202,68,2,42.22,100.01,One year,Credit card,1
CUST_06203,37,22,39.5,841.81,Month-to-month,Mailed check,0
CUST_06204,54,13,99.33,1369.1,Two year,Electronic check,1
CUST_06205,59,13,90.39,1153.91,Month-to-month,Mailed check,0
CUST_06206,34,17,99.17,1771.02,Month-to-month,Mailed check,1
CUST_06207,64,10,98.19,1028.82,Two year,Electronic check,1
CUST_06208,48,23,30.4,735.05,Month-to-month,Bank transfer,1
CUST_06209,72,0,47.86,24.34,Month-to-month,Bank transfer,1
CUST_06210,74,72,46.01,3349.36,One year,Bank transfer,0
CUST_06211,25,62,113.46,7004.8,Month-to-month,Electronic check,0
CUST_06212,32,65,68.75,4408.94,Two year,Electronic check,0
CUST_06213,48,10,31.11,396.12,Month-to-month,Mailed check,1
CUST_06214,70,18,48.96,852.91,Month-to-month,Credit card,0
CUST_06215,47,72,107.19,7707.07,Two year,Credit card,0
CUST_06216,63,55,104.71,5691.99,Month-to-month,Electronic check,1
CUST_06217,37,37,110.03,4102.02,Two year,Bank transfer,0
CUST_06218,56,12,58.85,653.12,Month-to-month,Mailed check,1
CUST_06219,70,19,84.13,1619.21,Month-to-month,Bank transfer,0
CUST_06220,72,37,47.82,1753.16,Month-to-month,Electronic check,0
CUST_06221,29,7,38.08,278.14,Month-to-month,Bank transfer,1
CUST_06222,66,23,22.19,594.86,One year,Electronic check,0
CUST_06223,34,42,42.34,1721.63,Month-to-month,Bank transfer,0
CUST_06224,59,29,80.44,2306.94,One year,Mailed check,0
CUST_06225,47,15,110.42,1617.81,Month-to-month,Bank transfer,1
CUST_06226,46,21,33.34,724.86,Month-to-month,Bank transfer,1
CUST_06227,36,72,111.8,8070.28,Month-to-month,Credit card,1
CUST_06228,63,22,54.54,1189.07,One year,Electronic check,0
CUST_06229,28,36,62.68,2315.18,Month-to-month,Bank transfer,1
CUST_06230,51,31,56.5,1752.89,Month-to-month,Credit card,0
CUST_06231,67,29,60.86,1734.42,Two year,Mailed check,0
CUST_06232,24,30,45.92,1443.57,Month-to-month,Mailed check,0
CUST_06233,61,14,89.86,1246.12,Month-to-month,Electronic check,1
CUST_06234,51,15,95.82,1428.9,Month-to-month,Credit card,1
CUST_06235,37,15,102.31,1530.38,Month-to-month,Electronic check,1
CUST_06236,67,0,54.13,11.21,One year,Bank transfer,0
CUST_06237,55,6,96.46,638.11,Month-to-month,Mailed check,1
CUST_06238,41,4,83.77,379.69,One year,Mailed check,1
CUST_06239,27,52,115.79,6052.13,Month-to-month,Bank transfer,1
CUST_06240,49,7,62.48,388.93,Two year,Bank transfer,0
CUST_06241,69,3,119.23,356.52,Month-to-month,Mailed check,0
CUST_06242,32,3,94.04,275.08,One year,Electronic check,1
CUST_06243,54,28,97.63,2761.66,Month-to-month,Bank transfer,0
CUST_06244,37,0,22.57,0.0,One year,Electronic check,0
CUST_06245,20,15,69.74,1117.99,One year,Electronic check,0
CUST_06246,54,3,72.83,250.74,Month-to-month,Credit card,1
CUST_06247,74,45,24.06,1112.23,One year,Bank transfer,0
CUST_06248,57,72,51.21,3638.25,One year,Electronic check,0
CUST_06249,25,72,115.56,8284.44,Month-to-month,Electronic check,0
CUST_06250,57,13,62.61,787.68,Month-to-month,Electronic check,1
CUST_06251,61,24,38.67,928.5,Month-to-month,Credit card,0
CUST_06252,73,21,71.33,1557.49,Month-to-month,Credit card,0
CUST_06253,40,10,23.38,195.76,Month-to-month,Mailed check,0
CUST_06254,57,14,71.6,921.35,One year,Credit card,0
CUST_06255,28,1,79.43,151.11,Month-to-month,Credit card,1
CUST_06256,63,38,55.77,2096.21,Month-to-month,Credit card,1
CUST_06257,25,6,96.26,574.39,One year,Credit card,0
CUST_06258,46,14,33.57,520.36,One year,Credit card,0
CUST_06259,47,15,107.82,1675.86,Two year,Electronic check,0
CUST_06260,73,19,115.54,2149.62,Two year,Electronic check,1
CUST_06261,27,40,20.12,818.22,One year,Credit card,0
CUST_06262,56,28,104.27,2989.22,Month-to-month,Mailed check,1
CUST_06263,45,26,70.61,1837.98,One year,Mailed check,0
CUST_06264,66,17,66.14,1179.73,One year,Electronic check,1
CUST_06265,53,2,43.87,96.02,One year,Bank transfer,0
CUST_06266,30,12,64.73,831.84,Month-to-month,Mailed check,1
CUST_06267,49,72,115.04,8349.45,One year,Electronic check,1
CUST_06268,53,72,41.08,3044.49,One year,Bank transfer,0
CUST_06269,54,31,37.9,1198.61,Month-to-month,Credit card,0
CUST_06270,43,6,44.19,245.55,One year,Bank transfer,0
CUST_06271,39,2,75.18,164.11,Month-to-month,Bank transfer,0
CUST_06272,21,12,113.03,1372.99,One year,Electronic check,1
CUST_06273,48,46,77.39,3560.5,One year,Electronic check,0
CUST_06274,35,30,44.35,1367.31,Month-to-month,Bank transfer,0
CUST_06275,55,51,64.05,3294.89,Two year,Credit card,0
CUST_06276,41,22,59.04,1313.05,Two year,Credit card,0
CUST_06277,73,3,24.66,184.03,Month-to-month,Bank transfer,1
CUST_06278,40,2,71.06,101.46,Month-to-month,Mailed check,1
CUST_06279,39,1,32.6,50.96,One year,Credit card,0
CUST_06280,19,20,104.22,2084.89,One year,Electronic check,0
CUST_06281,48,6,74.9,357.13,Month-to-month,Electronic check,1
CUST_06282,72,31,104.46,3206.81,One year,Credit card,0
CUST_06283,28,27,115.6,3050.51,Two year,Credit card,0
CUST_06284,45,9,114.32,1070.67,One year,Credit card,1
CUST_06285,63,4,30.04,57.3,Month-to-month,Bank transfer,0
CUST_06286,49,2,114.48,160.2,One year,Credit card,0
CUST_06287,22,32,99.57,3175.98,One year,Electronic check,1
CUST_06288,55,14,97.77,1351.41,Two year,Electronic check,0
CUST_06289,27,9,29.01,241.2,Month-to-month,Credit card,1
CUST_06290,57,46,37.95,1691.27,One year,Mailed check,0
CUST_06291,63,21,117.52,2512.7,Month-to-month,Electronic check,1
CUST_06292,41,17,41.34,694.07,One year,Credit card,0
CUST_06293,52,32,36.91,1229.74,Month-to-month,Credit card,0
CUST_06294,61,40,56.24,2200.38,Two year,Bank transfer,1
CUST_06295,65,27,111.34,2974.22,One year,Bank transfer,0
CUST_06296,40,13,67.62,835.38,Two year,Credit card,0
CUST_06297,34,11,112.06,1231.39,Month-to-month,Credit card,1
CUST_06298,18,35,53.43,1836.22,One year,Credit card,0
CUST_06299,72,17,42.65,778.95,Two year,Bank transfer,0
CUST_06300,48,29,69.52,1903.38,Two year,Electronic check,0
CUST_06301,48,53,81.55,4406.6,Two year,Bank transfer,0
CUST_06302,59,59,59.15,3474.76,Month-to-month,Mailed check,0
CUST_06303,74,7,54.6,343.48,Month-to-month,Electronic check,1
CUST_06304,72,4,41.81,259.35,Month-to-month,Electronic check,1
CUST_06305,59,7,47.5,327.48,Month-to-month,Electronic check,1
CUST_06306,70,33,87.31,2866.36,Month-to-month,Electronic check,1
CUST_06307,73,11,56.99,596.03,One year,Bank transfer,1
CUST_06308,51,4,27.98,98.71,One year,Bank transfer,0
CUST_06309,26,2,33.82,91.97,One year,Mailed check,1
CUST_06310,39,9,57.24,541.07,One year,Mailed check,0
CUST_06311,30,3,112.45,277.82,Month-to-month,Bank transfer,1
CUST_06312,42,4,57.9,173.11,Two year,Electronic check,0
CUST_06313,65,27,26.06,755.02,Month-to-month,Bank transfer,0
CUST_06314,35,0,61.8,0.0,One year,Bank transfer,0
CUST_06315,68,3,86.88,257.74,Month-to-month,Credit card,1
CUST_06316,29,44,79.36,3497.92,Two year,Mailed check,0
CUST_06317,57,44,47.88,2180.1,Two year,Bank transfer,0
CUST_06318,34,9,88.81,865.45,Month-to-month,Bank transfer,1
CUST_06319,32,2,83.06,183.21,Month-to-month,Bank transfer,1
CUST_06320,59,29,37.22,1045.63,One year,Credit card,0
CUST_06321,32,10,36.21,477.83,One year,Bank transfer,0
CUST_06322,32,1,74.72,109.76,One year,Mailed check,1
CUST_06323,72,4,85.94,412.11,Month-to-month,Bank transfer,0
CUST_06324,56,3,116.19,336.65,One year,Credit card,0
CUST_06325,30,21,62.19,1248.18,Month-to-month,Credit card,1
CUST_06326,34,54,96.49,5235.91,Month-to-month,Credit card,1
CUST_06327,49,37,31.65,1171.89,Month-to-month,Electronic check,0
CUST_06328,26,18,108.96,2043.87,Two year,Mailed check,0
CUST_06329,57,13,83.31,1077.96,Month-to-month,Mailed check,0
CUST_06330,37,23,82.9,1884.4,One year,Mailed check,1
CUST_06331,43,14,34.24,543.53,Month-to-month,Electronic check,1
CUST_06332,44,6,23.96,122.84,Month-to-month,Credit card,1
CUST_06333,38,27,90.14,2420.0,Two year,Bank transfer,1
CUST_06334,35,49,31.71,1476.57,Month-to-month,Bank transfer,1
CUST_06335,30,11,32.7,416.08,Two year,Mailed check,0
CUST_06336,33,44,38.75,1696.12,Two year,Mailed check,0
CUST_06337,26,13,29.77,328.13,One year,Credit card,0
CUST_06338,29,12,82.54,1048.41,Month-to-month,Bank transfer,1
CUST_06339,61,0,62.2,0.0,Two year,Bank transfer,0
CUST_06340,55,28,46.61,1395.98,Two year,Electronic check,0
CUST_06341,36,39,64.07,2562.57,Two year,Bank transfer,0
CUST_06342,24,26,104.41,2654.31,Two year,Electronic check,0
CUST_06343,74,3,112.71,374.26,Month-to-month,Electronic check,1
CUST_06344,52,2,68.75,190.05,One year,Bank transfer,1
CUST_06345,65,20,76.68,1449.78,One year,Electronic check,1
CUST_06346,35,12,45.72,535.71,Month-to-month,Credit card,0
CUST_06347,33,13,71.36,900.83,One year,Bank transfer,0
CUST_06348,72,72,94.81,6880.67,One year,Bank transfer,0
CUST_06349,56,30,69.21,2031.2,One year,Electronic check,1
CUST_06350,21,12,50.21,615.76,Two year,Electronic check,1
CUST_06351,42,0,78.2,96.74,Month-to-month,Bank transfer,1
CUST_06352,49,0,114.67,0.0,Month-to-month,Credit card,1
CUST_06353,57,27,108.8,2942.38,Month-to-month,Electronic check,1
CUST_06354,30,43,96.92,4174.02,Month-to-month,Bank transfer,1
CUST_06355,62,29,47.62,1257.18,Month-to-month,Electronic check,1
CUST_06356,34,12,44.16,446.17,Two year,Credit card,1
CUST_06357,66,0,103.85,43.35,One year,Bank transfer,0
CUST_06358,54,72,38.13,2742.54,Month-to-month,Electronic check,0
CUST_06359,23,72,80.56,5810.1,Month-to-month,Bank transfer,1
CUST_06360,36,19,63.89,1206.62,One year,Credit card,0
CUST_06361,30,1,66.8,129.04,Month-to-month,Bank transfer,1
CUST_06362,74,18,65.45,1298.26,One year,Electronic check,0
CUST_06363,43,53,110.0,5885.73,Month-to-month,Electronic check,1
CUST_06364,31,27,28.71,657.8,Month-to-month,Credit card,0
CUST_06365,48,30,98.29,2946.89,One year,Bank transfer,0
CUST_06366,71,2,103.5,277.66,One year,Mailed check,1
CUST_06367,21,2,114.29,207.13,Month-to-month,Electronic check,0
CUST_06368,56,3,65.26,266.81,Two year,Credit card,0
CUST_06369,25,56,70.01,3903.71,Month-to-month,Bank transfer,0
CUST_06370,42,17,116.13,1911.6,Month-to-month,Electronic check,1
CUST_06371,30,37,65.85,2472.5,One year,Electronic check,0
CUST_06372,49,2,70.35,163.59,One year,Credit card,0
CUST_06373,55,63,53.23,3323.43,Month-to-month,Bank transfer,0
CUST_06374,55,41,23.16,1014.6,One year,Electronic check,1
CUST_06375,73,6,63.31,287.12,Month-to-month,Bank transfer,0
CUST_06376,45,49,85.51,4242.59,Two year,Mailed check,0
CUST_06377,70,7,88.99,595.6,One year,Credit card,1
CUST_06378,47,5,20.65,191.19,Month-to-month,Electronic check,1
CUST_06379,20,7,100.11,741.65,Month-to-month,Mailed check,1
CUST_06380,45,57,69.24,3929.4,One year,Electronic check,1
CUST_06381,20,59,72.07,4203.82,One year,Electronic check,0
CUST_06382,62,9,116.17,964.53,Two year,Electronic check,1
CUST_06383,71,29,48.45,1401.17,Two year,Electronic check,1
CUST_06384,51,27,96.17,2599.37,Month-to-month,Electronic check,1
CUST_06385,33,39,77.48,3074.36,Two year,Credit card,0
CUST_06386,39,8,90.08,684.56,One year,Credit card,0
CUST_06387,49,17,61.78,1068.48,One year,Electronic check,1
CUST_06388,55,26,47.92,1228.1,One year,Bank transfer,0
CUST_06389,25,0,74.61,74.93,Month-to-month,Bank transfer,1
CUST_06390,72,11,57.49,625.98,Month-to-month,Electronic check,1
CUST_06391,25,28,42.29,1147.56,Two year,Electronic check,0
CUST_06392,74,6,103.92,563.54,One year,Bank transfer,1
CUST_06393,23,72,67.58,4843.12,Two year,Mailed check,0
CUST_06394,31,0,104.73,0.0,Month-to-month,Bank transfer,1
CUST_06395,49,72,67.4,4842.89,Month-to-month,Bank transfer,0
CUST_06396,52,5,75.68,399.69,Month-to-month,Electronic check,1
CUST_06397,27,1,119.53,102.9,Month-to-month,Bank transfer,1
CUST_06398,20,8,115.15,879.61,Two year,Electronic check,0
CUST_06399,29,37,47.17,1724.27,Month-to-month,Mailed check,1
CUST_06400,66,33,106.87,3515.78,One year,Bank transfer,0
CUST_06401,48,5,59.04,266.88,One year,Credit card,0
CUST_06402,46,5,27.12,55.08,One year,Mailed check,1
CUST_06403,22,24,77.58,1785.94,One year,Electronic check,0
CUST_06404,69,14,117.71,1550.14,One year,Credit card,0
CUST_06405,42,37,117.43,4353.39,One year,Credit card,1
CUST_06406,58,0,32.65,22.56,Month-to-month,Credit card,1
CUST_06407,48,22,97.12,2094.61,Two year,Mailed check,1
CUST_06408,38,31,100.28,3132.94,Two year,Electronic check,0
CUST_06409,37,72,56.87,4075.42,Month-to-month,Credit card,0
CUST_06410,56,27,85.86,2310.88,One year,Mailed check,0
CUST_06411,39,6,68.82,347.7,One year,Electronic check,0
CUST_06412,21,2,42.79,147.92,Two year,Bank transfer,1
CUST_06413,30,24,96.13,2386.87,Month-to-month,Electronic check,1
CUST_06414,62,17,46.28,802.93,One year,Mailed check,0
CUST_06415,59,55,54.04,2934.21,Month-to-month,Mailed check,1
CUST_06416,67,31,39.0,1213.75,Month-to-month,Credit card,0
CUST_06417,66,17,91.93,1524.04,One year,Bank transfer,1
CUST_06418,37,12,65.87,723.51,Two year,Bank transfer,0
CUST_06419,69,12,64.34,807.25,One year,Bank transfer,1
CUST_06420,30,6,80.46,432.95,One year,Bank transfer,1
CUST_06421,34,0,35.73,0.0,One year,Credit card,0
CUST_06422,71,20,109.82,2085.5,Two year,Electronic check,0
CUST_06423,53,5,66.51,385.72,Month-to-month,Bank transfer,1
CUST_06424,50,5,56.65,358.63,Month-to-month,Mailed check,1
CUST_06425,18,3,32.67,134.81,Two year,Bank transfer,0
CUST_06426,32,5,36.8,224.58,Month-to-month,Bank transfer,1
CUST_06427,30,0,112.04,0.0,Month-to-month,Electronic check,1
CUST_06428,34,26,65.66,1694.1,One year,Bank transfer,0
CUST_06429,41,12,92.22,1143.03,One year,Bank transfer,0
CUST_06430,25,19,28.05,484.24,One year,Electronic check,0
CUST_06431,67,24,84.35,2004.02,Two year,Electronic check,0
CUST_06432,44,72,112.15,7993.09,Month-to-month,Electronic check,1
CUST_06433,62,1,50.0,34.88,Month-to-month,Bank transfer,1
CUST_06434,40,12,77.91,925.81,Month-to-month,Bank transfer,1
CUST_06435,63,6,114.02,709.24,Month-to-month,Credit card,1
CUST_06436,25,15,91.93,1295.9,One year,Electronic check,1
CUST_06437,25,60,26.23,1490.09,Month-to-month,Mailed check,0
CUST_06438,43,30,57.87,1797.67,Two year,Bank transfer,0
CUST_06439,64,26,28.58,796.73,One year,Bank transfer,0
CUST_06440,30,13,106.13,1347.45,Month-to-month,Bank transfer,0
CUST_06441,56,26,82.17,2212.75,Month-to-month,Mailed check,0
CUST_06442,54,0,115.64,8.31,Month-to-month,Electronic check,1
CUST_06443,66,21,21.98,518.45,One year,Credit card,0
CUST_06444,45,19,62.31,1169.37,Month-to-month,Electronic check,0
CUST_06445,42,10,30.44,320.0,One year,Mailed check,0
CUST_06446,33,5,55.05,258.2,Month-to-month,Electronic check,0
CUST_06447,72,39,36.19,1494.95,Two year,Bank transfer,0
CUST_06448,19,1,52.88,44.73,One year,Mailed check,1
CUST_06449,71,1,101.93,97.62,Two year,Electronic check,1
CUST_06450,35,13,36.07,388.15,One year,Electronic check,0
CUST_06451,34,6,67.37,398.14,One year,Electronic check,0
CUST_06452,47,32,112.16,3676.2,One year,Credit card,1
CUST_06453,56,24,119.88,2944.84,Two year,Credit card,0
CUST_06454,30,35,45.06,1567.97,One year,Credit card,0
CUST_06455,49,9,113.56,1017.45,One year,Electronic check,1
CUST_06456,67,32,46.14,1414.21,Month-to-month,Electronic check,1
CUST_06457,46,47,61.35,2900.88,Month-to-month,Electronic check,0
CUST_06458,63,10,107.79,1094.17,Month-to-month,Electronic check,1
CUST_06459,47,9,98.62,914.0,One year,Bank transfer,1
CUST_06460,35,55,105.75,5736.76,Month-to-month,Credit card,1
CUST_06461,30,1,100.03,158.03,One year,Electronic check,0
CUST_06462,60,10,43.51,423.62,Month-to-month,Mailed check,1
CUST_06463,38,3,75.88,289.08,Month-to-month,Mailed check,1
CUST_06464,47,0,58.53,10.19,Month-to-month,Credit card,1
CUST_06465,38,2,65.97,203.4,Month-to-month,Bank transfer,1
CUST_06466,65,13,35.4,492.66,One year,Credit card,0
CUST_06467,72,27,51.58,1350.75,One year,Bank transfer,0
CUST_06468,34,8,105.76,887.1,Month-to-month,Bank transfer,1
CUST_06469,57,45,109.76,4990.07,Two year,Electronic check,1
CUST_06470,36,13,81.02,1063.77,Month-to-month,Credit card,0
CUST_06471,69,72,69.83,5013.7,One year,Bank transfer,0
CUST_06472,32,72,91.28,6618.35,Two year,Bank transfer,0
CUST_06473,26,35,80.89,2888.82,Month-to-month,Mailed check,0
CUST_06474,69,64,118.37,7510.09,Month-to-month,Electronic check,1
CUST_06475,27,29,39.01,1138.03,Month-to-month,Electronic check,1
CUST_06476,61,54,64.9,3494.76,One year,Electronic check,0
CUST_06477,48,6,111.82,765.71,Month-to-month,Credit card,1
CUST_06478,70,10,111.47,1078.96,Month-to-month,Credit card,1
CUST_06479,40,33,69.53,2322.25,Month-to-month,Credit card,1
CUST_06480,69,13,33.48,469.87,Month-to-month,Bank transfer,0
CUST_06481,47,43,101.5,4367.6,Month-to-month,Bank transfer,0
CUST_06482,50,50,78.52,3995.06,Month-to-month,Electronic check,1
CUST_06483,74,8,97.32,773.83,One year,Electronic check,1
CUST_06484,69,41,66.25,2655.1,Month-to-month,Credit card,1
CUST_06485,26,4,40.39,234.99,One year,Electronic check,1
CUST_06486,71,9,22.4,179.27,Two year,Bank transfer,0
CUST_06487,64,17,75.91,1295.2,One year,Bank transfer,0
CUST_06488,18,6,36.1,208.8,Two year,Bank transfer,1
CUST_06489,61,20,38.71,726.97,One year,Credit card,0
CUST_06490,52,20,63.63,1226.76,One year,Electronic check,0
CUST_06491,28,5,64.21,244.01,Month-to-month,Credit card,1
CUST_06492,51,38,47.44,1828.67,Month-to-month,Bank transfer,1
CUST_06493,33,23,33.19,799.36,Month-to-month,Credit card,1
CUST_06494,26,9,114.5,1042.92,Month-to-month,Credit card,1
CUST_06495,49,6,33.16,229.44,Two year,Electronic check,0
CUST_06496,32,50,55.08,2747.45,Two year,Mailed check,0
CUST_06497,29,43,50.49,2181.16,Month-to-month,Credit card,0
CUST_06498,50,6,106.63,638.38,One year,Electronic check,1
CUST_06499,62,0,61.01,0.0,One year,Mailed check,1
CUST_06500,31,39,32.4,1209.42,One year,Bank transfer,0
CUST_06501,74,22,21.03,528.5,One year,Bank transfer,0
CUST_06502,74,2,92.19,169.91,Month-to-month,Bank transfer,1
CUST_06503,25,21,91.45,1897.29,One year,Bank transfer,0
CUST_06504,25,14,61.78,836.81,One year,Bank transfer,0
CUST_06505,44,35,32.63,1122.8,One year,Bank transfer,0
CUST_06506,29,5,57.16,267.06,Month-to-month,Credit card,1
CUST_06507,18,14,78.99,1115.67,Two year,Mailed check,0
CUST_06508,60,4,90.39,277.39,Two year,Electronic check,1
CUST_06509,57,72,27.82,1960.02,One year,Mailed check,0
CUST_06510,59,36,75.63,2797.04,Month-to-month,Credit card,0
CUST_06511,68,32,47.61,1594.43,Month-to-month,Electronic check,0
CUST_06512,28,28,81.73,2275.4,One year,Bank transfer,1
CUST_06513,56,13,84.81,1227.29,Month-to-month,Mailed check,0
CUST_06514,60,61,111.06,6809.7,Month-to-month,Credit card,1
CUST_06515,48,1,61.04,134.64,Month-to-month,Credit card,1
CUST_06516,34,39,73.76,2881.21,Month-to-month,Credit card,0
CUST_06517,50,5,46.82,221.58,Month-to-month,Electronic check,1
CUST_06518,49,9,48.66,485.57,Month-to-month,Electronic check,1
CUST_06519,46,17,24.6,474.09,One year,Electronic check,0
CUST_06520,38,36,48.61,1736.36,Two year,Mailed check,0
CUST_06521,38,43,26.38,1156.37,One year,Electronic check,0
CUST_06522,57,21,116.39,2297.29,One year,Mailed check,1
CUST_06523,40,12,82.43,956.66,One year,Electronic check,0
CUST_06524,73,70,37.31,2683.08,Month-to-month,Credit card,1
CUST_06525,23,6,31.68,163.34,Month-to-month,Credit card,1
CUST_06526,39,39,57.01,2220.73,Month-to-month,Bank transfer,0
CUST_06527,67,22,50.76,1110.55,One year,Credit card,0
CUST_06528,55,11,47.93,472.49,One year,Electronic check,1
CUST_06529,54,0,66.82,0.0,Month-to-month,Electronic check,1
CUST_06530,62,14,111.29,1547.63,One year,Electronic check,0
CUST_06531,68,7,76.81,491.87,Two year,Credit card,1
CUST_06532,71,2,72.12,137.03,Month-to-month,Mailed check,1
CUST_06533,25,1,100.65,41.81,One year,Credit card,1
CUST_06534,58,10,20.4,201.55,Month-to-month,Electronic check,1
CUST_06535,66,22,39.74,870.59,One year,Credit card,0
CUST_06536,52,43,69.62,3092.3,One year,Mailed check,0
CUST_06537,68,4,90.53,322.11,One year,Bank transfer,1
CUST_06538,28,13,68.5,931.07,One year,Credit card,1
CUST_06539,41,11,36.37,327.8,One year,Credit card,0
CUST_06540,66,17,113.0,2044.14,Month-to-month,Credit card,1
CUST_06541,38,39,52.87,2081.75,Month-to-month,Electronic check,1
CUST_06542,68,19,98.82,1889.55,One year,Bank transfer,0
CUST_06543,19,45,109.14,4941.92,Month-to-month,Credit card,1
CUST_06544,57,17,54.64,932.11,Month-to-month,Mailed check,1
CUST_06545,36,22,104.53,2278.97,Month-to-month,Bank transfer,1
CUST_06546,56,13,91.08,1137.18,Month-to-month,Electronic check,1
CUST_06547,45,41,110.43,4537.76,Month-to-month,Electronic check,1
CUST_06548,34,61,45.13,2815.61,One year,Bank transfer,0
CUST_06549,23,24,113.13,2621.77,Month-to-month,Mailed check,1
CUST_06550,36,41,26.53,1198.41,One year,Electronic check,0
CUST_06551,73,1,99.37,56.28,One year,Electronic check,1
CUST_06552,55,56,63.57,3575.38,Two year,Bank transfer,0
CUST_06553,45,5,37.79,152.76,Month-to-month,Bank transfer,1
CUST_06554,19,7,27.94,192.68,Two year,Electronic check,0
CUST_06555,55,1,58.95,75.31,Month-to-month,Credit card,1
CUST_06556,72,72,58.93,4234.07,One year,Electronic check,0
CUST_06557,54,45,43.0,1943.92,Month-to-month,Bank transfer,1
CUST_06558,68,58,41.55,2415.4,One year,Electronic check,0
CUST_06559,69,45,59.95,2725.91,Month-to-month,Bank transfer,0
CUST_06560,21,15,61.01,939.92,Month-to-month,Bank transfer,1
CUST_06561,39,61,64.24,3810.25,Month-to-month,Bank transfer,1
CUST_06562,43,72,106.88,7678.65,Two year,Credit card,0
CUST_06563,66,16,81.13,1365.01,Month-to-month,Credit card,0
CUST_06564,60,4,22.04,130.4,One year,Electronic check,1
CUST_06565,53,25,71.91,1741.98,Two year,Bank transfer,0
CUST_06566,30,72,96.25,6911.41,Month-to-month,Mailed check,1
CUST_06567,69,49,25.64,1244.95,Two year,Credit card,0
CUST_06568,49,47,62.26,2913.99,Month-to-month,Bank transfer,0
CUST_06569,34,65,65.12,4224.73,Two year,Electronic check,1
CUST_06570,58,53,115.4,6090.69,Two year,Bank transfer,0
CUST_06571,53,35,67.57,2316.53,Two year,Credit card,0
CUST_06572,72,30,94.99,2956.05,One year,Electronic check,1
CUST_06573,63,7,50.29,361.14,Two year,Bank transfer,0
CUST_06574,36,23,97.93,2241.59,Month-to-month,Bank transfer,0
CUST_06575,52,17,52.27,926.18,Month-to-month,Electronic check,1
CUST_06576,63,47,63.0,2883.04,Month-to-month,Bank transfer,0
CUST_06577,57,16,67.95,1114.54,Month-to-month,Electronic check,0
CUST_06578,73,3,112.64,264.71,One year,Credit card,1
CUST_06579,45,0,25.35,18.12,Month-to-month,Credit card,0
CUST_06580,18,27,39.69,1028.48,Two year,Credit card,0
CUST_06581,59,19,90.57,1755.87,One year,Mailed check,0
CUST_06582,35,9,77.76,832.71,Two year,Electronic check,0
CUST_06583,65,4,45.15,188.3,Two year,Mailed check,0
CUST_06584,57,15,48.92,659.08,One year,Bank transfer,0
CUST_06585,50,2,56.73,80.92,Month-to-month,Credit card,0
CUST_06586,29,9,65.03,602.43,One year,Credit card,1
CUST_06587,25,11,101.8,1183.21,Month-to-month,Bank transfer,1
CUST_06588,41,15,21.38,264.88,Month-to-month,Bank transfer,0
CUST_06589,33,15,109.8,1740.66,Month-to-month,Credit card,1
CUST_06590,67,7,61.3,460.74,One year,Credit card,0
CUST_06591,21,45,43.05,1936.71,Month-to-month,Bank transfer,1
CUST_06592,55,10,70.84,751.59,Month-to-month,Bank transfer,1
CUST_06593,61,6,85.97,452.49,Month-to-month,Bank transfer,1
CUST_06594,44,4,24.48,52.24,Month-to-month,Credit card,0
CUST_06595,26,9,91.58,755.49,One year,Credit card,1
CUST_06596,64,1,96.08,208.15,One year,Electronic check,0
CUST_06597,33,0,36.62,0.66,Two year,Bank transfer,0
CUST_06598,73,22,36.79,818.54,Month-to-month,Credit card,1
CUST_06599,29,23,40.38,985.36,Month-to-month,Bank transfer,0
CUST_06600,48,18,99.66,1722.65,Month-to-month,Bank transfer,1
CUST_06601,41,34,47.2,1564.11,Two year,Mailed check,0
CUST_06602,72,0,99.59,17.68,Month-to-month,Bank transfer,1
CUST_06603,31,65,74.05,4897.58,Month-to-month,Bank transfer,1
CUST_06604,62,2,96.72,237.8,Month-to-month,Mailed check,1
CUST_06605,42,26,75.37,1977.43,Month-to-month,Credit card,0
CUST_06606,51,3,53.58,173.65,Month-to-month,Bank transfer,0
CUST_06607,20,50,111.07,5609.8,One year,Credit card,0
CUST_06608,41,17,91.53,1507.78,One year,Electronic check,0
CUST_06609,71,2,68.41,151.78,Month-to-month,Credit card,0
CUST_06610,59,23,83.74,1949.5,One year,Bank transfer,0
CUST_06611,26,0,81.58,0.0,Month-to-month,Mailed check,1
CUST_06612,43,35,55.81,1946.76,One year,Electronic check,0
CUST_06613,37,25,62.38,1478.98,Two year,Mailed check,0
CUST_06614,57,5,51.83,231.63,Two year,Mailed check,0
CUST_06615,27,11,119.95,1201.22,Month-to-month,Electronic check,1
CUST_06616,36,0,78.01,33.63,One year,Bank transfer,1
CUST_06617,20,28,29.21,824.08,Two year,Mailed check,0
CUST_06618,41,9,71.91,640.48,One year,Credit card,0
CUST_06619,22,20,25.0,512.94,Month-to-month,Bank transfer,1
CUST_06620,20,72,48.87,3533.71,One year,Mailed check,0
CUST_06621,44,8,64.6,499.58,One year,Mailed check,0
CUST_06622,33,72,73.43,5217.2,Month-to-month,Credit card,0
CUST_06623,66,24,117.62,2847.78,Month-to-month,Credit card,1
CUST_06624,32,6,118.22,659.8,One year,Mailed check,1
CUST_06625,52,13,29.81,405.04,Two year,Bank transfer,0
CUST_06626,29,32,73.81,2427.43,Two year,Credit card,0
CUST_06627,58,14,101.71,1512.57,Month-to-month,Credit card,1
CUST_06628,70,1,43.77,62.78,One year,Electronic check,1
CUST_06629,61,4,95.06,364.77,Month-to-month,Bank transfer,1
CUST_06630,43,37,107.86,3967.13,Two year,Bank transfer,0
CUST_06631,64,25,86.25,2173.2,Month-to-month,Electronic check,1
CUST_06632,51,20,52.77,958.27,Month-to-month,Credit card,1
CUST_06633,40,4,112.31,409.01,Month-to-month,Bank transfer,1
CUST_06634,48,43,108.35,4620.94,One year,Bank transfer,1
CUST_06635,67,72,91.58,6614.29,Month-to-month,Electronic check,0
CUST_06636,37,1,56.37,53.59,One year,Mailed check,1
CUST_06637,29,1,99.19,106.9,One year,Electronic check,0
CUST_06638,40,51,51.61,2625.94,Month-to-month,Credit card,1
CUST_06639,21,40,45.3,1801.02,Month-to-month,Mailed check,1
CUST_06640,40,23,71.5,1659.77,Month-to-month,Electronic check,1
CUST_06641,65,69,119.71,8294.87,Month-to-month,Electronic check,1
CUST_06642,72,24,100.43,2463.71,One year,Mailed check,0
CUST_06643,65,5,92.98,463.56,One year,Bank transfer,0
CUST_06644,18,31,65.2,2073.81,Month-to-month,Credit card,1
CUST_06645,71,24,51.2,1308.31,One year,Credit card,0
CUST_06646,42,72,105.59,7572.06,Month-to-month,Bank transfer,0
CUST_06647,19,5,76.77,423.43,One year,Mailed check,1
CUST_06648,47,21,101.33,2099.47,Two year,Mailed check,1
CUST_06649,20,36,68.78,2537.49,Month-to-month,Bank transfer,0
CUST_06650,38,9,95.4,868.01,One year,Bank transfer,1
CUST_06651,42,11,106.77,1154.83,One year,Bank transfer,0
CUST_06652,37,52,59.14,3029.88,Month-to-month,Bank transfer,1
CUST_06653,66,12,21.36,227.69,One year,Electronic check,0
CUST_06654,69,23,45.49,1038.49,One year,Bank transfer,0
CUST_06655,39,52,111.49,5853.69,Month-to-month,Electronic check,1
CUST_06656,38,5,88.75,428.89,One year,Electronic check,1
CUST_06657,50,72,93.72,6725.31,One year,Mailed check,0
CUST_06658,69,29,52.53,1612.09,Two year,Bank transfer,0
CUST_06659,55,16,90.13,1421.98,One year,Electronic check,0
CUST_06660,32,13,84.63,1042.35,Month-to-month,Electronic check,1
CUST_06661,63,72,37.84,2656.04,One year,Mailed check,0
CUST_06662,69,5,116.87,547.51,One year,Electronic check,1
CUST_06663,32,8,55.4,443.06,One year,Credit card,0
CUST_06664,63,8,52.93,424.8,Two year,Credit card,0
CUST_06665,42,8,56.92,424.43,Two year,Credit card,0
CUST_06666,38,15,29.17,360.27,Month-to-month,Bank transfer,1
CUST_06667,41,72,82.5,5895.7,Month-to-month,Credit card,1
CUST_06668,74,52,43.86,2214.66,One year,Bank transfer,0
CUST_06669,22,9,100.33,752.81,One year,Mailed check,1
CUST_06670,23,13,59.42,656.63,One year,Bank transfer,0
CUST_06671,66,26,65.86,1727.18,Month-to-month,Bank transfer,1
CUST_06672,60,0,84.64,0.0,Month-to-month,Bank transfer,0
CUST_06673,65,41,96.19,3973.18,Month-to-month,Credit card,1
CUST_06674,61,50,43.11,2121.97,One year,Bank transfer,1
CUST_06675,64,46,116.63,5334.64,Month-to-month,Bank transfer,1
CUST_06676,40,11,82.23,861.57,One year,Electronic check,0
CUST_06677,21,14,20.56,243.28,Two year,Credit card,0
CUST_06678,44,0,61.56,0.0,Month-to-month,Electronic check,1
CUST_06679,35,12,63.68,850.72,Month-to-month,Credit card,1
CUST_06680,38,14,100.92,1407.35,Month-to-month,Bank transfer,0
CUST_06681,45,56,50.51,2788.93,Month-to-month,Bank transfer,0
CUST_06682,52,53,53.12,2863.39,Month-to-month,Mailed check,0
CUST_06683,39,72,27.05,1946.32,One year,Mailed check,0
CUST_06684,57,51,48.35,2519.9,One year,Credit card,0
CUST_06685,40,0,91.7,24.87,Month-to-month,Electronic check,1
CUST_06686,20,24,83.48,2010.38,One year,Electronic check,1
CUST_06687,57,1,28.14,43.11,Two year,Electronic check,1
CUST_06688,67,7,31.47,239.22,Month-to-month,Mailed check,1
CUST_06689,27,20,57.69,1090.12,Two year,Mailed check,0
CUST_06690,42,28,94.38,2648.56,Month-to-month,Bank transfer,1
CUST_06691,69,25,103.29,2596.31,Month-to-month,Credit card,1
CUST_06692,66,1,21.46,41.92,One year,Credit card,0
CUST_06693,25,2,52.9,81.39,Month-to-month,Credit card,1
CUST_06694,72,3,62.43,247.62,Month-to-month,Bank transfer,1
CUST_06695,28,2,111.11,233.52,Month-to-month,Electronic check,1
CUST_06696,22,4,70.14,259.9,Two year,Mailed check,1
CUST_06697,62,27,46.97,1288.36,Month-to-month,Electronic check,0
CUST_06698,70,42,59.0,2530.05,One year,Electronic check,0
CUST_06699,72,12,63.64,727.31,One year,Mailed check,1
CUST_06700,54,28,87.0,2393.07,Month-to-month,Credit card,0
CUST_06701,73,5,24.11,161.41,Month-to-month,Bank transfer,1
CUST_06702,62,72,58.95,4292.59,Month-to-month,Credit card,1
CUST_06703,55,10,84.66,841.18,Month-to-month,Electronic check,1
CUST_06704,46,44,48.33,2117.17,Month-to-month,Bank transfer,0
CUST_06705,22,69,79.18,5507.87,Month-to-month,Credit card,0
CUST_06706,26,48,55.73,2635.18,Month-to-month,Bank transfer,0
CUST_06707,65,1,95.87,0.0,Month-to-month,Mailed check,1
CUST_06708,19,25,26.06,657.11,One year,Credit card,0
CUST_06709,18,3,111.8,341.05,Month-to-month,Mailed check,1
CUST_06710,57,0,37.16,46.63,Two year,Credit card,0
CUST_06711,68,1,35.85,75.98,Month-to-month,Electronic check,1
CUST_06712,47,59,104.06,6222.78,One year,Credit card,0
CUST_06713,28,57,106.93,6108.32,Two year,Electronic check,0
CUST_06714,45,6,29.3,286.38,Month-to-month,Electronic check,0
CUST_06715,61,19,110.87,2165.09,One year,Mailed check,0
CUST_06716,29,72,47.33,3413.32,One year,Bank transfer,0
CUST_06717,56,16,81.86,1363.21,Two year,Mailed check,1
CUST_06718,43,12,26.86,277.7,One year,Credit card,0
CUST_06719,30,15,58.07,857.15,Month-to-month,Credit card,0
CUST_06720,25,37,65.07,2400.09,One year,Mailed check,0
CUST_06721,71,15,79.98,1190.24,One year,Bank transfer,0
CUST_06722,45,36,72.53,2653.76,Month-to-month,Mailed check,1
CUST_06723,47,13,66.15,915.11,One year,Electronic check,0
CUST_06724,26,6,115.96,734.94,One year,Bank transfer,0
CUST_06725,56,9,38.5,315.19,Month-to-month,Electronic check,0
CUST_06726,48,1,35.8,69.78,Two year,Credit card,0
CUST_06727,38,16,91.34,1522.13,Month-to-month,Mailed check,1
CUST_06728,73,3,27.46,118.68,One year,Bank transfer,1
CUST_06729,64,40,68.29,2661.07,Month-to-month,Credit card,1
CUST_06730,51,13,68.41,840.93,Two year,Electronic check,0
CUST_06731,72,34,51.0,1761.93,One year,Bank transfer,0
CUST_06732,48,72,113.04,8197.05,One year,Electronic check,1
CUST_06733,69,45,48.25,2122.34,Two year,Bank transfer,0
CUST_06734,42,72,48.84,3516.23,Month-to-month,Bank transfer,1
CUST_06735,29,20,43.43,870.81,Month-to-month,Electronic check,0
CUST_06736,18,4,34.58,87.96,One year,Bank transfer,0
CUST_06737,72,65,56.4,3680.15,Month-to-month,Bank transfer,0
CUST_06738,39,48,88.09,4248.01,One year,Bank transfer,1
CUST_06739,57,47,94.22,4436.85,One year,Credit card,0
CUST_06740,54,28,101.34,2887.39,One year,Bank transfer,0
CUST_06741,64,23,39.75,912.26,Month-to-month,Bank transfer,0
CUST_06742,18,0,23.56,35.39,Two year,Bank transfer,0
CUST_06743,18,33,117.47,3897.98,One year,Bank transfer,0
CUST_06744,74,2,21.43,75.94,Two year,Mailed check,0
CUST_06745,59,7,116.07,789.11,Two year,Credit card,1
CUST_06746,71,19,102.88,1981.56,Month-to-month,Electronic check,1
CUST_06747,59,14,111.21,1615.14,One year,Electronic check,1
CUST_06748,38,0,58.72,46.9,Month-to-month,Bank transfer,1
CUST_06749,32,41,39.72,1690.03,Two year,Electronic check,0
CUST_06750,34,50,80.65,4042.15,One year,Electronic check,1
CUST_06751,39,27,94.13,2621.64,Month-to-month,Electronic check,1
CUST_06752,55,18,33.09,581.42,Two year,Credit card,0
CUST_06753,52,72,99.76,7170.22,One year,Electronic check,1
CUST_06754,62,3,40.86,210.32,Two year,Electronic check,0
CUST_06755,33,32,69.17,2236.8,Month-to-month,Credit card,0
CUST_06756,25,3,105.65,362.61,Two year,Credit card,0
CUST_06757,64,11,39.34,347.08,One year,Bank transfer,0
CUST_06758,34,21,44.19,946.23,One year,Credit card,0
CUST_06759,34,32,26.28,854.93,Two year,Credit card,1
CUST_06760,71,0,34.66,29.0,One year,Bank transfer,1
CUST_06761,43,7,34.65,270.38,One year,Mailed check,0
CUST_06762,30,18,40.34,709.32,Month-to-month,Bank transfer,0
CUST_06763,34,18,48.62,997.69,Two year,Bank transfer,0
CUST_06764,55,24,101.5,2396.74,One year,Electronic check,1
CUST_06765,34,8,111.58,880.89,Two year,Credit card,0
CUST_06766,65,18,60.63,1138.32,Month-to-month,Bank transfer,1
CUST_06767,31,5,32.82,113.86,Month-to-month,Credit card,1
CUST_06768,62,4,42.38,167.16,Month-to-month,Bank transfer,0
CUST_06769,23,20,93.62,1911.69,One year,Mailed check,0
CUST_06770,52,27,87.74,2346.3,Month-to-month,Credit card,0
CUST_06771,63,3,116.72,316.82,Month-to-month,Credit card,0
CUST_06772,31,3,21.45,86.72,One year,Mailed check,0
CUST_06773,64,19,95.08,1815.41,Month-to-month,Credit card,1
CUST_06774,25,7,70.58,463.77,Two year,Electronic check,0
CUST_06775,32,11,110.27,1220.96,One year,Bank transfer,1
CUST_06776,71,12,77.62,931.31,Two year,Electronic check,0
CUST_06777,44,4,64.67,308.8,Month-to-month,Credit card,0
CUST_06778,30,0,86.59,0.0,Month-to-month,Bank transfer,1
CUST_06779,66,46,103.35,4713.15,Month-to-month,Electronic check,1
CUST_06780,48,30,48.25,1435.99,One year,Electronic check,1
CUST_06781,70,28,30.75,848.24,Month-to-month,Mailed check,1
CUST_06782,73,18,63.3,1187.54,Month-to-month,Bank transfer,0
CUST_06783,52,28,41.45,1168.84,Two year,Electronic check,0
CUST_06784,23,65,62.95,4125.12,Month-to-month,Credit card,0
CUST_06785,22,26,119.1,3168.81,One year,Credit card,1
CUST_06786,39,7,77.41,501.89,One year,Bank transfer,0
CUST_06787,66,20,89.36,1859.92,Month-to-month,Mailed check,0
CUST_06788,40,14,87.79,1230.75,One year,Credit card,0
CUST_06789,42,19,102.07,1824.5,One year,Credit card,1
CUST_06790,51,17,114.41,1957.04,Month-to-month,Electronic check,1
CUST_06791,43,46,85.88,3881.52,Month-to-month,Bank transfer,0
CUST_06792,64,25,67.61,1624.47,Two year,Credit card,0
CUST_06793,22,5,51.78,209.38,Month-to-month,Bank transfer,0
CUST_06794,43,1,56.03,52.59,One year,Credit card,0
CUST_06795,37,13,53.45,632.54,One year,Credit card,0
CUST_06796,23,0,52.45,63.52,Month-to-month,Mailed check,0
CUST_06797,23,9,89.46,861.24,Two year,Credit card,0
CUST_06798,67,11,78.77,996.66,Month-to-month,Electronic check,1
CUST_06799,35,11,40.2,438.35,Month-to-month,Electronic check,0
CUST_06800,21,72,116.96,8397.23,One year,Electronic check,0
CUST_06801,34,8,62.77,513.14,Month-to-month,Bank transfer,1
CUST_06802,74,7,76.61,579.7,One year,Electronic check,0
CUST_06803,31,3,90.26,335.58,Two year,Mailed check,1
CUST_06804,31,17,81.37,1353.17,Month-to-month,Electronic check,1
CUST_06805,30,4,51.11,254.93,Month-to-month,Mailed check,0
CUST_06806,24,22,99.77,2245.14,Month-to-month,Credit card,1
CUST_06807,61,4,31.02,272.15,Two year,Bank transfer,0
CUST_06808,72,20,76.9,1608.84,Month-to-month,Credit card,0
CUST_06809,32,42,47.33,2081.78,Month-to-month,Electronic check,1
CUST_06810,36,1,81.58,181.2,One year,Mailed check,0
CUST_06811,60,13,41.8,510.51,Month-to-month,Electronic check,1
CUST_06812,64,14,97.22,1323.09,Month-to-month,Mailed check,1
CUST_06813,61,37,42.75,1631.8,Two year,Bank transfer,0
CUST_06814,52,15,109.04,1617.86,Month-to-month,Bank transfer,1
CUST_06815,34,20,106.16,2162.49,Month-to-month,Electronic check,1
CUST_06816,52,37,56.24,2077.41,Month-to-month,Electronic check,1
CUST_06817,36,19,58.58,1133.76,Two year,Mailed check,0
CUST_06818,37,10,90.15,918.33,Month-to-month,Credit card,1
CUST_06819,53,2,29.04,94.46,Month-to-month,Electronic check,1
CUST_06820,52,31,28.09,811.87,Month-to-month,Bank transfer,1
CUST_06821,49,49,33.63,1583.82,Two year,Electronic check,0
CUST_06822,65,72,76.25,5485.4,Month-to-month,Credit card,1
CUST_06823,61,62,34.9,2169.77,Month-to-month,Mailed check,1
CUST_06824,57,38,47.76,1898.79,One year,Electronic check,0
CUST_06825,41,24,84.69,2054.17,Month-to-month,Bank transfer,1
CUST_06826,34,36,21.56,788.35,One year,Bank transfer,0
CUST_06827,24,13,38.02,481.77,One year,Credit card,1
CUST_06828,60,21,112.99,2398.84,Month-to-month,Bank transfer,0
CUST_06829,67,10,86.36,852.14,One year,Bank transfer,0
CUST_06830,18,9,50.56,395.9,Month-to-month,Credit card,0
CUST_06831,52,33,24.53,863.01,Month-to-month,Mailed check,0
CUST_06832,49,14,78.6,1075.65,One year,Credit card,1
CUST_06833,53,5,42.29,190.22,Month-to-month,Electronic check,1
CUST_06834,30,5,116.02,509.09,Month-to-month,Credit card,0
CUST_06835,23,47,88.7,4187.99,Month-to-month,Bank transfer,1
CUST_06836,31,27,117.41,3255.59,Two year,Bank transfer,1
CUST_06837,54,18,104.89,1802.58,Two year,Mailed check,0
CUST_06838,65,12,68.3,739.26,Month-to-month,Electronic check,1
CUST_06839,32,13,86.96,1150.72,Month-to-month,Bank transfer,1
CUST_06840,64,1,101.21,114.51,Two year,Bank transfer,0
CUST_06841,21,14,77.82,1065.8,One year,Electronic check,1
CUST_06842,57,38,26.15,966.06,One year,Electronic check,0
CUST_06843,33,11,67.04,752.03,One year,Bank transfer,0
CUST_06844,45,11,33.06,268.73,Month-to-month,Electronic check,1
CUST_06845,33,0,91.48,0.0,One year,Credit card,1
CUST_06846,21,14,88.06,1182.37,Two year,Electronic check,1
CUST_06847,62,0,119.29,0.0,Month-to-month,Electronic check,1
CUST_06848,43,20,82.88,1639.42,One year,Electronic check,0
CUST_06849,45,16,100.01,1470.18,One year,Electronic check,1
CUST_06850,49,43,46.83,1948.68,Two year,Credit card,0
CUST_06851,62,20,54.0,1108.82,Month-to-month,Electronic check,1
CUST_06852,19,9,111.7,1030.67,Two year,Electronic check,1
CUST_06853,48,17,95.52,1667.08,Month-to-month,Credit card,1
CUST_06854,20,28,85.53,2421.03,Month-to-month,Electronic check,1
CUST_06855,71,2,45.4,85.54,Month-to-month,Electronic check,1
CUST_06856,25,23,89.86,2018.1,Two year,Mailed check,0
CUST_06857,41,59,108.68,6362.8,Month-to-month,Mailed check,0
CUST_06858,32,8,43.08,302.2,Two year,Credit card,0
CUST_06859,60,23,90.61,2125.18,One year,Credit card,1
CUST_06860,48,41,59.37,2460.6,Two year,Credit card,0
CUST_06861,26,17,31.88,493.66,Month-to-month,Bank transfer,1
CUST_06862,56,30,96.35,2909.43,Month-to-month,Credit card,0
CUST_06863,62,8,36.71,325.05,One year,Credit card,0
CUST_06864,19,8,45.29,387.94,One year,Electronic check,1
CUST_06865,25,26,98.29,2600.28,Month-to-month,Bank transfer,1
CUST_06866,24,29,94.21,2734.59,One year,Bank transfer,1
CUST_06867,73,66,45.42,2984.54,Month-to-month,Mailed check,1
CUST_06868,61,6,114.1,688.28,One year,Electronic check,1
CUST_06869,68,15,41.53,673.71,Month-to-month,Bank transfer,0
CUST_06870,56,6,119.36,754.1,Month-to-month,Electronic check,1
CUST_06871,59,2,93.79,192.3,Two year,Bank transfer,1
CUST_06872,74,12,59.25,768.39,One year,Mailed check,0
CUST_06873,33,11,33.03,456.19,One year,Bank transfer,0
CUST_06874,52,7,52.05,492.31,Month-to-month,Mailed check,1
CUST_06875,47,8,39.37,442.21,Month-to-month,Mailed check,1
CUST_06876,27,10,82.18,982.56,One year,Bank transfer,1
CUST_06877,55,72,55.69,4077.14,Month-to-month,Credit card,0
CUST_06878,35,36,49.5,1648.39,Month-to-month,Bank transfer,0
CUST_06879,67,1,95.71,106.32,Month-to-month,Bank transfer,1
CUST_06880,22,49,43.06,2036.55,Month-to-month,Credit card,0
CUST_06881,70,24,78.69,1972.38,Month-to-month,Electronic check,0
CUST_06882,46,53,39.46,2075.74,Two year,Electronic check,0
CUST_06883,56,10,91.48,937.16,Month-to-month,Mailed check,1
CUST_06884,51,14,82.51,1147.85,One year,Mailed check,0
CUST_06885,60,54,99.82,5480.2,Month-to-month,Credit card,1
CUST_06886,62,7,26.85,128.68,Two year,Bank transfer,0
CUST_06887,40,59,41.01,2454.93,Month-to-month,Bank transfer,1
CUST_06888,22,42,35.45,1436.76,Month-to-month,Bank transfer,0
CUST_06889,47,72,39.06,2705.51,Month-to-month,Credit card,0
CUST_06890,23,9,30.3,282.08,Month-to-month,Electronic check,1
CUST_06891,73,6,76.21,396.04,Two year,Bank transfer,1
CUST_06892,63,9,79.34,639.31,Month-to-month,Electronic check,1
CUST_06893,61,72,104.35,7434.71,Two year,Credit card,0
CUST_06894,21,9,61.77,536.47,Two year,Credit card,0
CUST_06895,46,19,73.24,1438.22,Month-to-month,Credit card,0
CUST_06896,40,12,119.13,1356.49,Month-to-month,Mailed check,1
CUST_06897,23,12,73.18,932.23,Two year,Electronic check,0
CUST_06898,49,5,77.36,359.9,Month-to-month,Credit card,1
CUST_06899,59,18,119.59,2099.4,One year,Credit card,1
CUST_06900,35,45,119.41,5434.16,Two year,Electronic check,1
CUST_06901,32,1,62.4,110.6,One year,Electronic check,1
CUST_06902,57,52,83.49,4382.15,One year,Mailed check,0
CUST_06903,49,26,68.08,1781.67,Two year,Bank transfer,0
CUST_06904,26,23,92.07,2063.99,One year,Credit card,0
CUST_06905,54,23,113.84,2680.42,Month-to-month,Electronic check,1
CUST_06906,27,8,50.97,409.2,Month-to-month,Bank transfer,1
CUST_06907,37,12,101.89,1229.45,One year,Mailed check,1
CUST_06908,23,38,85.48,3267.88,Two year,Electronic check,0
CUST_06909,65,8,48.02,433.72,One year,Mailed check,0
CUST_06910,73,15,99.73,1414.55,One year,Bank transfer,0
CUST_06911,20,0,62.71,0.0,Month-to-month,Credit card,1
CUST_06912,59,31,32.04,970.55,Two year,Bank transfer,0
CUST_06913,28,12,119.34,1506.29,Month-to-month,Bank transfer,1
CUST_06914,60,17,62.56,1150.26,One year,Electronic check,1
CUST_06915,34,2,74.16,162.97,Two year,Electronic check,0
CUST_06916,49,72,100.8,7191.93,Month-to-month,Electronic check,1
CUST_06917,21,8,116.09,899.19,Two year,Electronic check,1
CUST_06918,21,24,107.29,2448.67,Two year,Bank transfer,0
CUST_06919,34,20,72.51,1500.98,Two year,Bank transfer,0
CUST_06920,58,36,74.57,2655.95,One year,Electronic check,1
CUST_06921,36,8,48.09,445.29,Month-to-month,Mailed check,1
CUST_06922,22,33,66.28,2159.26,One year,Electronic check,0
CUST_06923,49,11,114.68,1251.61,Month-to-month,Credit card,1
CUST_06924,39,12,92.69,1093.41,Month-to-month,Bank transfer,1
CUST_06925,73,26,21.19,471.13,Two year,Mailed check,0
CUST_06926,23,36,31.65,1057.99,One year,Bank transfer,0
CUST_06927,52,26,112.38,3020.59,Month-to-month,Mailed check,1
CUST_06928,39,55,104.87,5729.82,Month-to-month,Bank transfer,1
CUST_06929,18,8,68.62,586.36,One year,Credit card,1
CUST_06930,37,55,81.7,4625.07,Two year,Bank transfer,0
CUST_06931,39,3,48.96,126.16,Month-to-month,Mailed check,1
CUST_06932,65,25,99.28,2505.03,Month-to-month,Bank transfer,0
CUST_06933,72,19,80.33,1540.71,One year,Bank transfer,0
CUST_06934,28,16,89.48,1448.39,Month-to-month,Credit card,1
CUST_06935,30,8,57.49,484.38,Month-to-month,Mailed check,1
CUST_06936,59,16,63.04,948.65,One year,Electronic check,1
CUST_06937,20,4,40.77,90.78,One year,Bank transfer,0
CUST_06938,26,11,114.81,1261.19,One year,Credit card,1
CUST_06939,29,2,114.66,299.32,Two year,Credit card,0
CUST_06940,40,20,101.78,2081.58,One year,Credit card,1
CUST_06941,31,2,113.56,156.32,Two year,Electronic check,1
CUST_06942,50,4,86.53,374.89,Two year,Bank transfer,1
CUST_06943,35,2,43.47,99.57,One year,Electronic check,1
CUST_06944,66,11,96.02,1063.13,Month-to-month,Bank transfer,1
CUST_06945,58,44,52.53,2317.43,Two year,Mailed check,0
CUST_06946,26,56,64.05,3602.2,Two year,Credit card,0
CUST_06947,40,1,47.44,45.93,Month-to-month,Electronic check,1
CUST_06948,27,24,62.36,1466.76,One year,Credit card,0
CUST_06949,36,27,87.93,2362.94,Month-to-month,Electronic check,1
CUST_06950,64,18,31.06,466.64,Month-to-month,Bank transfer,1
CUST_06951,22,26,30.52,819.65,One year,Electronic check,0
CUST_06952,64,6,88.38,555.19,Month-to-month,Credit card,1
CUST_06953,69,16,97.96,1650.23,Month-to-month,Bank transfer,1
CUST_06954,40,11,75.15,857.26,One year,Mailed check,0
CUST_06955,47,2,38.16,66.75,Two year,Electronic check,0
CUST_06956,42,23,63.08,1475.18,Two year,Bank transfer,0
CUST_06957,45,16,95.82,1517.2,Two year,Electronic check,0
CUST_06958,51,7,88.57,586.43,One year,Electronic check,1
CUST_06959,62,15,30.99,345.33,One year,Bank transfer,0
CUST_06960,73,35,116.91,4111.26,Two year,Bank transfer,1
CUST_06961,65,38,42.34,1633.86,One year,Electronic check,0
CUST_06962,64,25,42.04,1115.75,Month-to-month,Bank transfer,0
CUST_06963,42,15,65.99,1062.09,Month-to-month,Bank transfer,0
CUST_06964,27,20,52.72,1071.76,Two year,Credit card,0
CUST_06965,31,11,118.4,1240.11,Month-to-month,Credit card,1
CUST_06966,59,3,27.65,22.86,Month-to-month,Mailed check,1
CUST_06967,74,11,50.64,568.12,Month-to-month,Credit card,1
CUST_06968,63,18,58.27,1093.73,Two year,Mailed check,0
CUST_06969,47,21,69.35,1504.28,Month-to-month,Electronic check,1
CUST_06970,72,65,21.64,1384.89,One year,Mailed check,0
CUST_06971,58,36,28.24,911.62,Month-to-month,Credit card,0
CUST_06972,42,3,45.78,77.03,One year,Credit card,1
CUST_06973,31,4,75.4,204.94,One year,Credit card,1
CUST_06974,52,2,96.78,210.33,Month-to-month,Bank transfer,1
CUST_06975,69,32,88.65,2823.65,Two year,Bank transfer,0
CUST_06976,65,29,76.7,2209.36,Two year,Electronic check,1
CUST_06977,51,72,59.72,4323.72,Month-to-month,Electronic check,1
CUST_06978,27,17,107.07,1802.2,Month-to-month,Bank transfer,1
CUST_06979,52,42,65.98,2867.34,Month-to-month,Bank transfer,1
CUST_06980,28,20,49.93,989.07,Two year,Mailed check,0
CUST_06981,28,49,82.93,3977.09,Month-to-month,Bank transfer,0
CUST_06982,38,30,89.21,2548.95,Month-to-month,Bank transfer,0
CUST_06983,38,24,59.85,1463.09,One year,Credit card,0
CUST_06984,39,19,22.81,465.1,Month-to-month,Electronic check,1
CUST_06985,62,30,29.41,913.07,Month-to-month,Bank transfer,0
CUST_06986,24,13,104.56,1293.71,One year,Mailed check,1
CUST_06987,72,2,25.65,7.05,Month-to-month,Electronic check,1
CUST_06988,34,0,79.2,83.77,Two year,Mailed check,0
CUST_06989,19,15,38.37,566.32,Two year,Electronic check,1
CUST_06990,29,21,42.89,869.72,Month-to-month,Bank transfer,0
CUST_06991,74,1,47.33,116.57,One year,Bank transfer,0
CUST_06992,59,8,23.83,139.17,One year,Credit card,1
CUST_06993,35,9,37.72,318.69,One year,Credit card,1
CUST_06994,71,19,85.05,1677.83,Month-to-month,Mailed check,1
CUST_06995,28,7,69.87,555.36,Month-to-month,Credit card,1
CUST_06996,33,2,99.73,267.07,Two year,Credit card,0
CUST_06997,66,4,26.12,141.44,Month-to-month,Bank transfer,1
CUST_06998,68,4,108.89,536.39,One year,Electronic check,0
CUST_06999,35,44,119.64,5311.25,One year,Electronic check,1
CUST_07000,52,8,21.57,189.11,Month-to-month,Credit card,0
CUST_07001,70,30,116.76,3503.39,One year,Bank transfer,0
CUST_07002,43,20,43.59,856.63,Two year,Electronic check,0
CUST_07003,33,72,89.25,6364.0,Month-to-month,Mailed check,0
CUST_07004,23,7,49.25,234.04,Two year,Electronic check,0
CUST_07005,74,4,72.18,336.39,Month-to-month,Credit card,0
CUST_07006,61,1,71.04,66.03,Two year,Credit card,1
CUST_07007,60,6,56.11,293.79,One year,Mailed check,0
CUST_07008,64,27,91.75,2578.82,One year,Electronic check,0
CUST_07009,64,2,79.96,219.74,Month-to-month,Mailed check,1
CUST_07010,65,6,70.83,417.13,Month-to-month,Electronic check,1
CUST_07011,59,46,118.28,5469.35,Two year,Mailed check,0
CUST_07012,29,20,114.0,2278.65,One year,Credit card,1
CUST_07013,30,1,115.54,97.34,One year,Electronic check,1
CUST_07014,21,1,108.13,170.59,Two year,Bank transfer,0
CUST_07015,56,1,45.52,59.0,One year,Electronic check,0
CUST_07016,71,68,55.0,3677.54,Month-to-month,Mailed check,1
CUST_07017,19,45,43.11,1958.1,Two year,Electronic check,0
CUST_07018,43,44,118.62,5251.0,Two year,Bank transfer,0
CUST_07019,44,61,35.27,2236.32,Month-to-month,Mailed check,0
CUST_07020,44,16,56.65,920.92,One year,Credit card,0
CUST_07021,32,6,39.9,242.32,Two year,Mailed check,1
CUST_07022,25,12,42.35,533.9,Month-to-month,Bank transfer,1
CUST_07023,24,30,44.71,1288.66,Month-to-month,Credit card,0
CUST_07024,64,50,83.97,4334.67,One year,Bank transfer,0
CUST_07025,72,13,27.6,457.04,Month-to-month,Bank transfer,1
CUST_07026,63,18,77.25,1438.91,One year,Electronic check,0
CUST_07027,57,64,101.93,6539.36,One year,Credit card,0
CUST_07028,29,2,96.65,124.43,Month-to-month,Bank transfer,1
CUST_07029,30,47,35.12,1652.06,Two year,Electronic check,0
CUST_07030,60,4,111.47,470.82,Month-to-month,Electronic check,1
CUST_07031,34,15,97.01,1403.88,Month-to-month,Bank transfer,1
CUST_07032,34,5,20.53,75.38,Month-to-month,Electronic check,0
CUST_07033,73,22,93.74,2038.03,Two year,Bank transfer,0
CUST_07034,53,19,93.74,1749.8,Month-to-month,Electronic check,1
CUST_07035,38,11,69.68,850.76,Month-to-month,Bank transfer,0
CUST_07036,25,47,24.6,1147.94,Two year,Electronic check,0
CUST_07037,22,25,77.99,2017.27,Two year,Bank transfer,0
CUST_07038,43,30,96.57,2872.77,Month-to-month,Electronic check,1
CUST_07039,33,3,47.09,124.0,Month-to-month,Bank transfer,1
CUST_07040,53,51,86.71,4424.53,One year,Credit card,0
CUST_07041,45,4,55.39,231.88,One year,Credit card,1
CUST_07042,71,6,77.39,411.76,Two year,Electronic check,1
CUST_07043,46,3,58.46,193.15,Month-to-month,Bank transfer,1
CUST_07044,64,13,50.38,599.36,Month-to-month,Mailed check,0
CUST_07045,29,52,105.59,5583.22,One year,Credit card,1
CUST_07046,54,6,95.38,545.64,One year,Credit card,1
CUST_07047,47,11,54.54,643.19,One year,Electronic check,1
CUST_07048,40,44,63.46,2764.19,Two year,Electronic check,1
CUST_07049,33,23,89.17,2114.18,One year,Bank transfer,0
CUST_07050,31,33,101.11,3312.93,Month-to-month,Electronic check,0
CUST_07051,27,5,88.43,439.46,One year,Credit card,0
CUST_07052,24,30,74.09,2210.6,Month-to-month,Credit card,1
CUST_07053,62,6,115.44,677.87,One year,Credit card,1
CUST_07054,69,72,97.41,6940.12,Two year,Electronic check,0
CUST_07055,54,19,31.56,563.3,One year,Bank transfer,0
CUST_07056,46,28,75.81,2140.23,Month-to-month,Mailed check,0
CUST_07057,20,3,60.96,210.24,Month-to-month,Credit card,1
CUST_07058,32,6,99.49,540.07,Month-to-month,Electronic check,1
CUST_07059,53,3,24.47,40.71,Month-to-month,Mailed check,0
CUST_07060,64,11,61.07,667.82,One year,Electronic check,1
CUST_07061,63,8,51.83,418.71,One year,Mailed check,0
CUST_07062,69,31,34.12,1076.89,One year,Credit card,0
CUST_07063,36,2,57.88,167.87,Month-to-month,Credit card,1
CUST_07064,30,33,87.28,2897.06,Month-to-month,Credit card,0
CUST_07065,59,1,56.17,5.93,Month-to-month,Credit card,0
CUST_07066,38,5,78.0,424.74,Month-to-month,Electronic check,1
CUST_07067,54,37,79.28,2982.44,Two year,Bank transfer,0
CUST_07068,44,32,78.71,2439.7,One year,Bank transfer,0
CUST_07069,72,15,72.95,1117.74,Two year,Mailed check,0
CUST_07070,69,1,31.7,97.51,One year,Mailed check,0
CUST_07071,46,22,41.85,888.29,One year,Credit card,0
CUST_07072,37,12,100.01,1234.99,Month-to-month,Bank transfer,1
CUST_07073,42,9,70.24,597.15,Month-to-month,Bank transfer,0
CUST_07074,23,24,90.61,2159.8,One year,Bank transfer,1
CUST_07075,53,13,76.99,956.83,One year,Electronic check,0
CUST_07076,19,2,23.87,78.88,One year,Electronic check,1
CUST_07077,39,59,99.62,5915.85,Month-to-month,Credit card,0
CUST_07078,49,36,26.43,972.46,Two year,Bank transfer,0
CUST_07079,33,1,114.32,144.04,Month-to-month,Credit card,1
CUST_07080,35,17,41.54,742.39,Month-to-month,Electronic check,1
CUST_07081,22,2,71.24,210.5,Two year,Credit card,0
CUST_07082,71,43,26.36,1104.73,Month-to-month,Credit card,0
CUST_07083,53,22,109.49,2282.25,Two year,Mailed check,0
CUST_07084,47,4,117.99,451.51,Month-to-month,Mailed check,1
CUST_07085,62,0,34.63,0.0,One year,Mailed check,1
CUST_07086,36,0,49.58,41.07,Month-to-month,Electronic check,1
CUST_07087,40,16,21.59,232.8,Month-to-month,Bank transfer,1
CUST_07088,51,31,98.7,3073.19,One year,Electronic check,0
CUST_07089,30,3,51.15,220.62,Month-to-month,Credit card,1
CUST_07090,60,6,78.88,473.95,Month-to-month,Credit card,1
CUST_07091,71,9,23.92,243.75,Two year,Bank transfer,0
CUST_07092,46,5,91.55,422.33,Two year,Electronic check,1
CUST_07093,53,11,72.94,838.35,Month-to-month,Electronic check,1
CUST_07094,39,19,92.5,1753.02,Month-to-month,Credit card,1
CUST_07095,69,27,98.96,2643.58,One year,Credit card,0
CUST_07096,69,72,28.92,2085.14,Two year,Mailed check,0
CUST_07097,64,64,77.81,5021.82,Two year,Mailed check,0
CUST_07098,53,20,84.99,1694.31,Month-to-month,Mailed check,0
CUST_07099,26,31,71.67,2213.47,One year,Credit card,0
CUST_07100,56,72,38.24,2750.92,Month-to-month,Bank transfer,1
CUST_07101,68,2,99.56,212.66,Month-to-month,Electronic check,1
CUST_07102,36,0,119.75,10.35,Month-to-month,Bank transfer,0
CUST_07103,55,0,116.93,9.76,Month-to-month,Electronic check,1
CUST_07104,23,19,97.75,1796.28,One year,Bank transfer,0
CUST_07105,69,34,61.81,2094.22,Month-to-month,Credit card,1
CUST_07106,64,10,53.73,600.45,Two year,Credit card,0
CUST_07107,32,18,26.85,512.18,One year,Bank transfer,0
CUST_07108,74,17,61.63,1108.02,Month-to-month,Electronic check,1
CUST_07109,37,2,35.6,91.88,Two year,Credit card,1
CUST_07110,26,9,45.43,419.77,Two year,Credit card,0
CUST_07111,49,0,109.19,72.02,One year,Bank transfer,1
CUST_07112,21,2,116.85,211.59,Month-to-month,Electronic check,1
CUST_07113,67,40,114.86,4569.5,Month-to-month,Electronic check,1
CUST_07114,35,42,39.34,1739.07,Month-to-month,Electronic check,0
CUST_07115,22,38,110.09,4228.66,One year,Electronic check,0
CUST_07116,37,31,34.15,1044.55,Month-to-month,Electronic check,0
CUST_07117,40,37,70.77,2586.79,One year,Electronic check,1
CUST_07118,28,26,84.37,2142.05,Month-to-month,Credit card,1
CUST_07119,54,26,66.25,1706.58,One year,Bank transfer,0
CUST_07120,39,26,115.18,3040.81,Month-to-month,Mailed check,0
CUST_07121,21,17,53.32,797.79,Month-to-month,Electronic check,0
CUST_07122,46,10,72.74,782.13,Month-to-month,Credit card,1
CUST_07123,61,31,27.54,889.14,One year,Bank transfer,0
CUST_07124,51,8,105.22,790.14,Two year,Credit card,1
CUST_07125,30,18,61.34,1107.06,One year,Bank transfer,0
CUST_07126,59,13,90.05,1145.37,Month-to-month,Electronic check,1
CUST_07127,26,7,88.22,572.36,Two year,Credit card,0
CUST_07128,59,72,87.63,6323.93,One year,Bank transfer,0
CUST_07129,48,7,70.69,521.78,Month-to-month,Bank transfer,1
CUST_07130,24,8,47.75,420.47,Month-to-month,Credit card,1
CUST_07131,21,4,82.51,240.7,Month-to-month,Credit card,1
CUST_07132,36,41,116.18,4741.23,Month-to-month,Credit card,1
CUST_07133,59,21,103.39,2202.27,Month-to-month,Credit card,1
CUST_07134,47,22,30.88,727.9,One year,Bank transfer,1
CUST_07135,48,41,22.32,927.74,Two year,Bank transfer,0
CUST_07136,52,10,69.9,753.1,Month-to-month,Credit card,1
CUST_07137,74,5,97.58,497.69,Month-to-month,Bank transfer,1
CUST_07138,38,5,51.39,283.36,Month-to-month,Electronic check,0
CUST_07139,48,31,90.12,2751.96,Two year,Bank transfer,0
CUST_07140,36,22,113.19,2526.5,Month-to-month,Electronic check,1
CUST_07141,48,5,65.9,264.21,Month-to-month,Electronic check,1
CUST_07142,70,3,44.42,82.07,Month-to-month,Electronic check,0
CUST_07143,49,3,111.78,296.96,One year,Electronic check,1
CUST_07144,19,23,67.23,1630.17,Month-to-month,Electronic check,1
CUST_07145,69,0,60.78,0.0,One year,Electronic check,1
CUST_07146,27,0,55.34,22.38,Month-to-month,Bank transfer,1
CUST_07147,19,11,62.3,713.38,Month-to-month,Electronic check,1
CUST_07148,19,28,87.37,2472.86,Month-to-month,Electronic check,1
CUST_07149,41,28,63.37,1723.77,Two year,Credit card,0
CUST_07150,34,13,52.42,699.86,Month-to-month,Credit card,1
CUST_07151,49,28,94.36,2593.59,Two year,Mailed check,0
CUST_07152,33,17,40.3,602.93,Month-to-month,Credit card,0
CUST_07153,33,72,40.19,2978.63,Month-to-month,Bank transfer,1
CUST_07154,63,4,89.64,346.16,One year,Electronic check,0
CUST_07155,56,22,106.67,2336.87,Month-to-month,Credit card,1
CUST_07156,70,16,44.12,759.33,Month-to-month,Credit card,1
CUST_07157,48,5,39.11,237.61,Month-to-month,Bank transfer,1
CUST_07158,60,33,87.03,2843.38,Month-to-month,Electronic check,1
CUST_07159,41,7,82.08,592.55,Month-to-month,Electronic check,1
CUST_07160,18,11,64.73,741.53,Month-to-month,Electronic check,1
CUST_07161,28,11,29.59,263.85,Month-to-month,Mailed check,1
CUST_07162,72,6,29.18,141.68,One year,Mailed check,1
CUST_07163,38,13,97.73,1258.38,One year,Bank transfer,1
CUST_07164,21,15,65.18,983.53,Month-to-month,Bank transfer,0
CUST_07165,24,32,105.8,3455.61,One year,Bank transfer,1
CUST_07166,43,34,77.47,2604.51,Month-to-month,Mailed check,0
CUST_07167,64,4,81.87,405.98,One year,Electronic check,0
CUST_07168,67,21,113.42,2410.38,One year,Mailed check,1
CUST_07169,29,54,36.46,1893.33,One year,Credit card,0
CUST_07170,48,2,74.3,169.75,One year,Bank transfer,1
CUST_07171,34,15,25.81,464.66,Month-to-month,Mailed check,1
CUST_07172,50,33,55.89,1839.61,Month-to-month,Electronic check,1
CUST_07173,28,22,34.81,734.04,One year,Electronic check,0
CUST_07174,45,2,38.78,54.22,Month-to-month,Bank transfer,0
CUST_07175,49,12,113.48,1391.38,Month-to-month,Bank transfer,0
CUST_07176,18,16,81.07,1233.16,Month-to-month,Electronic check,0
CUST_07177,64,72,109.22,7957.12,Month-to-month,Electronic check,1
CUST_07178,45,4,64.35,318.15,One year,Mailed check,0
CUST_07179,70,72,79.76,5782.87,Month-to-month,Electronic check,1
CUST_07180,59,11,23.21,203.0,Month-to-month,Credit card,1
CUST_07181,24,5,66.95,413.92,Two year,Electronic check,0
CUST_07182,19,12,76.41,986.4,Month-to-month,Credit card,1
CUST_07183,59,22,21.68,555.89,Month-to-month,Bank transfer,0
CUST_07184,41,5,98.95,517.58,Two year,Mailed check,0
CUST_07185,21,8,49.54,404.68,Month-to-month,Bank transfer,1
CUST_07186,61,46,65.25,3022.76,Two year,Mailed check,0
CUST_07187,36,72,73.56,5328.24,Month-to-month,Bank transfer,0
CUST_07188,43,9,119.22,1145.26,Month-to-month,Electronic check,1
CUST_07189,28,3,29.92,29.85,Month-to-month,Electronic check,1
CUST_07190,57,37,75.53,2814.35,One year,Bank transfer,1
CUST_07191,67,22,73.06,1641.07,Two year,Electronic check,0
CUST_07192,60,2,26.89,114.25,Two year,Electronic check,0
CUST_07193,28,70,83.39,5830.63,One year,Credit card,1
CUST_07194,62,1,48.69,61.38,Month-to-month,Credit card,1
CUST_07195,20,23,30.38,701.33,Two year,Credit card,1
CUST_07196,29,13,37.86,515.65,One year,Bank transfer,0
CUST_07197,20,19,102.36,1925.06,Month-to-month,Electronic check,1
CUST_07198,59,5,30.41,193.13,Two year,Electronic check,0
CUST_07199,44,27,66.69,1828.9,Two year,Credit card,0
CUST_07200,66,72,39.53,2782.24,One year,Credit card,0
CUST_07201,71,14,36.23,457.26,Month-to-month,Mailed check,0
CUST_07202,19,17,40.57,689.11,Two year,Bank transfer,0
CUST_07203,66,6,69.28,578.57,Month-to-month,Credit card,0
CUST_07204,33,53,43.78,2314.78,One year,Bank transfer,0
CUST_07205,19,72,29.67,2093.6,Month-to-month,Credit card,0
CUST_07206,71,37,100.14,3678.06,Two year,Electronic check,1
CUST_07207,47,18,73.98,1365.23,Month-to-month,Bank transfer,1
CUST_07208,37,72,35.69,2657.89,One year,Bank transfer,0
CUST_07209,55,4,67.14,244.48,Month-to-month,Bank transfer,1
CUST_07210,45,15,26.84,420.38,One year,Credit card,0
CUST_07211,42,18,78.04,1385.7,Two year,Credit card,0
CUST_07212,49,16,54.03,904.1,Two year,Electronic check,1
CUST_07213,27,38,30.35,1134.31,Month-to-month,Electronic check,0
CUST_07214,59,26,38.36,1044.0,Month-to-month,Bank transfer,0
CUST_07215,57,3,54.57,39.56,Month-to-month,Electronic check,1
CUST_07216,50,10,100.64,1045.45,One year,Electronic check,1
CUST_07217,30,9,37.38,330.56,Two year,Bank transfer,0
CUST_07218,73,20,30.97,651.79,One year,Bank transfer,0
CUST_07219,58,8,71.59,573.55,Month-to-month,Credit card,1
CUST_07220,71,2,75.87,93.37,Month-to-month,Mailed check,1
CUST_07221,59,25,29.02,736.18,One year,Mailed check,0
CUST_07222,64,45,48.45,2221.1,Month-to-month,Electronic check,1
CUST_07223,54,64,46.28,2975.24,Month-to-month,Bank transfer,0
CUST_07224,71,72,38.62,2708.64,Month-to-month,Bank transfer,0
CUST_07225,33,36,51.56,1867.32,Month-to-month,Electronic check,1
CUST_07226,62,3,23.71,97.02,Month-to-month,Electronic check,1
CUST_07227,39,46,85.15,3896.59,Two year,Electronic check,1
CUST_07228,74,12,118.85,1276.3,Month-to-month,Bank transfer,1
CUST_07229,37,31,83.4,2561.11,Two year,Electronic check,0
CUST_07230,67,18,56.11,946.87,One year,Electronic check,0
CUST_07231,60,42,86.79,3640.24,One year,Electronic check,0
CUST_07232,44,13,77.15,940.38,Month-to-month,Credit card,1
CUST_07233,58,1,104.68,40.13,Month-to-month,Electronic check,1
CUST_07234,33,19,82.19,1600.31,Month-to-month,Electronic check,0
CUST_07235,51,4,83.41,341.79,One year,Electronic check,0
CUST_07236,49,72,42.17,3060.88,One year,Mailed check,0
CUST_07237,43,17,61.56,1017.99,Two year,Bank transfer,0
CUST_07238,42,19,54.44,1010.36,Month-to-month,Mailed check,0
CUST_07239,19,57,21.14,1173.07,One year,Bank transfer,0
CUST_07240,29,23,51.33,1155.24,One year,Credit card,0
CUST_07241,57,8,68.61,525.84,Month-to-month,Credit card,1
CUST_07242,26,8,79.98,590.13,Month-to-month,Mailed check,1
CUST_07243,29,16,113.46,1779.8,Two year,Electronic check,1
CUST_07244,43,48,43.91,2117.42,Month-to-month,Bank transfer,1
CUST_07245,26,38,35.24,1289.11,Two year,Bank transfer,0
CUST_07246,27,72,106.94,7716.03,Month-to-month,Credit card,1
CUST_07247,49,1,114.18,35.69,Month-to-month,Credit card,1
CUST_07248,74,7,68.8,496.78,One year,Bank transfer,1
CUST_07249,51,2,31.52,59.26,Month-to-month,Electronic check,1
CUST_07250,65,33,68.54,2277.93,Two year,Electronic check,0
CUST_07251,37,3,30.94,108.97,Two year,Credit card,0
CUST_07252,56,2,108.32,165.5,One year,Bank transfer,1
CUST_07253,19,19,90.82,1728.39,Two year,Bank transfer,0
CUST_07254,18,12,44.11,472.84,Month-to-month,Bank transfer,1
CUST_07255,68,30,108.67,3239.54,Month-to-month,Bank transfer,1
CUST_07256,53,16,83.79,1387.58,Two year,Bank transfer,0
CUST_07257,41,13,115.33,1450.12,Month-to-month,Electronic check,1
CUST_07258,71,13,118.05,1531.82,Month-to-month,Bank transfer,1
CUST_07259,44,49,20.33,955.67,Month-to-month,Electronic check,0
CUST_07260,19,12,32.02,399.52,Month-to-month,Bank transfer,0
CUST_07261,48,9,74.69,718.36,One year,Mailed check,0
CUST_07262,74,9,115.59,1016.91,Month-to-month,Bank transfer,1
CUST_07263,31,5,119.42,607.9,Month-to-month,Credit card,1
CUST_07264,19,47,76.74,3595.66,Month-to-month,Bank transfer,0
CUST_07265,46,3,37.38,63.37,One year,Mailed check,0
CUST_07266,32,57,36.31,2087.41,Two year,Electronic check,0
CUST_07267,29,7,96.39,699.02,One year,Electronic check,1
CUST_07268,54,55,79.19,4306.11,Month-to-month,Credit card,0
CUST_07269,45,37,74.88,2813.74,Month-to-month,Bank transfer,0
CUST_07270,37,20,66.58,1395.15,Month-to-month,Mailed check,0
CUST_07271,56,26,92.51,2360.69,Month-to-month,Electronic check,1
CUST_07272,41,9,105.81,1021.21,One year,Credit card,1
CUST_07273,38,20,50.3,1006.2,Month-to-month,Mailed check,1
CUST_07274,27,8,42.09,333.27,Month-to-month,Mailed check,0
CUST_07275,63,12,87.02,1127.4,One year,Electronic check,0
CUST_07276,31,34,111.47,3831.86,One year,Electronic check,0
CUST_07277,54,6,54.82,297.75,One year,Electronic check,1
CUST_07278,35,43,47.24,2005.92,One year,Bank transfer,0
CUST_07279,41,11,42.61,485.0,Month-to-month,Electronic check,1
CUST_07280,31,18,45.45,833.86,Month-to-month,Electronic check,1
CUST_07281,51,68,33.49,2275.4,One year,Mailed check,0
CUST_07282,29,27,79.68,2116.18,Month-to-month,Bank transfer,1
CUST_07283,39,24,48.08,1126.58,Month-to-month,Electronic check,1
CUST_07284,73,29,81.49,2362.02,One year,Bank transfer,1
CUST_07285,23,60,28.3,1618.72,One year,Electronic check,0
CUST_07286,53,6,31.55,214.18,Month-to-month,Credit card,0
CUST_07287,62,22,73.61,1632.31,Month-to-month,Credit card,1
CUST_07288,53,12,71.15,807.0,One year,Credit card,0
CUST_07289,39,0,47.15,24.24,Month-to-month,Bank transfer,0
CUST_07290,31,3,102.71,222.43,Month-to-month,Bank transfer,1
CUST_07291,33,9,38.7,366.74,One year,Bank transfer,0
CUST_07292,53,19,56.07,1110.23,Month-to-month,Credit card,0
CUST_07293,73,51,75.55,3872.77,Month-to-month,Credit card,1
CUST_07294,42,37,106.72,3978.77,One year,Mailed check,0
CUST_07295,49,19,61.86,1208.65,Two year,Bank transfer,0
CUST_07296,50,1,59.86,79.64,Two year,Electronic check,1
CUST_07297,62,8,77.95,620.94,Two year,Bank transfer,0
CUST_07298,53,10,51.67,500.73,Month-to-month,Bank transfer,1
CUST_07299,37,23,90.92,2148.45,One year,Credit card,0
CUST_07300,35,1,44.87,75.22,Two year,Credit card,1
CUST_07301,55,18,102.32,1901.03,One year,Mailed check,0
CUST_07302,20,55,47.24,2647.76,Month-to-month,Credit card,1
CUST_07303,40,29,119.27,3400.26,One year,Credit card,1
CUST_07304,49,38,51.65,1929.4,Two year,Credit card,0
CUST_07305,62,27,107.88,2820.67,Two year,Bank transfer,1
CUST_07306,33,5,59.74,220.84,Month-to-month,Bank transfer,0
CUST_07307,22,2,44.61,0.0,Two year,Bank transfer,0
CUST_07308,21,42,42.62,1677.09,One year,Electronic check,0
CUST_07309,38,28,105.02,2928.66,Month-to-month,Mailed check,1
CUST_07310,57,20,50.88,1076.34,Two year,Electronic check,0
CUST_07311,68,5,53.86,287.05,Two year,Credit card,0
CUST_07312,31,22,39.7,908.18,One year,Bank transfer,0
CUST_07313,56,0,116.13,2.7,Two year,Credit card,1
CUST_07314,48,3,44.47,140.61,One year,Mailed check,0
CUST_07315,31,8,44.74,396.77,Month-to-month,Electronic check,1
CUST_07316,23,14,114.39,1593.3,Two year,Electronic check,1
CUST_07317,29,3,110.09,336.55,Two year,Mailed check,0
CUST_07318,33,3,44.89,114.32,Month-to-month,Credit card,1
CUST_07319,34,31,106.47,3239.66,Month-to-month,Bank transfer,0
CUST_07320,62,20,44.98,893.18,Month-to-month,Bank transfer,1
CUST_07321,40,18,28.45,453.32,Two year,Bank transfer,1
CUST_07322,31,14,102.04,1472.58,One year,Credit card,0
CUST_07323,24,72,97.16,7019.96,Two year,Electronic check,0
CUST_07324,63,1,49.47,123.96,One year,Credit card,1
CUST_07325,49,4,29.01,76.86,One year,Bank transfer,1
CUST_07326,32,25,40.64,947.36,Two year,Credit card,0
CUST_07327,61,3,97.11,215.01,Month-to-month,Bank transfer,1
CUST_07328,34,21,116.47,2524.61,One year,Electronic check,0
CUST_07329,58,20,45.9,898.16,One year,Bank transfer,0
CUST_07330,71,72,101.83,7256.78,One year,Electronic check,0
CUST_07331,64,51,42.79,2205.81,One year,Credit card,0
CUST_07332,61,69,87.96,6052.54,Two year,Bank transfer,0
CUST_07333,51,2,28.36,9.42,Month-to-month,Electronic check,1
CUST_07334,22,48,78.53,3843.79,Month-to-month,Electronic check,1
CUST_07335,62,3,46.92,133.69,Two year,Credit card,0
CUST_07336,44,24,112.58,2730.27,Month-to-month,Credit card,1
CUST_07337,69,30,48.98,1491.05,Month-to-month,Credit card,0
CUST_07338,40,4,59.84,375.18,Month-to-month,Mailed check,1
CUST_07339,57,24,104.07,2487.61,Month-to-month,Credit card,1
CUST_07340,31,1,63.83,13.89,One year,Electronic check,1
CUST_07341,32,8,43.84,316.75,One year,Electronic check,0
CUST_07342,60,60,74.75,4534.49,One year,Mailed check,0
CUST_07343,50,4,104.0,428.53,One year,Credit card,1
CUST_07344,70,1,63.32,39.8,Month-to-month,Bank transfer,1
CUST_07345,48,14,33.29,483.21,Month-to-month,Electronic check,0
CUST_07346,52,45,58.31,2690.37,Two year,Bank transfer,0
CUST_07347,34,1,115.45,198.41,Month-to-month,Bank transfer,1
CUST_07348,45,10,27.2,290.45,Month-to-month,Bank transfer,0
CUST_07349,36,55,60.84,3402.96,One year,Credit card,0
CUST_07350,63,3,84.8,183.28,Month-to-month,Bank transfer,1
CUST_07351,71,8,27.85,253.91,Month-to-month,Electronic check,1
CUST_07352,40,36,54.5,1952.97,Month-to-month,Credit card,0
CUST_07353,49,18,114.06,1995.64,Two year,Electronic check,0
CUST_07354,57,42,23.06,921.92,One year,Credit card,0
CUST_07355,30,2,95.17,149.53,Month-to-month,Bank transfer,1
CUST_07356,37,60,104.14,6263.06,One year,Bank transfer,0
CUST_07357,52,65,47.71,3045.79,Two year,Credit card,0
CUST_07358,22,4,41.47,201.31,One year,Mailed check,1
CUST_07359,26,0,111.48,48.2,Month-to-month,Bank transfer,1
CUST_07360,46,72,96.4,6934.84,Month-to-month,Credit card,1
CUST_07361,23,15,31.34,459.77,Month-to-month,Electronic check,1
CUST_07362,42,20,41.22,832.22,One year,Electronic check,0
CUST_07363,48,22,82.14,1782.4,One year,Bank transfer,0
CUST_07364,39,37,61.94,2364.84,Month-to-month,Electronic check,0
CUST_07365,19,40,70.42,2712.28,One year,Electronic check,0
CUST_07366,62,5,115.15,556.4,One year,Credit card,0
CUST_07367,22,6,62.02,293.88,Two year,Bank transfer,0
CUST_07368,44,50,108.17,5437.31,One year,Credit card,0
CUST_07369,42,41,86.07,3539.55,One year,Credit card,0
CUST_07370,25,23,32.16,777.36,Two year,Electronic check,1
CUST_07371,72,72,94.45,6808.39,Month-to-month,Credit card,1
CUST_07372,18,31,72.02,2252.22,Month-to-month,Credit card,1
CUST_07373,37,5,42.51,168.88,One year,Electronic check,1
CUST_07374,61,44,48.95,2161.2,Month-to-month,Credit card,0
CUST_07375,40,12,75.73,869.65,Month-to-month,Bank transfer,1
CUST_07376,49,0,80.17,30.61,Two year,Credit card,1
CUST_07377,28,9,116.82,1003.99,One year,Credit card,1
CUST_07378,56,34,105.47,3560.2,Two year,Mailed check,0
CUST_07379,64,72,40.58,2917.55,Two year,Bank transfer,0
CUST_07380,71,7,97.4,758.4,Month-to-month,Electronic check,1
CUST_07381,41,6,20.83,126.56,One year,Bank transfer,1
CUST_07382,28,19,32.98,727.69,Two year,Electronic check,0
CUST_07383,46,40,39.97,1667.92,One year,Credit card,0
CUST_07384,71,32,79.72,2535.86,One year,Bank transfer,0
CUST_07385,43,19,39.47,770.11,One year,Credit card,0
CUST_07386,33,23,56.53,1327.92,Month-to-month,Bank transfer,1
CUST_07387,52,6,44.28,118.41,Month-to-month,Electronic check,1
CUST_07388,37,13,53.74,612.86,Month-to-month,Bank transfer,0
CUST_07389,63,7,114.25,822.2,One year,Mailed check,1
CUST_07390,20,51,119.74,6132.34,One year,Electronic check,1
CUST_07391,18,2,88.57,184.73,Two year,Bank transfer,1
CUST_07392,70,27,77.23,2029.51,Month-to-month,Credit card,1
CUST_07393,64,7,90.84,756.47,Month-to-month,Bank transfer,1
CUST_07394,18,15,97.17,1485.9,One year,Electronic check,1
CUST_07395,34,8,93.9,802.17,Two year,Credit card,0
CUST_07396,19,9,28.19,300.36,One year,Mailed check,0
CUST_07397,46,7,51.03,364.58,One year,Electronic check,0
CUST_07398,37,33,54.34,1797.46,One year,Credit card,0
CUST_07399,23,10,56.93,614.47,One year,Electronic check,1
CUST_07400,25,31,54.43,1661.17,Month-to-month,Electronic check,1
CUST_07401,46,14,98.71,1430.59,Month-to-month,Bank transfer,1
CUST_07402,65,19,94.76,1809.24,Month-to-month,Electronic check,1
CUST_07403,68,18,20.46,397.87,Month-to-month,Electronic check,1
CUST_07404,50,72,49.64,3582.99,Month-to-month,Bank transfer,1
CUST_07405,20,10,82.37,779.35,One year,Credit card,0
CUST_07406,52,5,32.03,151.74,Month-to-month,Bank transfer,1
CUST_07407,22,58,27.12,1634.02,Month-to-month,Electronic check,1
CUST_07408,44,4,102.84,443.57,One year,Credit card,0
CUST_07409,61,43,65.27,2861.86,Month-to-month,Credit card,1
CUST_07410,29,3,105.57,363.72,Month-to-month,Electronic check,1
CUST_07411,37,25,102.36,2530.52,Two year,Bank transfer,1
CUST_07412,62,3,109.34,250.06,Month-to-month,Bank transfer,1
CUST_07413,37,61,24.83,1556.99,Month-to-month,Bank transfer,1
CUST_07414,26,19,38.61,725.09,Month-to-month,Credit card,1
CUST_07415,56,9,49.61,481.01,Two year,Credit card,0
CUST_07416,21,3,33.62,170.88,One year,Bank transfer,0
CUST_07417,68,11,68.55,736.34,Month-to-month,Electronic check,1
CUST_07418,71,29,99.9,2858.99,One year,Mailed check,1
CUST_07419,36,11,115.12,1215.26,Month-to-month,Mailed check,1
CUST_07420,55,6,108.96,652.67,One year,Bank transfer,1
CUST_07421,44,20,65.73,1243.99,One year,Credit card,0
CUST_07422,62,12,83.65,1021.43,Month-to-month,Electronic check,1
CUST_07423,60,4,43.07,192.28,One year,Bank transfer,0
CUST_07424,30,4,60.3,260.93,One year,Electronic check,1
CUST_07425,30,29,107.12,3021.99,Two year,Credit card,0
CUST_07426,74,72,22.92,1709.75,Two year,Credit card,0
CUST_07427,39,6,73.28,446.06,One year,Credit card,0
CUST_07428,45,35,107.28,3732.29,Two year,Mailed check,0
CUST_07429,69,2,32.2,96.88,One year,Electronic check,0
CUST_07430,64,11,118.25,1332.58,Two year,Mailed check,1
CUST_07431,70,16,21.24,282.56,Month-to-month,Bank transfer,1
CUST_07432,62,7,108.61,757.8,One year,Electronic check,1
CUST_07433,39,18,55.37,966.67,Two year,Credit card,0
CUST_07434,60,51,33.27,1675.82,Two year,Credit card,0
CUST_07435,36,69,35.74,2492.22,Month-to-month,Electronic check,1
CUST_07436,25,2,90.12,136.71,Month-to-month,Mailed check,1
CUST_07437,69,7,107.07,777.25,Two year,Bank transfer,1
CUST_07438,25,72,84.11,6009.67,One year,Electronic check,0
CUST_07439,59,7,112.87,850.46,Two year,Electronic check,0
CUST_07440,43,28,104.25,2886.4,One year,Bank transfer,1
CUST_07441,65,7,20.9,261.05,Two year,Credit card,0
CUST_07442,68,10,86.94,910.09,Month-to-month,Credit card,1
CUST_07443,43,5,50.46,242.7,Month-to-month,Electronic check,1
CUST_07444,40,46,65.45,2963.15,One year,Credit card,0
CUST_07445,60,51,29.4,1525.44,Two year,Bank transfer,0
CUST_07446,30,8,48.21,436.39,One year,Electronic check,1
CUST_07447,45,41,83.27,3445.18,One year,Bank transfer,1
CUST_07448,26,10,41.84,389.47,One year,Credit card,0
CUST_07449,37,2,84.75,240.84,One year,Electronic check,1
CUST_07450,73,34,112.3,3832.76,Two year,Electronic check,1
CUST_07451,36,21,20.49,397.76,Month-to-month,Bank transfer,1
CUST_07452,65,7,98.58,800.85,Month-to-month,Electronic check,1
CUST_07453,56,7,84.13,621.54,One year,Credit card,1
CUST_07454,68,72,24.66,1795.91,Month-to-month,Bank transfer,0
CUST_07455,29,47,99.02,4629.77,Two year,Credit card,0
CUST_07456,32,39,42.45,1653.78,Month-to-month,Electronic check,0
CUST_07457,48,3,46.58,99.06,Two year,Credit card,1
CUST_07458,72,33,29.35,977.81,Two year,Mailed check,0
CUST_07459,31,5,73.44,394.61,Month-to-month,Electronic check,1
CUST_07460,28,72,69.82,4930.43,Two year,Credit card,0
CUST_07461,43,1,54.72,0.0,One year,Bank transfer,0
CUST_07462,59,10,36.88,323.27,One year,Electronic check,0
CUST_07463,44,13,103.8,1274.16,Month-to-month,Electronic check,1
CUST_07464,28,41,107.64,4371.91,Two year,Electronic check,0
CUST_07465,55,34,74.06,2591.73,One year,Credit card,0
CUST_07466,51,11,44.42,545.69,Two year,Credit card,0
CUST_07467,60,20,29.61,561.18,One year,Mailed check,0
CUST_07468,36,43,106.85,4622.19,One year,Bank transfer,0
CUST_07469,23,0,29.61,0.0,Month-to-month,Electronic check,1
CUST_07470,63,38,21.32,907.97,Month-to-month,Bank transfer,0
CUST_07471,69,70,66.94,4675.96,One year,Electronic check,0
CUST_07472,55,0,93.13,0.0,Two year,Mailed check,1
CUST_07473,66,1,65.75,177.38,Month-to-month,Bank transfer,1
CUST_07474,59,10,25.14,236.42,Two year,Credit card,0
CUST_07475,45,2,89.0,279.7,Two year,Bank transfer,1
CUST_07476,18,15,84.23,1309.33,Month-to-month,Credit card,1
CUST_07477,52,31,88.15,2747.43,Month-to-month,Credit card,1
CUST_07478,57,20,41.12,730.6,Two year,Bank transfer,0
CUST_07479,25,5,99.57,503.29,Month-to-month,Electronic check,1
CUST_07480,69,25,67.92,1620.0,Month-to-month,Bank transfer,1
CUST_07481,71,27,73.64,1971.7,Month-to-month,Electronic check,1
CUST_07482,64,64,74.58,4781.22,Two year,Mailed check,0
CUST_07483,73,3,48.68,212.49,One year,Credit card,0
CUST_07484,24,28,45.01,1230.12,Month-to-month,Credit card,1
CUST_07485,28,58,20.48,1295.52,Month-to-month,Mailed check,0
CUST_07486,56,16,59.66,877.76,Month-to-month,Bank transfer,0
CUST_07487,21,10,68.51,644.36,Month-to-month,Mailed check,1
CUST_07488,42,4,94.28,386.04,Two year,Bank transfer,1
CUST_07489,29,48,26.66,1163.37,One year,Bank transfer,1
CUST_07490,43,12,112.4,1289.8,One year,Bank transfer,1
CUST_07491,55,62,46.4,2900.12,Month-to-month,Credit card,1
CUST_07492,63,45,56.67,2596.77,One year,Credit card,0
CUST_07493,29,11,24.84,224.49,Month-to-month,Mailed check,1
CUST_07494,60,20,85.31,1679.77,Two year,Electronic check,1
CUST_07495,68,0,90.89,25.22,One year,Bank transfer,1
CUST_07496,70,7,112.88,703.59,Month-to-month,Bank transfer,1
CUST_07497,54,29,53.68,1547.64,Month-to-month,Credit card,0
CUST_07498,63,27,45.74,1223.22,Two year,Electronic check,0
CUST_07499,70,10,92.61,1014.34,Month-to-month,Bank transfer,1
CUST_07500,41,39,90.68,3563.27,One year,Bank transfer,0
CUST_07501,33,6,113.71,683.2,One year,Mailed check,1
CUST_07502,74,14,40.53,605.82,Month-to-month,Bank transfer,1
CUST_07503,30,15,90.53,1368.98,One year,Bank transfer,1
CUST_07504,42,10,26.69,220.28,One year,Credit card,0
CUST_07505,71,72,68.04,4934.83,One year,Electronic check,0
CUST_07506,71,28,31.94,937.25,Month-to-month,Electronic check,0
CUST_07507,74,18,85.31,1519.58,Two year,Bank transfer,0
CUST_07508,69,17,80.15,1372.54,Month-to-month,Mailed check,1
CUST_07509,71,4,24.88,197.16,Month-to-month,Bank transfer,0
CUST_07510,21,11,51.96,581.95,Month-to-month,Electronic check,1
CUST_07511,28,26,59.5,1536.75,Two year,Mailed check,0
CUST_07512,49,62,44.81,2727.95,Month-to-month,Mailed check,0
CUST_07513,66,40,23.87,909.84,One year,Credit card,0
CUST_07514,24,8,51.88,419.83,One year,Credit card,0
CUST_07515,63,13,99.26,1259.01,Two year,Credit card,0
CUST_07516,28,2,56.01,141.94,One year,Bank transfer,0
CUST_07517,45,2,52.34,83.62,One year,Bank transfer,1
CUST_07518,71,15,114.18,1856.14,Two year,Electronic check,0
CUST_07519,58,18,24.16,446.48,One year,Electronic check,0
CUST_07520,40,7,96.73,598.13,Two year,Credit card,1
CUST_07521,62,24,68.31,1648.91,Month-to-month,Bank transfer,0
CUST_07522,40,29,114.45,3300.54,One year,Credit card,0
CUST_07523,67,8,59.35,510.67,Two year,Bank transfer,0
CUST_07524,45,34,90.8,3087.46,Two year,Mailed check,0
CUST_07525,60,5,26.99,155.69,Two year,Electronic check,1
CUST_07526,64,18,112.88,2167.48,One year,Credit card,0
CUST_07527,74,39,54.45,2112.94,Two year,Mailed check,0
CUST_07528,43,18,72.4,1340.01,Month-to-month,Electronic check,1
CUST_07529,42,57,33.85,1984.81,Month-to-month,Electronic check,1
CUST_07530,71,1,114.56,130.16,Month-to-month,Bank transfer,1
CUST_07531,46,21,87.3,1752.72,Two year,Electronic check,1
CUST_07532,36,19,25.39,521.3,Month-to-month,Electronic check,1
CUST_07533,50,25,35.52,788.48,One year,Bank transfer,0
CUST_07534,53,43,59.98,2664.53,Month-to-month,Electronic check,0
CUST_07535,31,31,41.68,1226.87,Month-to-month,Mailed check,0
CUST_07536,31,37,50.46,1965.14,One year,Mailed check,0
CUST_07537,52,8,119.75,962.19,One year,Mailed check,1
CUST_07538,47,11,85.86,988.17,Month-to-month,Bank transfer,1
CUST_07539,45,23,112.22,2606.62,One year,Electronic check,0
CUST_07540,34,19,63.58,1256.62,Month-to-month,Mailed check,1
CUST_07541,20,72,91.03,6455.61,One year,Mailed check,0
CUST_07542,33,4,65.97,231.73,Month-to-month,Credit card,1
CUST_07543,63,10,52.82,548.55,One year,Bank transfer,0
CUST_07544,47,20,71.92,1441.01,Month-to-month,Credit card,0
CUST_07545,69,48,62.73,2990.97,One year,Bank transfer,0
CUST_07546,46,63,118.05,7446.75,Month-to-month,Electronic check,1
CUST_07547,62,9,69.62,615.55,Month-to-month,Bank transfer,1
CUST_07548,32,1,101.11,211.53,Month-to-month,Bank transfer,1
CUST_07549,63,13,86.68,1193.98,One year,Credit card,0
CUST_07550,73,12,67.96,889.74,One year,Electronic check,0
CUST_07551,42,72,67.42,4944.61,Two year,Electronic check,0
CUST_07552,68,13,54.19,729.02,Two year,Credit card,0
CUST_07553,55,8,30.7,198.89,One year,Bank transfer,1
CUST_07554,59,10,96.15,947.54,One year,Bank transfer,1
CUST_07555,64,12,111.81,1359.34,One year,Bank transfer,1
CUST_07556,70,41,41.8,1721.4,One year,Electronic check,1
CUST_07557,71,2,112.57,158.85,One year,Bank transfer,0
CUST_07558,69,9,43.23,406.92,Month-to-month,Credit card,0
CUST_07559,55,72,73.01,5200.72,Month-to-month,Credit card,1
CUST_07560,40,3,54.36,260.2,One year,Electronic check,0
CUST_07561,42,32,31.45,1045.38,One year,Bank transfer,0
CUST_07562,59,10,25.28,243.28,Month-to-month,Electronic check,1
CUST_07563,24,20,56.53,1133.79,Month-to-month,Credit card,1
CUST_07564,39,2,24.73,135.74,One year,Bank transfer,0
CUST_07565,34,8,30.42,168.61,Two year,Credit card,0
CUST_07566,35,16,34.23,523.69,Month-to-month,Bank transfer,1
CUST_07567,66,6,20.19,147.82,One year,Credit card,0
CUST_07568,58,18,35.33,533.1,Two year,Credit card,0
CUST_07569,27,5,77.73,381.64,Month-to-month,Electronic check,1
CUST_07570,27,25,101.95,2526.54,Two year,Bank transfer,0
CUST_07571,74,56,39.34,2326.48,Two year,Bank transfer,0
CUST_07572,24,2,28.09,49.44,Month-to-month,Electronic check,0
CUST_07573,65,5,92.95,413.18,Month-to-month,Credit card,1
CUST_07574,67,44,20.82,871.81,Month-to-month,Mailed check,1
CUST_07575,55,23,93.42,2014.02,Month-to-month,Electronic check,1
CUST_07576,44,1,33.11,117.41,Two year,Electronic check,0
CUST_07577,69,15,42.83,647.87,Month-to-month,Bank transfer,1
CUST_07578,50,5,32.01,151.34,Two year,Credit card,0
CUST_07579,18,5,44.73,270.68,Month-to-month,Bank transfer,0
CUST_07580,61,67,99.82,6715.36,Two year,Electronic check,1
CUST_07581,70,34,33.25,1131.3,Month-to-month,Electronic check,1
CUST_07582,51,28,119.42,3293.67,One year,Credit card,0
CUST_07583,21,6,52.71,289.17,Month-to-month,Electronic check,1
CUST_07584,34,3,112.2,342.83,Month-to-month,Credit card,1
CUST_07585,21,49,39.0,1944.45,Month-to-month,Credit card,1
CUST_07586,60,0,38.79,0.0,Month-to-month,Bank transfer,1
CUST_07587,71,11,76.53,837.54,Month-to-month,Credit card,1
CUST_07588,43,7,25.06,240.07,One year,Electronic check,0
CUST_07589,21,20,100.1,1940.02,Month-to-month,Credit card,0
CUST_07590,18,6,63.96,420.97,One year,Electronic check,1
CUST_07591,24,8,89.92,654.36,One year,Bank transfer,0
CUST_07592,47,45,37.46,1659.1,One year,Bank transfer,0
CUST_07593,67,22,84.24,1754.28,Two year,Bank transfer,0
CUST_07594,26,3,79.41,253.31,Two year,Electronic check,0
CUST_07595,52,31,95.57,2924.18,Month-to-month,Credit card,1
CUST_07596,25,5,49.74,148.86,Month-to-month,Bank transfer,1
CUST_07597,41,13,113.32,1480.08,One year,Credit card,0
CUST_07598,36,24,116.13,2840.12,One year,Bank transfer,0
CUST_07599,53,7,106.81,768.13,Month-to-month,Bank transfer,1
CUST_07600,67,11,77.2,867.2,One year,Credit card,0
CUST_07601,69,31,62.03,1962.15,Month-to-month,Credit card,0
CUST_07602,60,66,25.8,1666.84,Month-to-month,Bank transfer,1
CUST_07603,44,18,114.72,2070.44,One year,Credit card,1
CUST_07604,49,0,115.18,109.94,Month-to-month,Bank transfer,1
CUST_07605,31,9,21.87,204.18,Month-to-month,Mailed check,1
CUST_07606,74,12,55.69,626.5,Month-to-month,Credit card,1
CUST_07607,35,9,108.0,989.46,Month-to-month,Credit card,1
CUST_07608,45,13,28.09,346.14,Month-to-month,Electronic check,1
CUST_07609,46,24,39.66,949.97,Month-to-month,Electronic check,1
CUST_07610,33,3,117.87,390.83,Month-to-month,Bank transfer,1
CUST_07611,52,7,104.73,706.18,Month-to-month,Credit card,1
CUST_07612,64,17,111.21,1747.77,Month-to-month,Electronic check,1
CUST_07613,48,9,34.22,299.32,Month-to-month,Credit card,1
CUST_07614,21,72,41.13,2985.99,Month-to-month,Mailed check,1
CUST_07615,54,13,80.54,1134.42,One year,Mailed check,0
CUST_07616,34,48,70.17,3421.69,One year,Electronic check,0
CUST_07617,56,54,49.85,2675.25,One year,Credit card,0
CUST_07618,65,43,108.38,4684.33,One year,Electronic check,1
CUST_07619,63,1,110.14,97.85,Month-to-month,Electronic check,1
CUST_07620,43,70,49.17,3486.16,Two year,Mailed check,0
CUST_07621,65,3,35.58,98.81,Month-to-month,Electronic check,1
CUST_07622,56,0,34.91,37.71,Month-to-month,Electronic check,0
CUST_07623,58,12,68.44,904.7,Month-to-month,Mailed check,0
CUST_07624,21,5,33.29,293.81,Two year,Bank transfer,0
CUST_07625,47,4,67.33,194.77,Two year,Bank transfer,0
CUST_07626,47,8,66.19,439.81,Two year,Electronic check,1
CUST_07627,39,6,108.41,603.63,Month-to-month,Credit card,1
CUST_07628,28,27,49.62,1336.9,Two year,Mailed check,0
CUST_07629,19,4,76.07,277.89,Month-to-month,Credit card,1
CUST_07630,61,18,94.35,1760.74,One year,Mailed check,0
CUST_07631,29,72,79.59,5690.88,Two year,Credit card,0
CUST_07632,47,13,115.41,1444.66,One year,Mailed check,0
CUST_07633,53,24,80.23,1992.38,Month-to-month,Bank transfer,1
CUST_07634,35,72,110.19,7960.87,One year,Mailed check,1
CUST_07635,43,3,44.51,148.4,Month-to-month,Mailed check,1
CUST_07636,70,13,76.08,933.37,Month-to-month,Bank transfer,1
CUST_07637,24,45,74.33,3398.46,One year,Bank transfer,0
CUST_07638,18,64,118.95,7601.31,Month-to-month,Credit card,1
CUST_07639,43,22,40.45,896.67,Month-to-month,Bank transfer,1
CUST_07640,40,3,34.1,119.34,One year,Electronic check,0
CUST_07641,43,55,81.17,4533.66,One year,Credit card,0
CUST_07642,62,4,42.37,191.68,Month-to-month,Bank transfer,1
CUST_07643,23,10,83.92,804.95,Month-to-month,Mailed check,1
CUST_07644,23,11,117.25,1289.43,Two year,Credit card,0
CUST_07645,61,14,114.65,1639.05,Month-to-month,Credit card,0
CUST_07646,25,37,43.11,1680.01,One year,Electronic check,0
CUST_07647,41,38,37.09,1389.12,Two year,Electronic check,0
CUST_07648,39,30,76.07,2257.45,One year,Electronic check,0
CUST_07649,36,0,78.68,38.12,Month-to-month,Bank transfer,1
CUST_07650,54,19,86.23,1594.2,Month-to-month,Bank transfer,0
CUST_07651,35,33,94.15,3075.37,One year,Bank transfer,0
CUST_07652,48,14,80.1,1122.68,One year,Bank transfer,0
CUST_07653,54,69,31.18,2173.27,One year,Electronic check,0
CUST_07654,47,41,99.02,4110.76,Month-to-month,Electronic check,1
CUST_07655,74,24,27.95,679.01,Month-to-month,Credit card,0
CUST_07656,59,1,22.0,26.38,Month-to-month,Credit card,0
CUST_07657,50,25,96.97,2452.88,One year,Electronic check,0
CUST_07658,27,58,74.84,4264.08,One year,Electronic check,1
CUST_07659,54,11,89.86,992.43,Month-to-month,Mailed check,1
CUST_07660,29,43,58.27,2586.27,One year,Electronic check,0
CUST_07661,71,9,21.11,229.12,One year,Electronic check,1
CUST_07662,47,20,53.1,1060.73,Two year,Mailed check,0
CUST_07663,44,25,80.81,2057.03,Month-to-month,Electronic check,1
CUST_07664,56,27,42.57,1087.71,One year,Bank transfer,0
CUST_07665,26,51,88.78,4549.45,Month-to-month,Credit card,0
CUST_07666,71,6,99.44,594.93,One year,Credit card,0
CUST_07667,38,7,65.43,463.17,One year,Bank transfer,0
CUST_07668,29,29,107.57,3101.07,One year,Bank transfer,0
CUST_07669,72,4,105.48,492.11,Month-to-month,Bank transfer,1
CUST_07670,46,14,107.81,1484.63,One year,Electronic check,1
CUST_07671,50,0,86.1,0.0,Month-to-month,Bank transfer,1
CUST_07672,60,3,50.48,77.41,Two year,Mailed check,0
CUST_07673,70,27,68.13,1731.81,Month-to-month,Electronic check,1
CUST_07674,32,33,91.05,3015.58,Month-to-month,Bank transfer,1
CUST_07675,19,2,41.06,42.93,Month-to-month,Electronic check,1
CUST_07676,69,6,93.88,498.15,Month-to-month,Credit card,1
CUST_07677,56,2,74.81,136.44,Month-to-month,Credit card,1
CUST_07678,70,13,29.6,418.97,Month-to-month,Electronic check,0
CUST_07679,61,3,75.73,222.25,Month-to-month,Electronic check,1
CUST_07680,71,13,26.68,353.54,Month-to-month,Electronic check,0
CUST_07681,35,31,21.43,722.91,Two year,Credit card,0
CUST_07682,20,27,108.96,2983.1,Month-to-month,Electronic check,1
CUST_07683,24,7,68.99,488.5,Two year,Mailed check,0
CUST_07684,60,26,74.33,1883.34,Two year,Electronic check,1
CUST_07685,35,63,47.99,2996.02,Month-to-month,Mailed check,1
CUST_07686,61,10,74.27,744.13,Month-to-month,Credit card,0
CUST_07687,55,9,36.89,367.89,Month-to-month,Mailed check,1
CUST_07688,54,20,94.56,1908.24,One year,Credit card,0
CUST_07689,50,6,102.33,583.07,One year,Bank transfer,0
CUST_07690,61,25,105.59,2659.8,Month-to-month,Bank transfer,0
CUST_07691,48,42,30.67,1373.43,Month-to-month,Bank transfer,0
CUST_07692,28,14,75.78,1075.51,One year,Credit card,1
CUST_07693,21,27,100.88,2754.57,Month-to-month,Credit card,0
CUST_07694,35,25,32.82,803.18,Two year,Bank transfer,0
CUST_07695,21,0,29.95,0.0,Month-to-month,Bank transfer,0
CUST_07696,66,4,101.69,322.39,Month-to-month,Electronic check,0
CUST_07697,51,53,99.67,5289.35,Month-to-month,Credit card,1
CUST_07698,46,67,64.87,4208.35,One year,Electronic check,0
CUST_07699,41,36,30.97,1038.78,Month-to-month,Mailed check,0
CUST_07700,39,60,71.61,4313.39,Month-to-month,Bank transfer,0
CUST_07701,19,8,59.48,426.4,Month-to-month,Electronic check,0
CUST_07702,61,6,71.85,332.04,Month-to-month,Bank transfer,0
CUST_07703,23,11,63.99,707.3,One year,Electronic check,1
CUST_07704,59,1,76.85,0.0,Month-to-month,Credit card,1
CUST_07705,42,39,92.71,3668.26,One year,Credit card,1
CUST_07706,72,72,97.49,7042.94,Month-to-month,Bank transfer,0
CUST_07707,74,41,84.9,3572.28,One year,Mailed check,1
CUST_07708,38,19,39.89,777.47,One year,Electronic check,0
CUST_07709,72,8,59.71,572.01,One year,Credit card,0
CUST_07710,33,5,27.12,87.27,One year,Mailed check,1
CUST_07711,48,10,65.17,621.45,Month-to-month,Electronic check,1
CUST_07712,31,26,117.03,3057.4,Two year,Credit card,1
CUST_07713,56,14,84.17,1172.09,One year,Bank transfer,0
CUST_07714,45,65,35.46,2312.16,Month-to-month,Electronic check,1
CUST_07715,49,46,46.86,2154.07,Month-to-month,Credit card,1
CUST_07716,45,2,26.46,42.57,Month-to-month,Credit card,1
CUST_07717,68,3,38.24,67.85,One year,Mailed check,1
CUST_07718,72,27,68.78,1820.4,Month-to-month,Electronic check,1
CUST_07719,66,6,54.49,282.26,Two year,Bank transfer,0
CUST_07720,26,37,40.4,1445.72,Month-to-month,Credit card,1
CUST_07721,62,21,34.66,731.14,One year,Electronic check,1
CUST_07722,39,6,85.61,477.82,One year,Electronic check,1
CUST_07723,49,15,75.81,1110.92,Two year,Bank transfer,1
CUST_07724,22,12,104.26,1321.13,Month-to-month,Bank transfer,1
CUST_07725,40,49,38.33,1902.08,Two year,Credit card,0
CUST_07726,22,0,104.8,40.46,Two year,Credit card,0
CUST_07727,59,54,77.79,4256.76,Two year,Credit card,0
CUST_07728,70,25,46.62,1247.68,Two year,Bank transfer,0
CUST_07729,49,32,47.36,1514.92,Two year,Credit card,0
CUST_07730,27,0,59.04,13.69,One year,Electronic check,0
CUST_07731,56,23,66.01,1492.43,Two year,Electronic check,0
CUST_07732,32,21,28.25,551.3,One year,Bank transfer,0
CUST_07733,24,18,104.2,1801.07,One year,Credit card,1
CUST_07734,46,36,32.15,1106.74,One year,Bank transfer,0
CUST_07735,64,19,68.35,1272.43,Two year,Bank transfer,0
CUST_07736,20,46,58.3,2691.79,Month-to-month,Electronic check,1
CUST_07737,36,6,71.23,370.31,Two year,Electronic check,0
CUST_07738,27,39,108.75,4192.64,Month-to-month,Credit card,1
CUST_07739,45,4,118.91,371.02,Month-to-month,Electronic check,1
CUST_07740,46,40,22.03,846.85,Month-to-month,Mailed check,0
CUST_07741,32,67,59.32,3977.56,Month-to-month,Credit card,1
CUST_07742,52,9,101.76,918.45,Two year,Electronic check,0
CUST_07743,23,18,52.66,931.77,Month-to-month,Electronic check,1
CUST_07744,29,25,84.9,2110.0,One year,Bank transfer,1
CUST_07745,64,1,119.23,119.5,Month-to-month,Mailed check,1
CUST_07746,55,16,84.68,1417.14,Two year,Mailed check,1
CUST_07747,30,10,31.12,293.25,Two year,Bank transfer,0
CUST_07748,46,49,104.29,5103.18,Month-to-month,Mailed check,1
CUST_07749,36,50,116.67,5768.72,Month-to-month,Credit card,1
CUST_07750,20,28,91.25,2578.52,Month-to-month,Credit card,0
CUST_07751,25,25,61.91,1544.58,Month-to-month,Credit card,0
CUST_07752,25,31,114.84,3533.53,Month-to-month,Bank transfer,1
CUST_07753,72,10,116.86,1109.65,Two year,Mailed check,1
CUST_07754,37,12,113.51,1379.54,Two year,Mailed check,0
CUST_07755,64,19,61.18,1107.87,Month-to-month,Mailed check,1
CUST_07756,21,66,98.97,6558.58,Two year,Mailed check,0
CUST_07757,68,30,85.42,2652.18,Month-to-month,Electronic check,1
CUST_07758,38,19,37.97,779.02,Month-to-month,Electronic check,1
CUST_07759,20,35,73.55,2575.76,One year,Credit card,1
CUST_07760,62,11,94.77,1073.68,Month-to-month,Mailed check,1
CUST_07761,25,31,109.59,3362.54,Month-to-month,Credit card,0
CUST_07762,40,12,106.26,1209.43,Month-to-month,Bank transfer,1
CUST_07763,33,7,35.47,254.93,One year,Credit card,0
CUST_07764,30,22,68.8,1483.58,Two year,Bank transfer,1
CUST_07765,20,27,67.83,1762.81,One year,Electronic check,0
CUST_07766,65,14,109.87,1452.67,One year,Mailed check,1
CUST_07767,26,20,20.19,388.8,One year,Bank transfer,0
CUST_07768,31,28,93.87,2678.02,Month-to-month,Mailed check,0
CUST_07769,30,35,81.86,2857.26,Two year,Electronic check,1
CUST_07770,70,54,112.16,6046.44,One year,Bank transfer,0
CUST_07771,74,10,65.69,654.26,Month-to-month,Electronic check,1
CUST_07772,24,72,85.77,6127.67,Month-to-month,Bank transfer,0
CUST_07773,32,24,117.27,2792.49,Two year,Electronic check,1
CUST_07774,24,37,94.39,3555.1,Month-to-month,Credit card,1
CUST_07775,55,28,26.74,825.09,Two year,Mailed check,0
CUST_07776,51,5,36.75,235.94,Month-to-month,Credit card,0
CUST_07777,58,1,102.15,140.66,One year,Electronic check,1
CUST_07778,39,31,53.48,1735.26,Month-to-month,Bank transfer,0
CUST_07779,41,17,90.59,1485.62,Two year,Electronic check,0
CUST_07780,66,29,89.98,2745.58,One year,Credit card,0
CUST_07781,54,15,119.37,1687.72,Month-to-month,Electronic check,1
CUST_07782,61,8,66.99,519.67,Month-to-month,Credit card,0
CUST_07783,18,8,93.78,576.79,Month-to-month,Bank transfer,1
CUST_07784,27,31,24.88,808.9,Two year,Electronic check,0
CUST_07785,60,7,66.26,405.46,One year,Mailed check,0
CUST_07786,33,30,38.67,1107.11,Two year,Credit card,1
CUST_07787,63,11,104.06,1213.23,Month-to-month,Electronic check,1
CUST_07788,25,35,103.99,3627.45,One year,Bank transfer,0
CUST_07789,73,3,43.64,162.83,Two year,Bank transfer,0
CUST_07790,66,5,51.83,235.84,One year,Mailed check,0
CUST_07791,42,27,90.25,2389.26,Month-to-month,Credit card,0
CUST_07792,67,19,93.83,1827.44,One year,Electronic check,1
CUST_07793,29,5,85.76,437.37,One year,Bank transfer,0
CUST_07794,42,55,119.67,6592.54,One year,Bank transfer,0
CUST_07795,34,7,106.87,718.32,Month-to-month,Electronic check,1
CUST_07796,43,13,61.71,794.05,Month-to-month,Electronic check,0
CUST_07797,63,5,52.7,233.62,Two year,Mailed check,1
CUST_07798,65,11,79.68,914.46,Month-to-month,Bank transfer,1
CUST_07799,31,16,101.76,1629.73,Month-to-month,Electronic check,1
CUST_07800,58,8,67.53,571.37,One year,Electronic check,1
CUST_07801,53,35,93.77,3266.06,One year,Electronic check,1
CUST_07802,74,12,21.92,352.62,Two year,Bank transfer,0
CUST_07803,40,31,112.58,3486.71,Month-to-month,Electronic check,1
CUST_07804,60,5,97.38,504.63,One year,Bank transfer,0
CUST_07805,23,11,59.42,682.68,Month-to-month,Electronic check,1
CUST_07806,64,0,58.4,0.0,Month-to-month,Credit card,1
CUST_07807,22,34,30.29,1012.54,Month-to-month,Electronic check,1
CUST_07808,60,23,101.62,2365.66,One year,Mailed check,0
CUST_07809,42,40,96.86,3797.51,One year,Bank transfer,0
CUST_07810,35,14,83.02,1183.76,Month-to-month,Mailed check,1
CUST_07811,30,38,30.15,1075.46,Month-to-month,Electronic check,0
CUST_07812,60,25,46.23,1081.2,One year,Credit card,0
CUST_07813,31,0,65.89,0.0,Month-to-month,Electronic check,1
CUST_07814,45,7,46.6,349.61,Month-to-month,Electronic check,1
CUST_07815,35,16,63.4,1146.85,One year,Electronic check,0
CUST_07816,74,23,42.6,916.2,Month-to-month,Credit card,0
CUST_07817,45,1,54.96,58.32,One year,Electronic check,0
CUST_07818,68,29,85.23,2520.94,One year,Mailed check,0
CUST_07819,73,18,109.24,1991.96,Month-to-month,Electronic check,1
CUST_07820,44,17,58.5,960.54,Two year,Bank transfer,0
CUST_07821,49,8,89.19,747.87,One year,Bank transfer,0
CUST_07822,64,21,33.48,677.36,Month-to-month,Bank transfer,1
CUST_07823,26,0,74.08,0.0,One year,Credit card,0
CUST_07824,57,1,112.17,67.69,One year,Bank transfer,1
CUST_07825,49,31,22.79,760.53,One year,Credit card,0
CUST_07826,37,9,46.76,435.57,One year,Bank transfer,0
CUST_07827,45,10,33.25,317.92,Two year,Mailed check,0
CUST_07828,50,5,73.31,383.03,Two year,Electronic check,1
CUST_07829,21,14,87.96,1236.01,One year,Bank transfer,0
CUST_07830,63,1,25.78,41.2,One year,Mailed check,0
CUST_07831,74,8,27.03,254.86,Month-to-month,Bank transfer,0
CUST_07832,51,17,106.96,1834.08,Two year,Credit card,0
CUST_07833,65,15,65.62,943.31,Month-to-month,Electronic check,1
CUST_07834,20,72,66.3,4686.72,One year,Credit card,0
CUST_07835,43,11,114.46,1297.08,Month-to-month,Mailed check,1
CUST_07836,25,11,52.02,544.14,Month-to-month,Electronic check,1
CUST_07837,23,16,109.7,1811.05,Month-to-month,Bank transfer,1
CUST_07838,33,5,117.43,513.64,Month-to-month,Bank transfer,1
CUST_07839,41,50,44.17,2162.25,Month-to-month,Credit card,0
CUST_07840,65,20,71.4,1421.84,Month-to-month,Bank transfer,1
CUST_07841,56,5,73.44,372.63,Month-to-month,Credit card,0
CUST_07842,47,37,106.62,3992.41,One year,Bank transfer,0
CUST_07843,62,0,50.39,52.34,Month-to-month,Mailed check,1
CUST_07844,30,72,99.8,7183.09,One year,Mailed check,0
CUST_07845,22,48,117.1,5658.47,Two year,Electronic check,1
CUST_07846,42,20,104.03,1988.51,One year,Bank transfer,1
CUST_07847,37,2,110.91,205.23,Month-to-month,Bank transfer,1
CUST_07848,71,5,90.84,494.56,Month-to-month,Credit card,1
CUST_07849,35,7,110.4,776.36,Month-to-month,Mailed check,1
CUST_07850,64,6,36.49,291.75,Two year,Mailed check,0
CUST_07851,35,16,91.24,1412.95,Month-to-month,Electronic check,1
CUST_07852,19,69,93.19,6474.75,One year,Bank transfer,1
CUST_07853,27,14,63.92,870.51,Month-to-month,Credit card,0
CUST_07854,72,26,27.97,751.95,Month-to-month,Electronic check,1
CUST_07855,62,27,82.24,2177.12,One year,Electronic check,0
CUST_07856,67,49,25.19,1241.55,Month-to-month,Bank transfer,1
CUST_07857,64,0,58.24,43.73,Month-to-month,Electronic check,1
CUST_07858,29,12,59.37,751.25,Two year,Mailed check,0
CUST_07859,64,36,119.89,4322.08,Month-to-month,Bank transfer,1
CUST_07860,30,40,49.98,2040.22,One year,Mailed check,0
CUST_07861,67,62,102.05,6359.28,Month-to-month,Electronic check,1
CUST_07862,64,29,25.32,719.29,Two year,Credit card,0
CUST_07863,74,6,72.98,447.31,One year,Mailed check,0
CUST_07864,72,16,73.67,1222.85,Month-to-month,Electronic check,0
CUST_07865,28,0,82.87,93.13,Two year,Mailed check,1
CUST_07866,36,24,101.0,2451.65,Month-to-month,Electronic check,1
CUST_07867,52,19,96.19,1770.02,Month-to-month,Bank transfer,0
CUST_07868,56,26,96.1,2518.7,One year,Bank transfer,0
CUST_07869,70,63,63.23,4075.72,One year,Electronic check,0
CUST_07870,43,27,92.75,2471.83,One year,Bank transfer,0
CUST_07871,63,9,69.13,556.71,One year,Electronic check,1
CUST_07872,31,5,26.7,158.84,One year,Bank transfer,0
CUST_07873,71,46,109.02,5017.94,Two year,Bank transfer,0
CUST_07874,62,5,109.02,549.46,Two year,Electronic check,0
CUST_07875,61,4,52.29,199.2,One year,Electronic check,1
CUST_07876,41,5,111.39,529.39,Month-to-month,Credit card,1
CUST_07877,58,17,95.8,1593.07,Two year,Bank transfer,0
CUST_07878,18,3,60.08,194.78,One year,Credit card,1
CUST_07879,68,66,53.15,3543.7,Two year,Mailed check,0
CUST_07880,60,72,117.51,8443.01,Month-to-month,Bank transfer,1
CUST_07881,72,72,91.26,6636.25,One year,Mailed check,0
CUST_07882,39,0,57.88,2.12,Two year,Bank transfer,1
CUST_07883,40,70,84.2,5932.35,One year,Bank transfer,1
CUST_07884,73,72,77.15,5533.53,One year,Credit card,0
CUST_07885,71,68,72.45,4934.04,Two year,Electronic check,0
CUST_07886,36,26,84.47,2213.83,One year,Mailed check,1
CUST_07887,35,28,73.76,2060.04,One year,Bank transfer,0
CUST_07888,29,3,85.48,198.24,Month-to-month,Bank transfer,1
CUST_07889,72,49,110.76,5490.82,One year,Bank transfer,1
CUST_07890,45,1,119.33,112.5,Month-to-month,Credit card,1
CUST_07891,45,9,90.93,717.8,Month-to-month,Credit card,1
CUST_07892,50,72,112.78,8096.49,One year,Electronic check,0
CUST_07893,36,13,105.84,1455.53,Month-to-month,Bank transfer,1
CUST_07894,45,3,49.5,208.77,Two year,Bank transfer,0
CUST_07895,69,72,113.29,8170.65,One year,Mailed check,0
CUST_07896,66,72,27.08,1992.12,One year,Electronic check,0
CUST_07897,54,4,52.99,282.69,Month-to-month,Electronic check,1
CUST_07898,43,48,83.99,4037.22,Month-to-month,Credit card,0
CUST_07899,52,11,72.69,852.63,Month-to-month,Bank transfer,1
CUST_07900,51,11,74.24,776.91,Month-to-month,Bank transfer,0
CUST_07901,52,7,99.49,643.15,Two year,Credit card,0
CUST_07902,57,1,39.47,40.33,One year,Electronic check,1
CUST_07903,33,7,118.21,864.46,Two year,Bank transfer,0
CUST_07904,55,1,63.75,126.75,One year,Bank transfer,1
CUST_07905,30,61,114.98,7008.87,One year,Bank transfer,0
CUST_07906,40,26,58.31,1474.74,One year,Electronic check,0
CUST_07907,71,52,80.18,4277.43,Month-to-month,Credit card,1
CUST_07908,39,30,65.03,1941.39,One year,Mailed check,0
CUST_07909,33,3,87.59,212.55,Month-to-month,Electronic check,1
CUST_07910,45,67,38.36,2599.09,One year,Bank transfer,0
CUST_07911,65,55,60.06,3472.03,Month-to-month,Bank transfer,0
CUST_07912,52,10,26.84,273.06,One year,Credit card,1
CUST_07913,62,2,79.81,163.49,Month-to-month,Credit card,1
CUST_07914,63,29,116.27,3409.61,Month-to-month,Bank transfer,0
CUST_07915,25,31,24.59,809.15,One year,Electronic check,1
CUST_07916,61,54,85.96,4583.18,Month-to-month,Credit card,1
CUST_07917,72,1,97.51,172.03,Month-to-month,Electronic check,1
CUST_07918,72,3,41.31,117.97,Month-to-month,Electronic check,1
CUST_07919,39,21,47.31,996.84,Month-to-month,Mailed check,0
CUST_07920,38,23,40.16,867.14,Two year,Bank transfer,0
CUST_07921,43,0,49.74,0.0,One year,Electronic check,0
CUST_07922,57,12,31.01,443.35,Two year,Mailed check,0
CUST_07923,38,21,57.03,1254.96,Month-to-month,Bank transfer,1
CUST_07924,42,32,56.89,1843.42,Month-to-month,Mailed check,0
CUST_07925,58,9,100.73,783.01,One year,Electronic check,1
CUST_07926,18,15,100.1,1465.62,Month-to-month,Electronic check,1
CUST_07927,23,40,99.67,4008.59,Month-to-month,Credit card,0
CUST_07928,40,72,76.7,5500.95,One year,Credit card,1
CUST_07929,68,6,52.59,348.34,One year,Electronic check,1
CUST_07930,40,7,61.1,467.6,Month-to-month,Bank transfer,1
CUST_07931,60,67,51.77,3538.9,Month-to-month,Credit card,0
CUST_07932,60,12,78.19,848.12,One year,Electronic check,0
CUST_07933,40,30,113.8,3395.57,Month-to-month,Credit card,1
CUST_07934,49,22,48.45,1027.51,Two year,Credit card,0
CUST_07935,47,8,65.89,498.9,Two year,Electronic check,0
CUST_07936,30,25,85.51,2133.76,Two year,Electronic check,1
CUST_07937,60,25,104.47,2624.0,Month-to-month,Credit card,1
CUST_07938,35,21,45.33,984.76,Month-to-month,Mailed check,1
CUST_07939,40,2,48.03,57.44,Two year,Electronic check,0
CUST_07940,32,72,108.52,7797.35,Month-to-month,Bank transfer,0
CUST_07941,50,12,28.03,342.66,Month-to-month,Electronic check,1
CUST_07942,38,24,80.54,1936.49,Month-to-month,Credit card,1
CUST_07943,74,52,106.05,5486.12,Month-to-month,Electronic check,1
CUST_07944,56,13,112.17,1427.39,One year,Mailed check,1
CUST_07945,40,35,21.27,734.76,Two year,Credit card,0
CUST_07946,44,72,56.97,4027.93,One year,Credit card,0
CUST_07947,62,10,45.73,392.39,One year,Credit card,1
CUST_07948,61,12,76.8,912.43,Month-to-month,Bank transfer,0
CUST_07949,35,56,83.29,4667.97,One year,Credit card,0
CUST_07950,41,4,119.98,538.55,Month-to-month,Bank transfer,1
CUST_07951,68,0,71.28,0.0,Month-to-month,Credit card,1
CUST_07952,64,57,75.15,4305.53,Month-to-month,Mailed check,0
CUST_07953,57,41,61.43,2589.04,One year,Credit card,0
CUST_07954,68,72,34.77,2517.68,Month-to-month,Bank transfer,0
CUST_07955,59,1,50.33,16.5,Two year,Electronic check,1
CUST_07956,24,4,44.7,161.73,Two year,Electronic check,1
CUST_07957,67,2,100.12,291.08,Month-to-month,Credit card,1
CUST_07958,65,27,74.58,2069.87,Month-to-month,Credit card,0
CUST_07959,37,22,49.62,1059.48,One year,Mailed check,0
CUST_07960,44,10,68.91,651.03,Two year,Bank transfer,0
CUST_07961,23,1,41.89,62.16,Two year,Credit card,1
CUST_07962,44,24,38.51,946.98,Month-to-month,Electronic check,0
CUST_07963,26,20,105.99,2190.44,Month-to-month,Electronic check,1
CUST_07964,70,2,114.48,218.63,Month-to-month,Bank transfer,1
CUST_07965,62,57,28.0,1521.11,Month-to-month,Electronic check,1
CUST_07966,74,5,96.49,468.75,Month-to-month,Mailed check,1
CUST_07967,48,32,65.33,2066.5,One year,Electronic check,0
CUST_07968,38,51,58.9,2868.33,Month-to-month,Credit card,1
CUST_07969,43,20,88.94,1765.04,Two year,Electronic check,1
CUST_07970,57,6,46.63,327.72,Month-to-month,Electronic check,0
CUST_07971,65,8,22.06,213.9,Month-to-month,Electronic check,1
CUST_07972,62,52,41.4,2136.56,Month-to-month,Mailed check,0
CUST_07973,30,8,38.49,286.61,Month-to-month,Electronic check,1
CUST_07974,66,32,23.4,722.79,One year,Electronic check,0
CUST_07975,40,72,52.13,3726.3,Month-to-month,Mailed check,1
CUST_07976,37,72,67.45,4896.68,Two year,Electronic check,0
CUST_07977,54,18,93.58,1752.19,Two year,Electronic check,0
CUST_07978,71,42,52.57,2245.62,Two year,Bank transfer,0
CUST_07979,70,72,39.45,2804.11,One year,Credit card,0
CUST_07980,45,11,43.06,432.85,One year,Bank transfer,0
CUST_07981,34,6,109.12,727.79,Month-to-month,Credit card,1
CUST_07982,45,2,40.47,85.01,One year,Credit card,0
CUST_07983,58,3,107.92,287.06,Two year,Electronic check,1
CUST_07984,19,46,64.71,2981.27,Month-to-month,Bank transfer,0
CUST_07985,42,21,113.44,2315.31,One year,Bank transfer,0
CUST_07986,67,49,60.81,2920.74,Two year,Mailed check,0
CUST_07987,58,37,37.77,1366.88,Two year,Bank transfer,0
CUST_07988,23,26,74.9,1992.16,Month-to-month,Bank transfer,1
CUST_07989,28,22,78.77,1718.61,Month-to-month,Credit card,1
CUST_07990,74,1,83.55,118.4,Month-to-month,Credit card,1
CUST_07991,55,49,61.15,3005.35,One year,Electronic check,0
CUST_07992,23,12,24.86,229.41,Month-to-month,Electronic check,1
CUST_07993,62,19,82.67,1649.47,Month-to-month,Electronic check,1
CUST_07994,28,0,113.3,0.0,Month-to-month,Electronic check,1
CUST_07995,31,66,115.76,7610.89,Month-to-month,Bank transfer,0
CUST_07996,19,55,79.69,4359.32,Month-to-month,Mailed check,1
CUST_07997,57,18,21.99,435.69,One year,Credit card,0
CUST_07998,20,20,30.6,580.84,Two year,Electronic check,0
CUST_07999,72,29,103.4,2955.01,Month-to-month,Electronic check,1
CUST_08000,70,7,102.97,763.43,One year,Credit card,1
CUST_08001,52,6,114.6,673.64,One year,Bank transfer,1
CUST_08002,50,26,76.38,2017.68,Month-to-month,Bank transfer,1
CUST_08003,41,2,106.38,333.46,Two year,Bank transfer,1
CUST_08004,36,14,102.49,1412.96,Month-to-month,Electronic check,1
CUST_08005,35,16,78.94,1285.04,One year,Credit card,0
CUST_08006,66,11,98.36,1020.92,One year,Bank transfer,1
CUST_08007,69,4,32.57,101.05,One year,Electronic check,1
CUST_08008,41,10,83.92,854.33,Month-to-month,Electronic check,1
CUST_08009,62,9,115.35,1109.87,One year,Credit card,1
CUST_08010,52,16,36.2,501.98,One year,Mailed check,1
CUST_08011,18,26,94.4,2473.47,One year,Credit card,1
CUST_08012,53,72,52.08,3692.74,Two year,Bank transfer,0
CUST_08013,42,3,101.71,290.59,One year,Mailed check,0
CUST_08014,62,49,89.72,4367.93,Month-to-month,Electronic check,1
CUST_08015,66,8,112.62,863.07,Month-to-month,Credit card,1
CUST_08016,60,21,91.19,1923.79,One year,Bank transfer,0
CUST_08017,51,18,61.03,1048.24,One year,Mailed check,0
CUST_08018,42,19,21.09,238.4,Month-to-month,Bank transfer,0
CUST_08019,33,30,99.29,2956.86,Month-to-month,Bank transfer,1
CUST_08020,51,11,60.85,628.84,Month-to-month,Electronic check,1
CUST_08021,46,9,87.06,761.0,One year,Bank transfer,0
CUST_08022,36,45,30.51,1332.59,One year,Bank transfer,0
CUST_08023,40,5,109.1,570.14,One year,Electronic check,0
CUST_08024,36,4,63.57,282.69,Month-to-month,Credit card,1
CUST_08025,42,0,111.97,0.0,Month-to-month,Credit card,1
CUST_08026,33,5,90.7,512.39,One year,Electronic check,1
CUST_08027,71,17,32.15,579.26,Month-to-month,Electronic check,1
CUST_08028,68,18,77.92,1378.96,Month-to-month,Bank transfer,1
CUST_08029,26,7,110.99,769.92,One year,Electronic check,1
CUST_08030,18,1,100.0,146.87,Two year,Credit card,1
CUST_08031,59,32,61.8,1954.54,Month-to-month,Bank transfer,0
CUST_08032,36,34,115.51,3963.96,Two year,Credit card,0
CUST_08033,50,72,46.86,3388.32,Month-to-month,Bank transfer,0
CUST_08034,51,55,57.51,3204.35,Month-to-month,Electronic check,1
CUST_08035,33,62,94.97,5916.9,One year,Bank transfer,1
CUST_08036,61,38,43.29,1614.34,One year,Bank transfer,0
CUST_08037,57,22,71.54,1580.9,Month-to-month,Credit card,0
CUST_08038,72,3,92.88,319.9,One year,Credit card,1
CUST_08039,35,23,84.4,1977.92,Month-to-month,Bank transfer,1
CUST_08040,51,1,35.54,67.97,One year,Electronic check,0
CUST_08041,42,51,82.97,4219.95,Month-to-month,Bank transfer,1
CUST_08042,62,15,77.27,1231.71,One year,Electronic check,1
CUST_08043,23,28,75.78,2138.59,One year,Electronic check,0
CUST_08044,38,1,102.6,185.43,One year,Mailed check,1
CUST_08045,23,18,38.39,631.98,One year,Electronic check,0
CUST_08046,49,8,95.16,746.2,One year,Credit card,1
CUST_08047,58,8,96.09,760.09,One year,Electronic check,0
CUST_08048,65,11,92.26,1056.35,Two year,Bank transfer,1
CUST_08049,60,0,70.6,0.0,One year,Bank transfer,1
CUST_08050,56,15,59.55,853.61,One year,Credit card,1
CUST_08051,48,15,59.47,939.87,One year,Bank transfer,0
CUST_08052,59,47,93.38,4381.3,One year,Credit card,1
CUST_08053,27,14,69.79,1005.38,Month-to-month,Mailed check,1
CUST_08054,47,10,53.84,496.89,One year,Credit card,0
CUST_08055,74,72,82.55,5978.54,Month-to-month,Electronic check,1
CUST_08056,69,20,103.7,2116.4,Month-to-month,Mailed check,1
CUST_08057,35,15,26.15,455.8,One year,Credit card,0
CUST_08058,41,16,117.21,1825.21,Month-to-month,Credit card,1
CUST_08059,69,39,29.67,1097.31,Two year,Electronic check,0
CUST_08060,26,9,71.17,635.88,One year,Bank transfer,0
CUST_08061,48,11,76.02,896.91,One year,Mailed check,0
CUST_08062,32,33,33.82,1071.33,Month-to-month,Bank transfer,0
CUST_08063,21,1,111.56,57.46,One year,Bank transfer,1
CUST_08064,57,48,67.15,3198.28,One year,Electronic check,0
CUST_08065,26,13,34.31,455.3,Month-to-month,Credit card,0
CUST_08066,62,20,91.16,1828.96,Two year,Electronic check,0
CUST_08067,26,33,86.34,2804.83,Month-to-month,Credit card,0
CUST_08068,43,7,116.29,777.4,One year,Credit card,1
CUST_08069,21,53,64.15,3395.31,Two year,Electronic check,0
CUST_08070,34,72,46.78,3330.85,Two year,Bank transfer,0
CUST_08071,33,16,26.0,363.33,One year,Electronic check,0
CUST_08072,32,66,93.31,6184.94,One year,Electronic check,0
CUST_08073,52,0,81.73,0.0,Two year,Credit card,1
CUST_08074,74,53,117.26,6189.82,Two year,Electronic check,1
CUST_08075,69,8,91.22,712.46,One year,Mailed check,1
CUST_08076,22,8,113.32,921.18,One year,Credit card,1
CUST_08077,72,6,119.16,717.79,One year,Electronic check,1
CUST_08078,22,9,62.84,537.67,Month-to-month,Bank transfer,1
CUST_08079,37,5,35.03,167.91,Month-to-month,Bank transfer,0
CUST_08080,32,56,39.59,2206.44,One year,Credit card,0
CUST_08081,35,55,51.84,2923.9,Month-to-month,Credit card,0
CUST_08082,64,2,70.89,140.88,One year,Mailed check,0
CUST_08083,19,3,32.24,55.79,One year,Bank transfer,0
CUST_08084,46,47,50.17,2278.44,Month-to-month,Credit card,0
CUST_08085,30,12,50.78,656.68,Month-to-month,Credit card,0
CUST_08086,21,4,20.41,77.42,One year,Bank transfer,0
CUST_08087,59,17,55.42,958.02,Two year,Bank transfer,0
CUST_08088,62,12,31.62,418.43,One year,Bank transfer,0
CUST_08089,27,5,62.97,277.15,Month-to-month,Credit card,0
CUST_08090,48,30,39.65,1150.63,One year,Bank transfer,0
CUST_08091,58,23,102.21,2353.8,Two year,Electronic check,0
CUST_08092,25,2,28.05,171.54,One year,Mailed check,0
CUST_08093,20,62,106.57,6571.4,Month-to-month,Bank transfer,1
CUST_08094,65,19,78.05,1456.79,Month-to-month,Bank transfer,1
CUST_08095,63,6,65.86,436.98,Month-to-month,Credit card,1
CUST_08096,26,5,74.97,404.57,Month-to-month,Bank transfer,1
CUST_08097,47,3,57.61,147.87,Month-to-month,Electronic check,1
CUST_08098,70,13,32.76,346.51,One year,Electronic check,0
CUST_08099,28,3,96.59,276.69,One year,Bank transfer,0
CUST_08100,52,12,112.79,1444.23,One year,Electronic check,1
CUST_08101,54,3,115.01,322.86,Month-to-month,Credit card,1
CUST_08102,59,25,87.07,2217.27,One year,Electronic check,0
CUST_08103,30,36,61.03,2141.88,One year,Bank transfer,1
CUST_08104,53,19,67.84,1330.88,Two year,Electronic check,0
CUST_08105,73,27,85.7,2358.22,Month-to-month,Electronic check,0
CUST_08106,30,66,102.31,6753.93,Month-to-month,Electronic check,1
CUST_08107,29,24,57.46,1440.5,Month-to-month,Bank transfer,0
CUST_08108,54,10,111.68,1111.35,One year,Bank transfer,1
CUST_08109,27,14,52.43,833.08,Two year,Electronic check,1
CUST_08110,73,47,73.09,3429.28,One year,Mailed check,0
CUST_08111,26,3,116.14,331.67,Two year,Bank transfer,1
CUST_08112,69,9,113.82,1040.9,One year,Bank transfer,1
CUST_08113,24,20,89.57,1731.33,Month-to-month,Electronic check,0
CUST_08114,19,27,52.46,1428.32,Two year,Credit card,0
CUST_08115,71,34,41.9,1383.66,Month-to-month,Electronic check,0
CUST_08116,73,9,28.01,300.63,Month-to-month,Credit card,1
CUST_08117,40,3,90.87,317.0,Two year,Electronic check,1
CUST_08118,56,72,70.35,5027.17,Month-to-month,Bank transfer,0
CUST_08119,57,1,77.23,55.02,Month-to-month,Mailed check,1
CUST_08120,56,2,67.24,182.98,Month-to-month,Bank transfer,1
CUST_08121,38,16,68.29,1190.08,One year,Bank transfer,0
CUST_08122,40,41,77.13,3162.89,Month-to-month,Electronic check,0
CUST_08123,46,35,111.43,3941.63,Month-to-month,Mailed check,0
CUST_08124,31,66,22.94,1551.78,One year,Electronic check,1
CUST_08125,43,3,100.16,338.58,Two year,Bank transfer,1
CUST_08126,68,11,59.05,534.64,Month-to-month,Credit card,1
CUST_08127,22,7,94.49,615.98,One year,Mailed check,1
CUST_08128,72,47,114.85,5471.5,One year,Bank transfer,0
CUST_08129,48,16,50.63,770.91,Month-to-month,Electronic check,1
CUST_08130,42,0,28.96,0.0,Month-to-month,Mailed check,0
CUST_08131,48,29,43.23,1352.21,One year,Electronic check,0
CUST_08132,67,11,42.21,439.78,One year,Electronic check,0
CUST_08133,37,18,94.18,1702.11,Month-to-month,Electronic check,1
CUST_08134,61,53,26.19,1409.15,Month-to-month,Credit card,0
CUST_08135,72,7,25.09,233.99,Month-to-month,Credit card,0
CUST_08136,34,6,89.36,566.87,One year,Credit card,0
CUST_08137,62,7,75.67,503.96,One year,Credit card,0
CUST_08138,19,9,61.78,556.56,One year,Bank transfer,0
CUST_08139,42,2,77.54,143.74,One year,Electronic check,0
CUST_08140,30,28,93.52,2663.9,Two year,Bank transfer,0
CUST_08141,56,5,30.35,149.6,Two year,Bank transfer,0
CUST_08142,45,62,75.33,4681.58,One year,Bank transfer,0
CUST_08143,59,5,102.44,488.32,One year,Bank transfer,1
CUST_08144,72,7,56.24,493.88,Month-to-month,Bank transfer,1
CUST_08145,23,8,96.3,729.09,Month-to-month,Bank transfer,1
CUST_08146,20,35,104.54,3765.1,One year,Electronic check,0
CUST_08147,52,13,102.09,1318.24,Two year,Bank transfer,0
CUST_08148,35,41,85.04,3532.32,Month-to-month,Electronic check,1
CUST_08149,28,36,91.73,3308.16,One year,Electronic check,1
CUST_08150,71,63,98.77,6163.05,Two year,Credit card,1
CUST_08151,37,33,93.37,3056.95,Two year,Bank transfer,0
CUST_08152,22,1,65.17,121.3,One year,Credit card,0
CUST_08153,36,43,35.91,1491.74,Month-to-month,Bank transfer,1
CUST_08154,39,66,50.97,3234.62,Month-to-month,Mailed check,1
CUST_08155,36,72,40.72,2841.39,Month-to-month,Credit card,1
CUST_08156,64,3,56.14,168.79,One year,Electronic check,1
CUST_08157,33,22,68.93,1467.37,Month-to-month,Credit card,0
CUST_08158,41,5,115.9,582.42,Month-to-month,Bank transfer,1
CUST_08159,58,7,115.95,841.17,One year,Credit card,1
CUST_08160,21,32,96.96,3134.22,One year,Credit card,0
CUST_08161,32,72,118.01,8515.48,One year,Mailed check,0
CUST_08162,42,21,119.8,2617.17,Two year,Credit card,0
CUST_08163,61,45,108.53,4962.9,Month-to-month,Bank transfer,1
CUST_08164,72,0,27.95,0.0,One year,Electronic check,0
CUST_08165,52,0,62.6,31.27,One year,Credit card,0
CUST_08166,72,21,73.41,1570.17,Month-to-month,Credit card,1
CUST_08167,31,11,32.41,301.32,One year,Electronic check,0
CUST_08168,66,52,100.86,5217.24,One year,Credit card,0
CUST_08169,36,8,34.87,197.63,One year,Bank transfer,0
CUST_08170,55,13,58.33,730.73,Month-to-month,Electronic check,1
CUST_08171,53,18,26.89,516.24,Two year,Bank transfer,0
CUST_08172,24,7,72.46,560.68,Two year,Credit card,1
CUST_08173,47,57,79.7,4653.65,Month-to-month,Bank transfer,1
CUST_08174,36,14,93.52,1348.85,Month-to-month,Bank transfer,1
CUST_08175,66,13,53.95,721.74,One year,Credit card,0
CUST_08176,42,45,79.05,3648.96,Month-to-month,Credit card,1
CUST_08177,33,8,93.41,824.93,One year,Electronic check,0
CUST_08178,64,40,96.2,3820.1,Month-to-month,Mailed check,0
CUST_08179,71,3,50.16,144.32,Two year,Electronic check,0
CUST_08180,57,4,26.77,141.8,Month-to-month,Bank transfer,1
CUST_08181,68,72,23.76,1643.16,Two year,Credit card,0
CUST_08182,25,44,96.81,4279.16,Month-to-month,Electronic check,1
CUST_08183,35,11,58.54,665.88,Month-to-month,Mailed check,1
CUST_08184,45,24,33.39,838.09,Month-to-month,Credit card,0
CUST_08185,33,68,38.45,2658.32,Two year,Credit card,0
CUST_08186,69,5,96.62,466.12,One year,Electronic check,1
CUST_08187,36,1,79.89,101.84,One year,Mailed check,0
CUST_08188,59,18,70.14,1241.8,Month-to-month,Credit card,0
CUST_08189,34,3,82.3,294.85,Month-to-month,Bank transfer,0
CUST_08190,62,4,33.75,145.28,One year,Bank transfer,0
CUST_08191,30,53,51.9,2799.18,One year,Bank transfer,0
CUST_08192,24,0,57.41,0.0,Month-to-month,Bank transfer,0
CUST_08193,44,40,51.45,1993.42,Month-to-month,Bank transfer,0
CUST_08194,27,17,106.44,1825.47,One year,Electronic check,1
CUST_08195,51,19,78.14,1421.98,Month-to-month,Bank transfer,1
CUST_08196,53,26,92.93,2466.83,One year,Credit card,0
CUST_08197,42,13,43.67,618.76,Month-to-month,Credit card,1
CUST_08198,23,2,46.41,115.87,One year,Bank transfer,0
CUST_08199,41,2,42.53,69.37,One year,Bank transfer,1
CUST_08200,35,33,88.8,2913.02,One year,Mailed check,0
CUST_08201,40,5,54.9,319.27,One year,Electronic check,1
CUST_08202,23,0,60.51,30.58,Two year,Credit card,0
CUST_08203,46,72,90.91,6502.45,One year,Electronic check,1
CUST_08204,42,72,117.18,8457.98,Two year,Electronic check,0
CUST_08205,72,11,36.19,472.32,One year,Bank transfer,0
CUST_08206,34,0,26.27,28.37,Month-to-month,Bank transfer,1
CUST_08207,63,31,39.48,1205.3,Month-to-month,Bank transfer,0
CUST_08208,41,42,93.5,3915.87,Month-to-month,Bank transfer,1
CUST_08209,28,3,39.46,99.73,Month-to-month,Bank transfer,1
CUST_08210,43,3,78.44,213.23,One year,Electronic check,1
CUST_08211,68,41,79.03,3179.68,One year,Credit card,0
CUST_08212,51,61,49.44,3021.24,One year,Credit card,0
CUST_08213,45,37,26.87,916.27,One year,Mailed check,0
CUST_08214,20,5,59.92,338.57,One year,Bank transfer,0
CUST_08215,28,12,38.68,447.73,Month-to-month,Mailed check,1
CUST_08216,55,22,38.45,911.99,Month-to-month,Bank transfer,1
CUST_08217,31,4,72.26,239.34,One year,Bank transfer,0
CUST_08218,68,5,87.31,429.77,Month-to-month,Electronic check,1
CUST_08219,43,7,27.54,198.31,Month-to-month,Mailed check,1
CUST_08220,65,17,77.83,1265.37,Month-to-month,Bank transfer,0
CUST_08221,38,17,44.62,783.01,Month-to-month,Credit card,0
CUST_08222,71,40,87.33,3435.78,Month-to-month,Mailed check,0
CUST_08223,73,33,101.02,3355.1,Month-to-month,Bank transfer,1
CUST_08224,56,58,100.7,5914.76,Month-to-month,Mailed check,1
CUST_08225,47,42,56.99,2423.25,Month-to-month,Electronic check,0
CUST_08226,25,7,76.73,514.92,One year,Credit card,0
CUST_08227,68,9,99.37,952.63,Month-to-month,Bank transfer,1
CUST_08228,37,16,26.08,533.43,One year,Bank transfer,0
CUST_08229,65,0,80.56,12.45,Month-to-month,Bank transfer,1
CUST_08230,49,56,103.65,5771.6,Two year,Credit card,0
CUST_08231,39,1,57.24,61.08,One year,Credit card,0
CUST_08232,24,9,65.54,529.02,Month-to-month,Credit card,1
CUST_08233,26,20,89.87,1854.07,Month-to-month,Electronic check,1
CUST_08234,62,17,26.79,470.79,Month-to-month,Credit card,1
CUST_08235,18,25,58.56,1437.65,One year,Mailed check,0
CUST_08236,46,17,49.57,868.75,One year,Electronic check,0
CUST_08237,25,6,21.7,105.39,Month-to-month,Electronic check,1
CUST_08238,73,5,39.6,188.28,Two year,Bank transfer,0
CUST_08239,71,57,59.59,3396.72,Month-to-month,Electronic check,1
CUST_08240,21,7,39.74,368.55,One year,Mailed check,0
CUST_08241,52,7,80.24,505.34,Two year,Bank transfer,0
CUST_08242,20,12,64.87,817.27,Two year,Bank transfer,0
CUST_08243,71,3,23.95,36.67,One year,Bank transfer,0
CUST_08244,62,16,47.5,848.22,Two year,Bank transfer,0
CUST_08245,57,26,21.95,524.86,Two year,Credit card,0
CUST_08246,24,37,55.81,2020.29,Two year,Credit card,0
CUST_08247,44,29,45.91,1369.78,Month-to-month,Electronic check,1
CUST_08248,18,3,88.82,266.53,Month-to-month,Credit card,1
CUST_08249,44,14,50.74,751.2,Month-to-month,Electronic check,1
CUST_08250,33,0,57.52,61.04,Two year,Bank transfer,0
CUST_08251,55,0,92.53,9.55,Month-to-month,Credit card,1
CUST_08252,24,13,68.09,936.15,Month-to-month,Bank transfer,1
CUST_08253,61,6,75.65,356.69,Month-to-month,Credit card,1
CUST_08254,40,27,104.13,2829.8,One year,Credit card,1
CUST_08255,58,30,40.69,1210.94,One year,Credit card,0
CUST_08256,28,54,118.92,6497.08,Month-to-month,Mailed check,1
CUST_08257,59,34,110.01,3631.68,One year,Credit card,0
CUST_08258,70,1,48.66,12.15,Month-to-month,Electronic check,1
CUST_08259,50,11,109.29,1136.45,Month-to-month,Bank transfer,1
CUST_08260,67,7,95.4,678.54,Two year,Credit card,1
CUST_08261,53,11,113.08,1256.53,One year,Credit card,1
CUST_08262,54,4,89.11,358.32,Month-to-month,Electronic check,1
CUST_08263,58,2,87.45,215.04,Two year,Credit card,1
CUST_08264,34,17,20.35,401.15,Month-to-month,Credit card,1
CUST_08265,52,30,67.46,2042.0,One year,Credit card,0
CUST_08266,65,29,40.03,1094.25,One year,Electronic check,0
CUST_08267,22,14,52.41,705.96,Month-to-month,Credit card,1
CUST_08268,65,17,117.88,2038.2,One year,Bank transfer,1
CUST_08269,49,17,28.55,497.94,Month-to-month,Electronic check,0
CUST_08270,20,28,92.25,2550.83,One year,Credit card,0
CUST_08271,69,1,37.29,89.08,Month-to-month,Electronic check,1
CUST_08272,64,29,20.74,631.0,One year,Mailed check,0
CUST_08273,52,20,70.14,1453.9,One year,Electronic check,0
CUST_08274,69,5,36.12,199.62,One year,Mailed check,0
CUST_08275,31,1,116.55,80.89,One year,Bank transfer,0
CUST_08276,65,2,40.37,153.52,Month-to-month,Credit card,0
CUST_08277,48,17,39.2,700.53,Month-to-month,Credit card,0
CUST_08278,48,34,23.22,816.19,Month-to-month,Mailed check,0
CUST_08279,34,9,52.98,522.02,Two year,Mailed check,0
CUST_08280,41,11,22.41,233.49,Two year,Electronic check,0
CUST_08281,69,65,69.89,4571.46,Two year,Bank transfer,0
CUST_08282,40,5,70.56,347.45,Month-to-month,Credit card,1
CUST_08283,35,2,25.32,13.8,One year,Electronic check,1
CUST_08284,67,10,44.01,372.93,One year,Electronic check,1
CUST_08285,71,32,103.21,3201.91,One year,Credit card,0
CUST_08286,31,23,66.25,1542.97,One year,Bank transfer,1
CUST_08287,67,12,63.46,724.53,Month-to-month,Mailed check,1
CUST_08288,32,72,89.88,6446.28,One year,Credit card,0
CUST_08289,32,31,91.49,2797.7,One year,Electronic check,0
CUST_08290,23,1,96.2,20.06,Month-to-month,Credit card,1
CUST_08291,44,32,103.05,3350.96,Two year,Bank transfer,1
CUST_08292,32,0,43.23,101.4,One year,Credit card,0
CUST_08293,67,25,26.64,576.16,One year,Bank transfer,0
CUST_08294,53,5,58.03,309.52,One year,Electronic check,1
CUST_08295,72,28,105.51,2895.08,One year,Bank transfer,0
CUST_08296,25,8,27.8,262.85,Month-to-month,Electronic check,1
CUST_08297,32,49,77.6,3873.02,One year,Electronic check,0
CUST_08298,20,9,90.11,849.91,Month-to-month,Bank transfer,1
CUST_08299,64,23,68.14,1521.2,Two year,Mailed check,0
CUST_08300,30,8,45.52,328.99,Month-to-month,Bank transfer,1
CUST_08301,58,59,52.63,3083.39,Month-to-month,Bank transfer,1
CUST_08302,51,36,27.17,1012.81,Two year,Mailed check,0
CUST_08303,41,6,49.26,284.52,Month-to-month,Mailed check,0
CUST_08304,57,71,24.44,1769.81,Month-to-month,Credit card,1
CUST_08305,49,10,92.63,926.92,Two year,Electronic check,1
CUST_08306,49,25,109.8,2741.68,Month-to-month,Bank transfer,0
CUST_08307,47,32,83.35,2673.29,Month-to-month,Mailed check,1
CUST_08308,69,0,85.67,0.0,Month-to-month,Mailed check,1
CUST_08309,66,72,67.21,4761.23,Two year,Bank transfer,0
CUST_08310,30,10,35.6,308.44,Month-to-month,Credit card,1
CUST_08311,18,5,20.77,186.33,One year,Bank transfer,0
CUST_08312,51,45,54.4,2471.82,Month-to-month,Bank transfer,0
CUST_08313,32,29,95.15,2849.46,Month-to-month,Bank transfer,1
CUST_08314,61,2,116.04,187.77,Month-to-month,Bank transfer,1
CUST_08315,31,2,63.11,126.0,Two year,Bank transfer,1
CUST_08316,74,30,56.54,1686.33,One year,Electronic check,0
CUST_08317,46,1,64.6,12.36,Month-to-month,Bank transfer,1
CUST_08318,51,59,62.78,3619.95,Month-to-month,Mailed check,0
CUST_08319,35,32,82.59,2593.4,Month-to-month,Bank transfer,1
CUST_08320,71,9,93.41,893.07,One year,Bank transfer,1
CUST_08321,24,10,98.5,961.11,Month-to-month,Credit card,1
CUST_08322,46,16,84.96,1343.6,Month-to-month,Mailed check,1
CUST_08323,72,10,63.77,637.23,One year,Bank transfer,1
CUST_08324,48,36,115.01,4148.5,Month-to-month,Bank transfer,0
CUST_08325,42,72,91.1,6544.14,Month-to-month,Bank transfer,1
CUST_08326,55,21,62.67,1296.63,Month-to-month,Electronic check,1
CUST_08327,31,14,64.66,925.13,Month-to-month,Electronic check,0
CUST_08328,25,6,101.8,692.27,Month-to-month,Bank transfer,1
CUST_08329,44,25,64.05,1570.47,Month-to-month,Credit card,1
CUST_08330,71,27,71.63,1857.47,One year,Bank transfer,0
CUST_08331,19,27,49.16,1295.96,One year,Bank transfer,0
CUST_08332,34,0,103.89,0.0,One year,Electronic check,1
CUST_08333,54,55,72.23,3880.58,One year,Credit card,0
CUST_08334,31,9,75.25,682.22,One year,Credit card,1
CUST_08335,42,32,108.07,3486.88,Month-to-month,Electronic check,1
CUST_08336,73,34,112.05,3758.07,Month-to-month,Credit card,0
CUST_08337,47,25,102.42,2545.73,Month-to-month,Electronic check,1
CUST_08338,46,12,26.54,352.33,Two year,Credit card,0
CUST_08339,37,22,64.35,1414.11,One year,Bank transfer,0
CUST_08340,38,0,54.33,7.84,Month-to-month,Electronic check,1
CUST_08341,70,34,41.35,1400.69,Month-to-month,Electronic check,1
CUST_08342,39,2,110.9,226.34,One year,Bank transfer,0
CUST_08343,52,12,109.01,1387.08,Month-to-month,Bank transfer,1
CUST_08344,54,2,66.53,161.8,One year,Bank transfer,1
CUST_08345,33,43,33.46,1337.01,Two year,Bank transfer,0
CUST_08346,67,19,21.34,413.74,Month-to-month,Bank transfer,1
CUST_08347,66,28,63.85,1876.02,Month-to-month,Credit card,1
CUST_08348,60,27,24.0,650.44,Month-to-month,Credit card,0
CUST_08349,34,44,80.96,3471.89,Month-to-month,Mailed check,0
CUST_08350,33,3,80.84,191.45,One year,Bank transfer,0
CUST_08351,72,25,109.89,2742.3,Month-to-month,Electronic check,1
CUST_08352,19,20,39.0,740.35,Month-to-month,Mailed check,0
CUST_08353,21,0,57.14,81.08,One year,Credit card,1
CUST_08354,38,5,105.95,476.57,Two year,Mailed check,1
CUST_08355,56,7,67.43,469.7,One year,Mailed check,0
CUST_08356,51,1,25.97,25.68,Month-to-month,Credit card,0
CUST_08357,47,10,31.08,388.19,Month-to-month,Electronic check,1
CUST_08358,23,0,101.35,0.0,One year,Credit card,0
CUST_08359,34,19,94.37,1849.92,Month-to-month,Electronic check,1
CUST_08360,56,5,107.59,525.27,Month-to-month,Electronic check,1
CUST_08361,42,8,31.89,249.01,Two year,Mailed check,1
CUST_08362,22,57,96.04,5455.66,Month-to-month,Credit card,1
CUST_08363,22,16,85.51,1281.12,Month-to-month,Credit card,1
CUST_08364,37,7,43.23,352.95,Two year,Bank transfer,1
CUST_08365,33,21,117.39,2501.18,Month-to-month,Mailed check,0
CUST_08366,68,5,77.04,384.33,Month-to-month,Bank transfer,1
CUST_08367,58,1,110.69,87.32,Month-to-month,Bank transfer,1
CUST_08368,54,0,105.91,0.0,One year,Credit card,0
CUST_08369,57,72,53.31,3811.14,Two year,Credit card,0
CUST_08370,26,30,73.6,2206.29,One year,Credit card,0
CUST_08371,22,38,63.14,2415.12,Month-to-month,Bank transfer,1
CUST_08372,59,72,90.91,6568.89,Month-to-month,Mailed check,1
CUST_08373,74,64,78.8,4997.6,One year,Electronic check,1
CUST_08374,19,32,98.49,3108.19,One year,Bank transfer,0
CUST_08375,26,28,21.18,589.41,One year,Mailed check,0
CUST_08376,60,9,88.78,781.96,One year,Electronic check,1
CUST_08377,53,2,51.91,137.66,Two year,Bank transfer,0
CUST_08378,39,20,42.42,778.25,Month-to-month,Bank transfer,0
CUST_08379,39,20,100.12,2031.26,Month-to-month,Bank transfer,1
CUST_08380,39,72,28.92,2085.26,Two year,Electronic check,0
CUST_08381,51,14,42.85,568.98,Month-to-month,Bank transfer,0
CUST_08382,72,28,40.37,1146.44,Month-to-month,Bank transfer,0
CUST_08383,46,20,61.98,1269.19,One year,Credit card,1
CUST_08384,55,4,52.23,113.78,Month-to-month,Electronic check,1
CUST_08385,63,21,92.05,2030.49,Month-to-month,Bank transfer,0
CUST_08386,50,18,89.94,1616.76,Two year,Electronic check,0
CUST_08387,35,16,52.55,863.85,Month-to-month,Electronic check,1
CUST_08388,24,17,63.7,1104.59,Month-to-month,Electronic check,1
CUST_08389,18,4,40.79,171.53,Month-to-month,Mailed check,0
CUST_08390,50,14,87.08,1193.03,Two year,Credit card,0
CUST_08391,18,22,59.62,1316.25,Month-to-month,Credit card,0
CUST_08392,41,16,33.28,532.66,One year,Mailed check,0
CUST_08393,21,16,32.73,537.88,Month-to-month,Mailed check,1
CUST_08394,21,1,52.23,128.78,Month-to-month,Electronic check,1
CUST_08395,35,5,94.73,458.41,One year,Mailed check,0
CUST_08396,44,9,22.55,157.05,Month-to-month,Electronic check,1
CUST_08397,60,13,45.78,597.37,Month-to-month,Electronic check,1
CUST_08398,49,21,36.25,724.47,One year,Electronic check,0
CUST_08399,50,47,115.65,5379.97,Month-to-month,Credit card,1
CUST_08400,45,4,90.53,325.03,Two year,Electronic check,0
CUST_08401,59,0,43.32,0.0,Month-to-month,Bank transfer,1
CUST_08402,58,14,40.75,506.21,One year,Electronic check,0
CUST_08403,72,13,105.8,1448.44,Two year,Credit card,1
CUST_08404,53,19,39.02,794.13,Month-to-month,Electronic check,1
CUST_08405,23,42,119.71,5026.17,Month-to-month,Electronic check,1
CUST_08406,33,38,48.23,1778.59,Month-to-month,Bank transfer,0
CUST_08407,51,2,28.43,0.0,Two year,Credit card,1
CUST_08408,40,65,89.09,5776.73,One year,Credit card,1
CUST_08409,67,2,80.96,194.39,One year,Bank transfer,0
CUST_08410,59,24,119.98,2873.49,Month-to-month,Electronic check,1
CUST_08411,41,26,100.21,2652.55,Month-to-month,Electronic check,1
CUST_08412,73,27,62.88,1676.3,One year,Credit card,0
CUST_08413,66,7,87.66,599.21,Two year,Credit card,0
CUST_08414,30,9,101.78,942.94,Month-to-month,Bank transfer,1
CUST_08415,73,19,71.37,1289.13,One year,Mailed check,0
CUST_08416,35,5,47.29,246.52,Month-to-month,Bank transfer,1
CUST_08417,71,0,41.01,7.67,One year,Bank transfer,0
CUST_08418,30,19,49.53,929.47,Month-to-month,Mailed check,1
CUST_08419,66,15,104.81,1639.08,One year,Electronic check,1
CUST_08420,54,25,58.04,1485.45,Two year,Electronic check,0
CUST_08421,60,3,48.67,66.83,One year,Bank transfer,0
CUST_08422,56,44,100.59,4406.89,Two year,Credit card,0
CUST_08423,59,3,23.19,34.72,Month-to-month,Bank transfer,1
CUST_08424,34,53,79.4,4202.34,Two year,Bank transfer,0
CUST_08425,32,14,107.36,1453.64,Two year,Credit card,0
CUST_08426,35,19,61.01,1106.38,Month-to-month,Mailed check,0
CUST_08427,40,54,46.93,2525.83,Month-to-month,Electronic check,0
CUST_08428,71,8,69.17,557.39,Two year,Electronic check,0
CUST_08429,68,4,91.75,325.87,Month-to-month,Credit card,1
CUST_08430,47,14,71.66,956.34,One year,Bank transfer,0
CUST_08431,51,6,20.76,45.38,One year,Credit card,1
CUST_08432,21,18,27.83,516.87,Month-to-month,Bank transfer,0
CUST_08433,20,7,92.13,625.26,One year,Mailed check,1
CUST_08434,24,47,60.0,2790.16,Month-to-month,Electronic check,1
CUST_08435,73,22,98.48,2208.23,Month-to-month,Credit card,1
CUST_08436,35,0,84.95,0.0,One year,Electronic check,1
CUST_08437,59,39,78.15,3074.11,One year,Credit card,0
CUST_08438,24,9,110.14,1062.33,Two year,Electronic check,1
CUST_08439,57,9,22.13,94.58,One year,Electronic check,0
CUST_08440,23,11,35.5,292.73,Month-to-month,Electronic check,1
CUST_08441,39,23,82.44,1823.52,One year,Credit card,0
CUST_08442,18,14,26.58,311.86,One year,Electronic check,0
CUST_08443,21,23,84.5,1993.52,Two year,Mailed check,1
CUST_08444,63,3,118.41,341.77,One year,Electronic check,1
CUST_08445,66,72,107.88,7868.92,One year,Electronic check,1
CUST_08446,69,31,79.09,2433.09,Month-to-month,Bank transfer,0
CUST_08447,67,6,109.4,641.75,Two year,Credit card,1
CUST_08448,60,30,31.63,1015.21,One year,Credit card,0
CUST_08449,46,20,65.47,1181.6,Month-to-month,Electronic check,1
CUST_08450,38,2,62.87,131.21,One year,Credit card,0
CUST_08451,43,4,53.64,241.76,One year,Bank transfer,0
CUST_08452,31,1,20.02,75.78,Month-to-month,Electronic check,0
CUST_08453,26,39,109.1,4299.62,One year,Bank transfer,0
CUST_08454,64,19,97.77,1870.74,Month-to-month,Electronic check,1
CUST_08455,29,9,85.29,832.39,One year,Credit card,0
CUST_08456,59,3,32.9,167.09,Month-to-month,Bank transfer,1
CUST_08457,68,15,57.82,899.79,Month-to-month,Electronic check,1
CUST_08458,73,17,112.43,1860.72,Month-to-month,Bank transfer,1
CUST_08459,68,29,81.69,2376.6,One year,Bank transfer,0
CUST_08460,23,72,80.34,5825.54,Month-to-month,Bank transfer,1
CUST_08461,37,13,111.31,1433.14,Two year,Mailed check,0
CUST_08462,41,12,75.98,946.69,Month-to-month,Bank transfer,0
CUST_08463,44,11,79.76,873.95,Two year,Bank transfer,0
CUST_08464,55,42,54.57,2263.53,One year,Bank transfer,0
CUST_08465,25,4,57.14,236.04,Two year,Credit card,0
CUST_08466,18,10,88.56,817.16,Month-to-month,Electronic check,1
CUST_08467,71,30,52.04,1573.84,Month-to-month,Bank transfer,1
CUST_08468,66,0,75.91,0.0,One year,Credit card,1
CUST_08469,66,8,47.92,412.26,One year,Electronic check,0
CUST_08470,41,24,36.61,821.83,Month-to-month,Credit card,0
CUST_08471,64,4,65.44,357.53,Month-to-month,Electronic check,1
CUST_08472,24,8,41.74,282.76,Month-to-month,Credit card,1
CUST_08473,36,15,109.85,1690.59,Month-to-month,Bank transfer,1
CUST_08474,39,13,50.36,647.21,Month-to-month,Bank transfer,1
CUST_08475,74,2,79.74,185.52,One year,Credit card,1
CUST_08476,72,66,46.34,3095.06,One year,Credit card,0
CUST_08477,52,1,45.8,35.81,Two year,Credit card,1
CUST_08478,47,33,55.06,1808.7,Month-to-month,Bank transfer,0
CUST_08479,46,1,111.59,102.17,One year,Mailed check,0
CUST_08480,39,15,59.15,789.23,Month-to-month,Credit card,0
CUST_08481,28,4,102.13,450.22,Month-to-month,Bank transfer,1
CUST_08482,37,3,39.73,121.27,One year,Mailed check,0
CUST_08483,46,3,24.82,57.46,One year,Credit card,0
CUST_08484,68,14,98.17,1367.81,Two year,Bank transfer,0
CUST_08485,58,17,74.19,1239.1,One year,Bank transfer,0
CUST_08486,59,3,70.37,109.1,Month-to-month,Bank transfer,1
CUST_08487,51,72,47.22,3377.94,Month-to-month,Credit card,1
CUST_08488,18,7,27.23,190.24,One year,Mailed check,0
CUST_08489,48,14,68.29,915.48,One year,Electronic check,0
CUST_08490,47,5,106.72,536.17,Month-to-month,Bank transfer,1
CUST_08491,65,16,32.0,554.41,One year,Credit card,0
CUST_08492,35,33,112.92,3696.59,Two year,Bank transfer,0
CUST_08493,72,17,47.47,735.04,One year,Credit card,0
CUST_08494,34,8,73.22,588.25,One year,Electronic check,1
CUST_08495,55,6,26.65,181.23,Two year,Bank transfer,0
CUST_08496,31,34,62.5,2210.84,One year,Electronic check,0
CUST_08497,40,3,32.59,73.5,Month-to-month,Bank transfer,1
CUST_08498,42,11,24.8,274.51,Month-to-month,Bank transfer,1
CUST_08499,32,3,116.66,410.68,One year,Credit card,1
CUST_08500,63,7,93.01,608.1,Month-to-month,Electronic check,1
CUST_08501,73,3,91.91,303.54,Two year,Electronic check,1
CUST_08502,39,52,29.05,1536.76,Two year,Electronic check,1
CUST_08503,20,31,112.94,3532.04,Month-to-month,Electronic check,1
CUST_08504,73,19,66.95,1242.75,One year,Electronic check,0
CUST_08505,72,6,105.23,585.41,One year,Credit card,1
CUST_08506,36,17,21.26,348.65,Month-to-month,Mailed check,1
CUST_08507,74,17,49.82,846.31,One year,Credit card,0
CUST_08508,61,21,119.6,2444.65,One year,Electronic check,1
CUST_08509,51,1,62.78,88.78,One year,Credit card,1
CUST_08510,52,72,108.85,7879.19,Month-to-month,Electronic check,1
CUST_08511,67,15,52.8,729.53,One year,Credit card,1
CUST_08512,18,62,72.53,4541.81,Month-to-month,Bank transfer,0
CUST_08513,69,0,105.42,0.0,One year,Mailed check,1
CUST_08514,38,6,80.58,447.04,Month-to-month,Bank transfer,1
CUST_08515,46,2,92.52,186.39,One year,Credit card,1
CUST_08516,23,35,42.88,1505.64,Month-to-month,Bank transfer,0
CUST_08517,54,9,35.59,388.02,Month-to-month,Electronic check,1
CUST_08518,18,44,43.03,1925.01,Month-to-month,Bank transfer,1
CUST_08519,68,42,69.3,2924.42,Two year,Credit card,0
CUST_08520,18,26,100.1,2569.05,Month-to-month,Credit card,0
CUST_08521,44,26,55.4,1415.44,One year,Bank transfer,0
CUST_08522,38,28,76.48,2093.39,Month-to-month,Electronic check,1
CUST_08523,70,26,100.48,2588.56,One year,Credit card,0
CUST_08524,33,11,43.88,568.96,One year,Credit card,0
CUST_08525,61,27,108.3,2918.5,Month-to-month,Bank transfer,1
CUST_08526,71,54,115.31,6235.85,Month-to-month,Mailed check,1
CUST_08527,57,9,23.9,193.08,Month-to-month,Bank transfer,1
CUST_08528,43,69,25.91,1740.98,One year,Electronic check,0
CUST_08529,33,0,29.1,7.37,Month-to-month,Credit card,0
CUST_08530,45,10,97.68,984.27,One year,Credit card,0
CUST_08531,18,3,38.93,174.82,Month-to-month,Electronic check,1
CUST_08532,53,3,92.57,253.23,One year,Credit card,0
CUST_08533,27,40,64.13,2543.22,One year,Credit card,0
CUST_08534,60,60,103.63,6179.05,Month-to-month,Mailed check,1
CUST_08535,34,36,100.86,3641.98,Two year,Bank transfer,1
CUST_08536,74,72,115.97,8403.42,Two year,Electronic check,0
CUST_08537,40,5,45.1,277.17,Month-to-month,Electronic check,1
CUST_08538,24,3,42.92,214.47,One year,Bank transfer,1
CUST_08539,61,17,23.15,330.19,Month-to-month,Electronic check,0
CUST_08540,70,42,61.04,2580.28,One year,Credit card,1
CUST_08541,24,0,65.91,22.39,Month-to-month,Credit card,1
CUST_08542,61,72,116.45,8310.59,Two year,Electronic check,1
CUST_08543,32,22,103.08,2315.74,Month-to-month,Electronic check,1
CUST_08544,51,72,36.68,2526.39,Two year,Electronic check,0
CUST_08545,63,10,99.85,986.39,One year,Credit card,1
CUST_08546,62,14,37.83,447.07,Month-to-month,Credit card,0
CUST_08547,21,33,27.78,1067.69,Month-to-month,Bank transfer,0
CUST_08548,31,37,103.71,3831.54,One year,Credit card,0
CUST_08549,31,6,117.6,753.09,Month-to-month,Electronic check,1
CUST_08550,33,63,28.81,1816.36,Two year,Electronic check,0
CUST_08551,24,48,101.39,4831.35,Two year,Mailed check,0
CUST_08552,49,0,105.92,55.36,One year,Bank transfer,0
CUST_08553,36,3,31.88,93.97,One year,Bank transfer,0
CUST_08554,19,16,48.33,714.14,Month-to-month,Electronic check,1
CUST_08555,27,14,93.37,1275.53,Two year,Mailed check,0
CUST_08556,67,29,100.77,2872.15,Month-to-month,Bank transfer,1
CUST_08557,34,2,55.4,106.34,Month-to-month,Mailed check,1
CUST_08558,54,24,35.99,849.71,Month-to-month,Electronic check,0
CUST_08559,29,22,84.83,1855.9,Two year,Electronic check,0
CUST_08560,23,6,90.2,565.02,Month-to-month,Electronic check,0
CUST_08561,39,18,70.36,1400.6,Two year,Bank transfer,1
CUST_08562,49,6,34.49,210.63,One year,Electronic check,0
CUST_08563,58,3,104.45,272.61,Month-to-month,Credit card,1
CUST_08564,37,20,84.53,1803.87,One year,Electronic check,0
CUST_08565,18,72,106.92,7772.09,Month-to-month,Bank transfer,1
CUST_08566,71,6,113.3,707.32,Month-to-month,Credit card,1
CUST_08567,64,10,100.57,1012.56,One year,Electronic check,1
CUST_08568,70,7,115.87,830.85,Month-to-month,Mailed check,1
CUST_08569,23,7,115.43,690.9,Month-to-month,Mailed check,1
CUST_08570,36,12,81.93,903.31,Month-to-month,Mailed check,1
CUST_08571,35,29,92.82,2735.48,One year,Bank transfer,0
CUST_08572,23,0,89.94,72.19,One year,Electronic check,1
CUST_08573,62,72,82.11,5821.57,Month-to-month,Electronic check,1
CUST_08574,50,1,21.94,0.0,Month-to-month,Credit card,1
CUST_08575,40,51,55.59,2801.86,Month-to-month,Bank transfer,1
CUST_08576,40,53,30.01,1543.65,Month-to-month,Electronic check,0
CUST_08577,43,17,50.03,865.73,One year,Bank transfer,0
CUST_08578,30,3,26.86,117.83,Month-to-month,Electronic check,0
CUST_08579,24,19,112.0,2077.05,One year,Electronic check,1
CUST_08580,32,23,65.13,1426.98,Two year,Electronic check,0
CUST_08581,61,46,38.94,1732.48,Two year,Credit card,1
CUST_08582,44,19,78.48,1468.44,Month-to-month,Mailed check,1
CUST_08583,43,12,39.65,555.22,One year,Credit card,0
CUST_08584,50,43,100.44,4322.26,Two year,Mailed check,0
CUST_08585,32,72,50.59,3738.93,Month-to-month,Credit card,0
CUST_08586,53,24,51.49,1275.38,Two year,Electronic check,0
CUST_08587,62,49,107.0,5211.71,Two year,Bank transfer,1
CUST_08588,72,21,75.92,1601.09,Month-to-month,Mailed check,1
CUST_08589,44,28,108.73,3018.19,One year,Electronic check,0
CUST_08590,74,27,61.29,1600.12,Month-to-month,Credit card,1
CUST_08591,22,29,54.39,1561.94,Month-to-month,Electronic check,1
CUST_08592,19,9,70.62,675.13,Two year,Credit card,1
CUST_08593,72,20,26.15,494.16,Two year,Credit card,0
CUST_08594,50,21,35.42,731.93,Two year,Mailed check,0
CUST_08595,33,9,41.95,348.0,Month-to-month,Credit card,1
CUST_08596,40,10,101.67,1084.27,Two year,Electronic check,1
CUST_08597,55,34,93.38,3165.94,Two year,Mailed check,0
CUST_08598,72,20,39.33,770.58,Two year,Credit card,1
CUST_08599,33,3,47.67,128.18,Two year,Credit card,0
CUST_08600,31,43,114.43,4936.86,One year,Electronic check,0
CUST_08601,46,51,28.58,1461.94,Month-to-month,Bank transfer,0
CUST_08602,43,15,74.75,1169.38,Month-to-month,Mailed check,0
CUST_08603,52,5,72.2,341.84,Month-to-month,Credit card,0
CUST_08604,32,70,92.57,6568.59,One year,Electronic check,0
CUST_08605,20,51,46.14,2316.93,Month-to-month,Mailed check,0
CUST_08606,40,6,113.48,686.97,One year,Electronic check,1
CUST_08607,46,2,61.06,145.61,Month-to-month,Bank transfer,0
CUST_08608,51,13,48.57,630.44,Two year,Bank transfer,0
CUST_08609,50,27,53.69,1450.35,Month-to-month,Mailed check,0
CUST_08610,58,4,54.87,175.47,Month-to-month,Bank transfer,0
CUST_08611,58,17,39.89,711.76,Month-to-month,Bank transfer,1
CUST_08612,40,13,112.81,1474.5,Month-to-month,Electronic check,1
CUST_08613,24,53,37.49,1988.35,One year,Bank transfer,0
CUST_08614,20,13,108.28,1312.61,One year,Electronic check,1
CUST_08615,49,18,60.49,1117.12,One year,Bank transfer,1
CUST_08616,48,72,46.93,3410.28,Two year,Bank transfer,0
CUST_08617,35,8,39.85,180.89,Month-to-month,Electronic check,1
CUST_08618,60,8,70.43,595.43,Two year,Bank transfer,0
CUST_08619,24,38,86.93,3291.81,Two year,Bank transfer,0
CUST_08620,58,7,109.82,685.69,Two year,Bank transfer,1
CUST_08621,18,42,85.24,3531.73,Month-to-month,Bank transfer,1
CUST_08622,31,2,68.37,74.92,Month-to-month,Bank transfer,0
CUST_08623,69,2,23.35,4.23,One year,Credit card,0
CUST_08624,49,55,111.54,6161.54,Month-to-month,Bank transfer,1
CUST_08625,23,18,110.24,2013.71,Month-to-month,Mailed check,0
CUST_08626,56,30,57.87,1765.0,Month-to-month,Credit card,1
CUST_08627,27,6,22.9,124.56,One year,Electronic check,0
CUST_08628,24,4,93.34,504.78,Month-to-month,Electronic check,1
CUST_08629,43,43,99.17,4141.52,Two year,Bank transfer,1
CUST_08630,51,10,74.25,692.12,One year,Credit card,0
CUST_08631,47,14,60.29,856.72,Month-to-month,Electronic check,1
CUST_08632,53,0,105.11,0.0,Two year,Electronic check,0
CUST_08633,38,11,39.25,417.97,Two year,Electronic check,0
CUST_08634,34,35,63.96,2240.8,Month-to-month,Mailed check,0
CUST_08635,50,41,22.45,905.68,Month-to-month,Credit card,0
CUST_08636,27,28,36.4,950.24,Month-to-month,Credit card,1
CUST_08637,68,28,114.08,3235.62,Two year,Electronic check,0
CUST_08638,64,16,77.81,1286.67,Month-to-month,Electronic check,1
CUST_08639,59,18,100.56,1888.96,One year,Credit card,1
CUST_08640,68,32,68.65,2102.6,One year,Electronic check,0
CUST_08641,29,6,103.48,659.35,One year,Mailed check,1
CUST_08642,73,6,73.9,400.24,Month-to-month,Electronic check,1
CUST_08643,33,71,20.45,1445.82,Month-to-month,Electronic check,1
CUST_08644,58,0,109.97,0.0,Month-to-month,Mailed check,1
CUST_08645,49,3,34.86,56.7,Month-to-month,Mailed check,0
CUST_08646,32,20,65.06,1332.29,One year,Bank transfer,0
CUST_08647,44,32,67.67,2249.42,Two year,Bank transfer,0
CUST_08648,45,18,24.72,543.6,Two year,Bank transfer,0
CUST_08649,34,10,25.31,304.88,Month-to-month,Credit card,0
CUST_08650,63,72,96.26,6874.97,Month-to-month,Credit card,1
CUST_08651,67,29,50.05,1444.95,Two year,Electronic check,0
CUST_08652,19,42,60.96,2557.6,Two year,Bank transfer,0
CUST_08653,53,0,76.41,26.63,Month-to-month,Credit card,1
CUST_08654,67,6,57.34,380.78,One year,Credit card,0
CUST_08655,24,11,97.5,1049.31,Month-to-month,Electronic check,1
CUST_08656,30,4,108.45,496.35,Month-to-month,Bank transfer,1
CUST_08657,32,1,25.97,143.64,One year,Bank transfer,1
CUST_08658,42,6,83.54,519.15,Two year,Bank transfer,0
CUST_08659,40,18,51.77,903.58,Month-to-month,Mailed check,1
CUST_08660,39,28,78.33,2246.97,One year,Electronic check,0
CUST_08661,43,35,68.39,2449.3,One year,Bank transfer,0
CUST_08662,50,1,53.37,88.15,One year,Mailed check,0
CUST_08663,28,13,29.48,383.07,One year,Electronic check,0
CUST_08664,27,3,75.94,298.09,Month-to-month,Credit card,1
CUST_08665,42,13,31.28,358.55,Month-to-month,Electronic check,1
CUST_08666,54,13,35.61,459.69,One year,Electronic check,0
CUST_08667,65,16,118.22,1986.73,One year,Credit card,0
CUST_08668,60,53,51.67,2737.44,Month-to-month,Mailed check,1
CUST_08669,70,39,78.44,3060.53,One year,Mailed check,0
CUST_08670,55,24,47.22,1144.26,One year,Bank transfer,0
CUST_08671,58,51,106.55,5388.56,One year,Electronic check,1
CUST_08672,62,27,48.33,1247.72,One year,Electronic check,0
CUST_08673,41,41,56.69,2297.51,One year,Electronic check,1
CUST_08674,57,19,80.84,1526.76,Month-to-month,Electronic check,1
CUST_08675,63,17,107.0,1877.74,One year,Credit card,0
CUST_08676,73,30,101.62,3061.73,Month-to-month,Credit card,1
CUST_08677,50,0,46.39,75.91,One year,Mailed check,0
CUST_08678,34,28,102.96,2909.72,One year,Electronic check,1
CUST_08679,41,65,90.12,5901.07,Month-to-month,Electronic check,1
CUST_08680,54,30,118.98,3601.01,Month-to-month,Mailed check,1
CUST_08681,74,0,113.54,79.45,Month-to-month,Credit card,1
CUST_08682,19,11,73.31,809.37,One year,Credit card,1
CUST_08683,49,39,94.99,3709.25,Month-to-month,Electronic check,1
CUST_08684,74,72,77.02,5492.33,Month-to-month,Electronic check,1
CUST_08685,41,11,79.5,919.14,One year,Electronic check,0
CUST_08686,26,44,30.15,1302.11,Month-to-month,Credit card,1
CUST_08687,21,47,20.22,986.77,Month-to-month,Bank transfer,0
CUST_08688,34,3,24.82,84.08,Two year,Mailed check,0
CUST_08689,34,44,116.66,5075.62,Two year,Credit card,0
CUST_08690,70,9,32.63,298.51,Month-to-month,Credit card,0
CUST_08691,67,21,24.44,491.84,One year,Mailed check,0
CUST_08692,65,18,50.96,845.82,One year,Electronic check,1
CUST_08693,47,26,78.82,2066.1,Two year,Electronic check,1
CUST_08694,57,32,114.85,3760.86,One year,Electronic check,0
CUST_08695,28,13,89.99,1121.12,One year,Bank transfer,0
CUST_08696,38,52,47.64,2343.4,Two year,Bank transfer,0
CUST_08697,38,39,113.91,4544.43,Month-to-month,Bank transfer,1
CUST_08698,35,36,23.6,769.16,One year,Electronic check,0
CUST_08699,72,14,117.91,1739.07,Month-to-month,Credit card,1
CUST_08700,46,0,25.86,66.02,Two year,Bank transfer,0
CUST_08701,41,16,95.38,1530.24,Two year,Electronic check,1
CUST_08702,27,54,24.53,1292.53,Month-to-month,Bank transfer,0
CUST_08703,62,5,113.16,622.92,Month-to-month,Credit card,1
CUST_08704,34,72,30.87,2230.78,Month-to-month,Mailed check,0
CUST_08705,35,39,25.05,1069.08,Month-to-month,Electronic check,1
CUST_08706,59,29,108.93,3185.95,One year,Electronic check,1
CUST_08707,65,27,29.58,887.31,One year,Electronic check,0
CUST_08708,37,21,99.79,2135.87,One year,Credit card,0
CUST_08709,54,30,94.7,2907.24,One year,Bank transfer,0
CUST_08710,62,13,79.89,1056.8,Month-to-month,Bank transfer,1
CUST_08711,35,44,57.8,2540.39,One year,Credit card,0
CUST_08712,34,28,111.56,3102.79,Two year,Credit card,0
CUST_08713,26,35,107.11,3703.3,One year,Mailed check,0
CUST_08714,31,37,62.62,2311.3,Month-to-month,Bank transfer,0
CUST_08715,66,2,43.17,36.25,Month-to-month,Mailed check,1
CUST_08716,46,1,47.26,26.85,Month-to-month,Mailed check,1
CUST_08717,48,38,42.03,1608.81,One year,Credit card,0
CUST_08718,21,7,74.13,545.36,Month-to-month,Bank transfer,1
CUST_08719,35,20,106.85,2205.52,Two year,Electronic check,0
CUST_08720,37,14,97.36,1375.74,Two year,Mailed check,0
CUST_08721,73,0,99.55,24.25,One year,Credit card,0
CUST_08722,73,0,64.83,0.0,Month-to-month,Credit card,1
CUST_08723,64,42,52.24,2194.46,One year,Bank transfer,0
CUST_08724,60,22,95.74,2110.12,Two year,Mailed check,0
CUST_08725,61,17,99.33,1793.74,Month-to-month,Electronic check,1
CUST_08726,26,69,89.54,6199.42,Two year,Mailed check,0
CUST_08727,30,4,23.21,33.28,One year,Bank transfer,0
CUST_08728,32,7,78.97,564.43,Month-to-month,Electronic check,1
CUST_08729,44,33,54.7,1762.74,One year,Electronic check,1
CUST_08730,32,35,39.62,1354.18,Month-to-month,Bank transfer,0
CUST_08731,45,12,89.44,1075.87,Month-to-month,Bank transfer,1
CUST_08732,54,72,46.85,3395.46,One year,Bank transfer,0
CUST_08733,72,66,111.28,7363.62,Month-to-month,Credit card,1
CUST_08734,36,0,49.81,0.0,Month-to-month,Bank transfer,0
CUST_08735,43,4,75.52,225.34,Month-to-month,Electronic check,1
CUST_08736,69,41,102.78,4207.51,Month-to-month,Credit card,1
CUST_08737,43,9,60.21,538.66,Month-to-month,Mailed check,0
CUST_08738,42,2,102.87,201.32,One year,Electronic check,0
CUST_08739,43,36,92.37,3335.98,Month-to-month,Bank transfer,1
CUST_08740,43,14,112.09,1547.95,Month-to-month,Electronic check,1
CUST_08741,63,16,52.58,886.98,Month-to-month,Mailed check,1
CUST_08742,45,4,30.5,155.6,Month-to-month,Bank transfer,1
CUST_08743,66,25,63.03,1616.89,Month-to-month,Credit card,1
CUST_08744,35,19,98.58,1946.37,Two year,Bank transfer,0
CUST_08745,49,5,65.04,348.95,One year,Electronic check,1
CUST_08746,70,9,46.2,418.48,Two year,Electronic check,1
CUST_08747,20,21,22.76,472.95,Month-to-month,Mailed check,1
CUST_08748,19,62,51.3,3215.76,Two year,Electronic check,0
CUST_08749,50,60,91.34,5484.25,One year,Bank transfer,0
CUST_08750,59,8,34.76,186.56,One year,Bank transfer,0
CUST_08751,36,31,54.09,1647.07,Month-to-month,Bank transfer,0
CUST_08752,34,35,22.02,844.55,Month-to-month,Credit card,0
CUST_08753,61,39,92.18,3502.1,Two year,Bank transfer,0
CUST_08754,50,20,108.07,2178.59,One year,Bank transfer,1
CUST_08755,29,0,76.85,27.4,One year,Mailed check,0
CUST_08756,66,34,22.59,763.73,Month-to-month,Credit card,0
CUST_08757,73,2,41.76,49.84,Month-to-month,Credit card,1
CUST_08758,20,2,63.85,74.69,Two year,Credit card,0
CUST_08759,60,22,78.76,1742.2,One year,Credit card,0
CUST_08760,66,72,69.63,4997.83,One year,Credit card,0
CUST_08761,72,6,111.59,746.68,Month-to-month,Bank transfer,1
CUST_08762,43,24,113.86,2756.56,One year,Bank transfer,0
CUST_08763,52,8,30.72,226.02,Month-to-month,Electronic check,1
CUST_08764,25,54,33.84,1842.24,Month-to-month,Credit card,0
CUST_08765,69,21,55.81,1138.17,One year,Bank transfer,0
CUST_08766,53,5,62.12,301.41,One year,Credit card,0
CUST_08767,70,7,78.61,461.25,Month-to-month,Bank transfer,1
CUST_08768,71,13,97.32,1247.24,One year,Credit card,1
CUST_08769,24,3,33.58,127.99,One year,Bank transfer,0
CUST_08770,63,1,100.26,91.83,Two year,Electronic check,0
CUST_08771,63,27,81.0,2231.64,Month-to-month,Electronic check,1
CUST_08772,53,12,118.09,1480.38,Month-to-month,Credit card,1
CUST_08773,33,31,85.12,2674.61,Two year,Mailed check,0
CUST_08774,41,2,91.61,282.75,One year,Electronic check,0
CUST_08775,71,22,39.52,921.2,One year,Mailed check,0
CUST_08776,18,14,96.89,1358.22,Month-to-month,Electronic check,1
CUST_08777,66,1,27.93,17.78,Two year,Credit card,0
CUST_08778,42,18,85.65,1521.3,One year,Electronic check,1
CUST_08779,27,2,25.56,15.67,One year,Mailed check,1
CUST_08780,71,42,31.52,1340.42,Two year,Bank transfer,0
CUST_08781,33,23,30.79,689.91,One year,Credit card,0
CUST_08782,33,19,25.25,412.68,Month-to-month,Credit card,0
CUST_08783,25,3,52.11,196.23,One year,Electronic check,1
CUST_08784,46,8,119.44,926.45,One year,Credit card,1
CUST_08785,56,16,54.82,801.74,One year,Bank transfer,0
CUST_08786,45,24,96.08,2361.75,One year,Electronic check,1
CUST_08787,23,4,33.23,190.54,Month-to-month,Bank transfer,1
CUST_08788,33,0,65.45,0.0,Two year,Credit card,0
CUST_08789,37,10,38.51,358.29,One year,Bank transfer,1
CUST_08790,33,15,39.21,547.91,Month-to-month,Credit card,1
CUST_08791,24,4,29.97,87.75,One year,Bank transfer,0
CUST_08792,58,16,63.2,907.37,Two year,Bank transfer,0
CUST_08793,31,9,27.55,227.03,Month-to-month,Electronic check,0
CUST_08794,60,14,110.98,1534.83,Month-to-month,Credit card,1
CUST_08795,43,10,64.79,726.89,Month-to-month,Bank transfer,1
CUST_08796,43,23,103.86,2395.81,Month-to-month,Bank transfer,1
CUST_08797,31,1,117.95,90.93,Month-to-month,Bank transfer,1
CUST_08798,24,4,87.78,362.19,Two year,Bank transfer,1
CUST_08799,50,13,110.15,1364.46,Month-to-month,Credit card,1
CUST_08800,43,10,33.54,339.22,Two year,Bank transfer,0
CUST_08801,74,11,103.0,1099.86,Month-to-month,Bank transfer,1
CUST_08802,62,39,47.12,1844.04,Two year,Electronic check,1
CUST_08803,37,52,67.26,3520.59,Month-to-month,Bank transfer,1
CUST_08804,20,6,84.66,480.36,One year,Bank transfer,0
CUST_08805,69,43,110.35,4758.65,Month-to-month,Bank transfer,0
CUST_08806,21,14,111.1,1520.83,Month-to-month,Bank transfer,1
CUST_08807,43,7,29.21,151.68,Month-to-month,Electronic check,1
CUST_08808,28,72,56.46,4110.9,One year,Electronic check,0
CUST_08809,19,41,99.32,4123.52,Month-to-month,Bank transfer,1
CUST_08810,31,72,90.32,6513.38,Two year,Bank transfer,0
CUST_08811,61,4,22.64,129.61,Month-to-month,Electronic check,1
CUST_08812,47,3,64.99,117.67,Month-to-month,Mailed check,1
CUST_08813,66,16,102.93,1687.96,Month-to-month,Mailed check,1
CUST_08814,29,24,93.77,2321.82,One year,Electronic check,0
CUST_08815,43,4,61.18,274.91,Month-to-month,Mailed check,1
CUST_08816,61,47,93.52,4389.06,Month-to-month,Electronic check,0
CUST_08817,50,18,75.12,1285.46,One year,Electronic check,0
CUST_08818,30,12,111.26,1362.3,Month-to-month,Bank transfer,1
CUST_08819,31,22,78.71,1759.42,One year,Bank transfer,0
CUST_08820,41,24,60.07,1496.27,Month-to-month,Bank transfer,0
CUST_08821,51,1,106.29,90.11,One year,Bank transfer,1
CUST_08822,61,72,24.99,1770.79,Two year,Mailed check,0
CUST_08823,43,10,110.05,1062.46,Month-to-month,Bank transfer,1
CUST_08824,38,1,89.63,43.37,Month-to-month,Bank transfer,1
CUST_08825,45,45,114.06,5157.32,Two year,Credit card,0
CUST_08826,65,72,45.05,3241.84,One year,Credit card,0
CUST_08827,53,40,89.49,3602.97,One year,Credit card,1
CUST_08828,57,45,100.95,4550.41,One year,Bank transfer,0
CUST_08829,19,23,90.21,2054.1,Month-to-month,Credit card,1
CUST_08830,59,61,41.03,2459.15,Two year,Electronic check,0
CUST_08831,26,0,47.56,66.22,One year,Bank transfer,1
CUST_08832,40,34,76.67,2618.03,One year,Bank transfer,1
CUST_08833,32,26,64.68,1740.91,Two year,Electronic check,0
CUST_08834,30,1,93.51,117.25,One year,Electronic check,1
CUST_08835,40,18,57.87,1023.39,One year,Bank transfer,0
CUST_08836,34,17,105.95,1780.52,Two year,Electronic check,0
CUST_08837,65,28,63.19,1729.26,Month-to-month,Electronic check,1
CUST_08838,19,1,24.0,87.54,Month-to-month,Mailed check,0
CUST_08839,37,39,21.74,918.0,Month-to-month,Bank transfer,0
CUST_08840,37,3,84.67,238.64,Two year,Electronic check,1
CUST_08841,63,13,74.06,995.86,One year,Bank transfer,1
CUST_08842,20,51,74.27,3770.15,Month-to-month,Credit card,1
CUST_08843,72,19,99.0,1806.72,Month-to-month,Bank transfer,1
CUST_08844,29,11,57.57,604.77,Month-to-month,Electronic check,1
CUST_08845,57,1,119.54,155.96,Month-to-month,Electronic check,1
CUST_08846,19,26,114.55,3028.93,Two year,Mailed check,1
CUST_08847,53,72,21.3,1533.45,One year,Credit card,0
CUST_08848,31,58,109.57,6320.9,Two year,Electronic check,1
CUST_08849,33,30,88.05,2585.16,Month-to-month,Bank transfer,1
CUST_08850,36,2,70.21,124.62,One year,Bank transfer,1
CUST_08851,51,6,78.27,457.36,One year,Credit card,0
CUST_08852,61,4,104.19,404.28,Two year,Mailed check,0
CUST_08853,63,10,115.1,1092.4,Two year,Bank transfer,0
CUST_08854,23,6,76.03,473.94,Two year,Bank transfer,0
CUST_08855,30,6,38.13,233.75,One year,Electronic check,1
CUST_08856,53,23,83.98,1917.56,Month-to-month,Electronic check,1
CUST_08857,39,9,27.62,248.71,One year,Electronic check,0
CUST_08858,35,27,83.51,2281.41,Month-to-month,Bank transfer,1
CUST_08859,29,70,100.86,7087.86,Month-to-month,Bank transfer,0
CUST_08860,69,24,55.33,1390.95,Month-to-month,Electronic check,1
CUST_08861,71,33,27.12,958.73,Month-to-month,Mailed check,0
CUST_08862,47,33,89.22,2970.06,One year,Electronic check,0
CUST_08863,70,9,53.93,477.38,Month-to-month,Electronic check,0
CUST_08864,68,0,44.91,0.0,One year,Electronic check,1
CUST_08865,57,1,88.92,131.84,Month-to-month,Electronic check,1
CUST_08866,24,7,116.96,759.56,One year,Electronic check,1
CUST_08867,49,28,94.53,2651.13,One year,Bank transfer,0
CUST_08868,65,56,69.14,3825.13,Month-to-month,Bank transfer,0
CUST_08869,36,72,80.05,5812.44,One year,Electronic check,1
CUST_08870,23,0,34.23,40.48,One year,Electronic check,0
CUST_08871,37,72,101.32,7296.53,One year,Credit card,0
CUST_08872,44,9,80.43,868.8,One year,Electronic check,1
CUST_08873,70,44,116.58,5092.41,One year,Electronic check,1
CUST_08874,60,4,117.95,494.17,Month-to-month,Electronic check,1
CUST_08875,54,1,55.46,83.18,One year,Bank transfer,0
CUST_08876,65,11,118.85,1319.29,One year,Electronic check,1
CUST_08877,24,47,115.68,5423.08,Month-to-month,Credit card,1
CUST_08878,22,5,83.98,425.49,One year,Electronic check,1
CUST_08879,28,4,53.35,302.39,One year,Electronic check,1
CUST_08880,32,57,95.33,5436.16,Month-to-month,Bank transfer,0
CUST_08881,20,66,47.12,3142.57,One year,Electronic check,0
CUST_08882,22,0,82.98,0.0,One year,Mailed check,0
CUST_08883,40,31,22.46,689.02,Month-to-month,Bank transfer,1
CUST_08884,70,8,82.86,777.18,One year,Electronic check,1
CUST_08885,54,11,115.16,1241.66,One year,Credit card,1
CUST_08886,26,15,43.51,624.91,Month-to-month,Bank transfer,1
CUST_08887,32,13,97.82,1358.53,Two year,Mailed check,0
CUST_08888,20,17,49.34,808.37,Two year,Mailed check,0
CUST_08889,46,20,90.78,1779.26,Two year,Electronic check,1
CUST_08890,23,15,90.0,1385.19,Month-to-month,Bank transfer,1
CUST_08891,34,29,38.47,1234.62,Two year,Bank transfer,0
CUST_08892,43,30,79.71,2437.3,Two year,Credit card,1
CUST_08893,38,13,105.92,1380.49,Two year,Bank transfer,0
CUST_08894,25,3,58.25,241.97,Two year,Credit card,0
CUST_08895,38,24,91.03,2175.19,Month-to-month,Electronic check,1
CUST_08896,74,35,87.44,3035.35,Month-to-month,Electronic check,0
CUST_08897,28,24,45.75,1172.95,Month-to-month,Credit card,0
CUST_08898,55,21,111.86,2415.35,One year,Electronic check,1
CUST_08899,25,6,76.35,440.13,Two year,Credit card,0
CUST_08900,59,24,55.53,1384.74,One year,Electronic check,0
CUST_08901,41,9,36.44,393.13,One year,Electronic check,1
CUST_08902,52,60,67.35,4033.4,Month-to-month,Bank transfer,1
CUST_08903,72,25,93.01,2333.5,Month-to-month,Credit card,1
CUST_08904,31,7,82.36,517.25,Month-to-month,Credit card,1
CUST_08905,72,15,92.71,1390.05,One year,Credit card,1
CUST_08906,31,44,99.18,4334.52,One year,Bank transfer,0
CUST_08907,27,9,64.1,566.66,Two year,Mailed check,1
CUST_08908,29,17,72.02,1158.6,One year,Credit card,0
CUST_08909,55,27,118.64,3268.94,Two year,Bank transfer,0
CUST_08910,61,33,116.81,3908.95,Month-to-month,Credit card,1
CUST_08911,72,4,61.48,311.51,One year,Mailed check,0
CUST_08912,63,19,88.52,1683.84,Month-to-month,Electronic check,1
CUST_08913,51,58,46.76,2696.51,Month-to-month,Bank transfer,1
CUST_08914,58,72,35.27,2554.67,Two year,Mailed check,0
CUST_08915,27,25,96.84,2439.55,Two year,Mailed check,0
CUST_08916,34,72,63.62,4655.32,Month-to-month,Bank transfer,1
CUST_08917,34,20,37.71,763.42,Month-to-month,Credit card,1
CUST_08918,20,14,95.88,1348.1,Month-to-month,Electronic check,1
CUST_08919,48,19,111.52,2158.86,Month-to-month,Mailed check,0
CUST_08920,68,2,113.33,133.68,One year,Credit card,1
CUST_08921,18,12,79.63,1030.14,One year,Credit card,0
CUST_08922,29,14,67.96,989.39,One year,Electronic check,1
CUST_08923,56,45,34.19,1561.72,Month-to-month,Bank transfer,0
CUST_08924,21,34,99.28,3407.46,Month-to-month,Mailed check,1
CUST_08925,59,22,114.53,2566.33,Month-to-month,Credit card,0
CUST_08926,30,10,108.95,1222.25,One year,Bank transfer,1
CUST_08927,51,4,95.18,362.99,Two year,Bank transfer,0
CUST_08928,59,10,20.46,262.5,Month-to-month,Credit card,0
CUST_08929,38,27,60.78,1663.07,Month-to-month,Credit card,1
CUST_08930,39,7,61.07,389.52,Month-to-month,Mailed check,1
CUST_08931,74,13,109.44,1480.86,Month-to-month,Mailed check,1
CUST_08932,21,11,26.57,311.22,Month-to-month,Bank transfer,1
CUST_08933,35,34,73.12,2506.16,Two year,Bank transfer,0
CUST_08934,22,51,33.61,1727.27,Two year,Bank transfer,0
CUST_08935,36,28,86.23,2438.81,Month-to-month,Bank transfer,0
CUST_08936,19,10,99.23,1036.72,Month-to-month,Mailed check,1
CUST_08937,29,13,84.2,1074.89,Month-to-month,Credit card,0
CUST_08938,34,3,99.46,296.97,Month-to-month,Credit card,1
CUST_08939,27,4,80.75,377.94,One year,Credit card,1
CUST_08940,51,4,38.98,109.46,One year,Bank transfer,1
CUST_08941,23,3,58.27,230.08,Month-to-month,Mailed check,1
CUST_08942,25,4,115.69,465.22,Two year,Bank transfer,1
CUST_08943,68,5,48.82,299.15,One year,Electronic check,0
CUST_08944,28,2,26.29,82.06,Month-to-month,Bank transfer,0
CUST_08945,74,24,58.48,1384.11,Month-to-month,Credit card,1
CUST_08946,29,72,56.63,4057.87,Month-to-month,Electronic check,1
CUST_08947,26,50,67.03,3319.7,One year,Bank transfer,0
CUST_08948,19,1,76.03,20.92,One year,Electronic check,0
CUST_08949,25,13,119.24,1558.62,Two year,Credit card,0
CUST_08950,28,47,95.62,4506.66,Two year,Mailed check,0
CUST_08951,70,3,23.59,104.84,Two year,Bank transfer,0
CUST_08952,53,45,91.27,4096.13,One year,Mailed check,0
CUST_08953,27,21,102.42,2183.48,One year,Bank transfer,1
CUST_08954,38,64,109.56,7070.22,One year,Bank transfer,0
CUST_08955,37,50,62.4,3217.3,Month-to-month,Mailed check,1
CUST_08956,65,27,51.36,1346.02,Month-to-month,Bank transfer,0
CUST_08957,25,25,103.93,2666.8,Month-to-month,Credit card,0
CUST_08958,53,5,97.76,511.47,One year,Bank transfer,0
CUST_08959,46,2,73.6,166.3,Two year,Electronic check,0
CUST_08960,59,12,31.79,367.89,Month-to-month,Bank transfer,1
CUST_08961,29,4,85.18,404.67,One year,Mailed check,1
CUST_08962,31,2,26.57,72.29,Month-to-month,Bank transfer,0
CUST_08963,65,8,30.04,183.04,Two year,Electronic check,0
CUST_08964,71,47,53.11,2415.24,One year,Mailed check,0
CUST_08965,67,0,57.12,8.35,Two year,Electronic check,0
CUST_08966,38,8,66.2,559.53,Month-to-month,Credit card,1
CUST_08967,39,13,53.91,672.97,Two year,Credit card,0
CUST_08968,38,17,23.38,385.31,Month-to-month,Credit card,1
CUST_08969,61,4,35.74,200.43,One year,Bank transfer,0
CUST_08970,67,72,31.51,2257.91,Month-to-month,Credit card,1
CUST_08971,47,20,63.12,1292.42,One year,Bank transfer,0
CUST_08972,56,17,41.21,679.86,Two year,Bank transfer,0
CUST_08973,37,0,49.35,62.57,One year,Credit card,0
CUST_08974,41,15,67.16,1029.11,One year,Credit card,0
CUST_08975,40,43,43.56,1884.67,Month-to-month,Bank transfer,0
CUST_08976,24,5,44.59,297.4,Month-to-month,Credit card,1
CUST_08977,26,10,103.31,966.79,Month-to-month,Credit card,1
CUST_08978,18,0,74.81,38.03,Month-to-month,Mailed check,1
CUST_08979,43,72,105.68,7537.81,Two year,Electronic check,0
CUST_08980,55,1,71.45,83.92,Two year,Bank transfer,1
CUST_08981,55,54,110.93,6000.73,Two year,Electronic check,0
CUST_08982,71,9,45.47,434.51,Month-to-month,Credit card,1
CUST_08983,61,21,81.67,1636.95,One year,Credit card,0
CUST_08984,39,27,70.32,1918.61,One year,Bank transfer,0
CUST_08985,61,3,111.87,404.78,One year,Bank transfer,1
CUST_08986,27,14,61.85,843.43,Month-to-month,Mailed check,1
CUST_08987,72,9,105.48,923.75,Two year,Credit card,0
CUST_08988,23,1,76.39,58.44,Month-to-month,Credit card,1
CUST_08989,34,42,90.85,3865.3,One year,Electronic check,0
CUST_08990,68,1,108.69,76.24,Two year,Electronic check,0
CUST_08991,67,25,119.69,2981.52,Two year,Electronic check,1
CUST_08992,55,9,93.11,885.99,One year,Bank transfer,0
CUST_08993,41,5,51.45,223.93,Month-to-month,Electronic check,1
CUST_08994,68,26,49.9,1353.26,Month-to-month,Electronic check,1
CUST_08995,27,20,50.91,997.95,Month-to-month,Mailed check,1
CUST_08996,73,9,29.79,268.48,Two year,Bank transfer,0
CUST_08997,25,17,25.36,481.67,Month-to-month,Credit card,1
CUST_08998,38,6,78.08,517.48,Two year,Credit card,1
CUST_08999,73,47,101.06,4736.3,Two year,Bank transfer,0
CUST_09000,23,9,23.61,174.2,Two year,Electronic check,1
CUST_09001,38,6,76.66,537.23,Month-to-month,Bank transfer,1
CUST_09002,74,33,57.18,1882.3,Month-to-month,Electronic check,0
CUST_09003,56,0,109.25,27.83,One year,Mailed check,0
CUST_09004,41,7,34.54,282.87,Two year,Electronic check,0
CUST_09005,50,11,76.34,809.43,Two year,Mailed check,1
CUST_09006,35,51,117.09,5911.64,Month-to-month,Electronic check,1
CUST_09007,73,72,54.5,3959.49,One year,Bank transfer,0
CUST_09008,45,30,94.18,2760.03,One year,Electronic check,0
CUST_09009,74,16,108.25,1687.77,Month-to-month,Bank transfer,1
CUST_09010,69,24,38.62,964.77,One year,Bank transfer,0
CUST_09011,49,12,119.25,1455.32,One year,Bank transfer,0
CUST_09012,29,8,100.94,829.54,Month-to-month,Credit card,1
CUST_09013,65,72,33.76,2410.34,Month-to-month,Credit card,1
CUST_09014,59,2,51.09,168.04,One year,Mailed check,0
CUST_09015,44,10,82.5,783.59,One year,Bank transfer,1
CUST_09016,27,55,108.49,5870.14,Month-to-month,Mailed check,0
CUST_09017,63,30,39.48,1102.01,Month-to-month,Mailed check,0
CUST_09018,74,0,93.12,8.97,Two year,Electronic check,1
CUST_09019,69,0,47.06,0.36,Two year,Electronic check,1
CUST_09020,59,17,100.54,1747.52,Two year,Credit card,1
CUST_09021,49,15,88.34,1358.46,Month-to-month,Electronic check,1
CUST_09022,59,14,72.29,1010.87,Month-to-month,Bank transfer,1
CUST_09023,43,8,84.99,612.73,Two year,Bank transfer,1
CUST_09024,42,72,107.64,7723.3,Month-to-month,Credit card,1
CUST_09025,28,7,58.64,387.42,One year,Bank transfer,0
CUST_09026,40,16,96.93,1631.8,Month-to-month,Electronic check,1
CUST_09027,51,12,35.89,425.9,Month-to-month,Bank transfer,1
CUST_09028,74,4,90.12,411.86,Two year,Bank transfer,0
CUST_09029,69,5,95.07,485.83,Two year,Credit card,1
CUST_09030,57,60,64.3,3854.37,Two year,Bank transfer,0
CUST_09031,40,46,99.36,4547.31,Two year,Bank transfer,0
CUST_09032,46,5,75.71,404.64,One year,Bank transfer,0
CUST_09033,48,50,113.63,5630.87,Month-to-month,Mailed check,1
CUST_09034,24,5,31.25,154.79,Month-to-month,Bank transfer,1
CUST_09035,57,23,33.08,766.39,One year,Bank transfer,0
CUST_09036,50,2,104.24,218.51,Month-to-month,Electronic check,1
CUST_09037,38,50,104.24,5170.17,Two year,Bank transfer,0
CUST_09038,19,1,67.12,47.96,One year,Electronic check,0
CUST_09039,35,19,116.4,2227.29,One year,Credit card,0
CUST_09040,64,36,87.94,3177.17,One year,Credit card,0
CUST_09041,50,2,118.29,299.43,Month-to-month,Credit card,1
CUST_09042,54,12,73.24,868.78,One year,Bank transfer,0
CUST_09043,51,1,40.16,0.0,Two year,Credit card,0
CUST_09044,37,27,64.44,1716.7,One year,Electronic check,0
CUST_09045,52,8,118.05,892.1,One year,Electronic check,1
CUST_09046,68,19,57.04,1162.69,Month-to-month,Bank transfer,1
CUST_09047,67,64,115.7,7445.07,Two year,Electronic check,1
CUST_09048,71,8,99.7,815.58,Month-to-month,Credit card,1
CUST_09049,35,1,64.21,84.12,Two year,Electronic check,1
CUST_09050,63,27,74.19,1999.45,Two year,Bank transfer,0
CUST_09051,41,37,80.74,2919.4,Month-to-month,Mailed check,1
CUST_09052,25,72,86.58,6212.06,Two year,Electronic check,1
CUST_09053,47,4,27.67,0.0,Two year,Electronic check,0
CUST_09054,61,11,113.36,1281.74,One year,Electronic check,1
CUST_09055,70,44,79.7,3513.67,One year,Electronic check,0
CUST_09056,27,39,113.11,4415.17,Two year,Credit card,0
CUST_09057,40,23,83.19,1877.52,Month-to-month,Electronic check,1
CUST_09058,69,7,63.1,436.79,Two year,Electronic check,1
CUST_09059,66,8,76.69,643.71,One year,Credit card,0
CUST_09060,28,3,102.95,328.64,Two year,Mailed check,1
CUST_09061,19,61,52.61,3154.62,One year,Credit card,0
CUST_09062,43,4,115.65,427.97,One year,Credit card,1
CUST_09063,53,20,66.6,1365.32,Two year,Credit card,0
CUST_09064,50,21,115.62,2414.72,One year,Credit card,0
CUST_09065,64,11,108.08,1279.42,One year,Electronic check,1
CUST_09066,30,10,96.77,919.52,One year,Bank transfer,1
CUST_09067,57,26,66.74,1725.65,One year,Bank transfer,0
CUST_09068,42,11,78.69,846.91,Month-to-month,Bank transfer,0
CUST_09069,21,7,103.8,715.81,Month-to-month,Electronic check,1
CUST_09070,59,12,74.41,843.85,Month-to-month,Electronic check,0
CUST_09071,36,39,93.82,3566.71,Month-to-month,Bank transfer,0
CUST_09072,35,72,99.07,7161.5,Month-to-month,Electronic check,1
CUST_09073,54,24,71.31,1786.03,One year,Electronic check,1
CUST_09074,47,36,73.62,2627.18,One year,Mailed check,1
CUST_09075,36,18,39.78,730.4,Month-to-month,Bank transfer,1
CUST_09076,40,23,44.47,1014.53,Month-to-month,Credit card,0
CUST_09077,71,72,110.49,7946.63,One year,Bank transfer,0
CUST_09078,33,13,104.03,1321.82,One year,Credit card,0
CUST_09079,18,1,21.01,55.79,Month-to-month,Electronic check,1
CUST_09080,29,72,106.94,7712.2,Month-to-month,Bank transfer,1
CUST_09081,41,37,22.52,800.27,Month-to-month,Electronic check,0
CUST_09082,51,12,65.83,828.86,Two year,Bank transfer,0
CUST_09083,70,72,26.74,1996.76,One year,Credit card,0
CUST_09084,74,10,116.88,1227.63,Month-to-month,Electronic check,1
CUST_09085,25,11,117.23,1282.01,Month-to-month,Bank transfer,1
CUST_09086,35,22,81.09,1741.73,Two year,Credit card,1
CUST_09087,74,7,59.22,371.19,One year,Bank transfer,0
CUST_09088,65,28,71.2,1969.74,Month-to-month,Electronic check,1
CUST_09089,22,3,96.23,268.15,Two year,Electronic check,1
CUST_09090,43,2,42.32,128.14,Month-to-month,Electronic check,0
CUST_09091,47,18,64.17,1061.58,One year,Electronic check,0
CUST_09092,71,19,93.73,1777.76,Month-to-month,Bank transfer,0
CUST_09093,30,2,59.54,93.29,Month-to-month,Mailed check,1
CUST_09094,36,72,23.2,1634.3,One year,Bank transfer,0
CUST_09095,46,20,70.74,1440.72,Month-to-month,Mailed check,1
CUST_09096,20,3,93.74,248.05,Month-to-month,Electronic check,1
CUST_09097,43,8,117.68,934.49,Two year,Bank transfer,0
CUST_09098,57,38,23.7,943.84,Month-to-month,Bank transfer,1
CUST_09099,29,17,73.99,1243.46,One year,Electronic check,0
CUST_09100,19,5,64.99,387.47,Month-to-month,Credit card,1
CUST_09101,28,2,44.24,48.51,Two year,Mailed check,0
CUST_09102,61,13,83.78,946.21,Two year,Bank transfer,0
CUST_09103,45,9,36.36,352.01,Month-to-month,Electronic check,1
CUST_09104,35,25,48.39,1225.34,One year,Mailed check,0
CUST_09105,30,62,98.18,6138.18,One year,Credit card,0
CUST_09106,54,6,66.04,417.7,Month-to-month,Credit card,1
CUST_09107,39,46,119.37,5565.89,One year,Electronic check,1
CUST_09108,29,60,58.65,3534.6,Two year,Credit card,0
CUST_09109,19,55,66.33,3699.2,Month-to-month,Electronic check,0
CUST_09110,54,72,50.03,3644.2,Two year,Credit card,0
CUST_09111,24,44,43.63,1890.45,Month-to-month,Bank transfer,0
CUST_09112,43,21,112.23,2334.38,One year,Mailed check,0
CUST_09113,43,12,94.88,1126.5,Month-to-month,Credit card,0
CUST_09114,41,16,53.34,961.29,One year,Bank transfer,1
CUST_09115,29,49,90.02,4382.77,Month-to-month,Mailed check,1
CUST_09116,33,8,116.58,953.76,Month-to-month,Electronic check,1
CUST_09117,40,4,27.4,114.87,One year,Credit card,0
CUST_09118,57,3,46.45,150.91,Month-to-month,Credit card,1
CUST_09119,26,42,40.06,1685.46,Month-to-month,Mailed check,0
CUST_09120,49,34,106.98,3619.02,Month-to-month,Electronic check,1
CUST_09121,32,16,37.92,550.52,Month-to-month,Electronic check,1
CUST_09122,54,7,50.81,308.94,One year,Electronic check,1
CUST_09123,30,27,74.39,2045.84,Month-to-month,Electronic check,1
CUST_09124,22,0,82.11,23.52,One year,Bank transfer,1
CUST_09125,28,20,100.82,2026.89,One year,Electronic check,0
CUST_09126,27,12,60.73,818.99,Two year,Electronic check,0
CUST_09127,69,72,73.42,5408.71,Month-to-month,Bank transfer,0
CUST_09128,30,17,116.55,1934.3,One year,Electronic check,1
CUST_09129,58,19,49.74,1015.65,Month-to-month,Credit card,0
CUST_09130,70,29,44.81,1239.5,Month-to-month,Electronic check,0
CUST_09131,63,15,91.06,1344.05,One year,Bank transfer,0
CUST_09132,67,6,97.11,590.89,One year,Bank transfer,0
CUST_09133,32,18,61.48,1148.71,Month-to-month,Electronic check,1
CUST_09134,59,69,41.3,2786.64,Two year,Credit card,0
CUST_09135,73,12,97.89,1178.64,One year,Bank transfer,0
CUST_09136,24,27,87.05,2356.21,Month-to-month,Mailed check,1
CUST_09137,57,72,107.62,7675.53,Month-to-month,Credit card,1
CUST_09138,45,42,104.43,4407.96,Month-to-month,Credit card,0
CUST_09139,49,25,40.52,1006.87,Month-to-month,Bank transfer,1
CUST_09140,52,31,103.23,3228.71,Month-to-month,Electronic check,1
CUST_09141,32,66,37.52,2452.78,Month-to-month,Mailed check,1
CUST_09142,65,72,106.37,7640.0,Month-to-month,Bank transfer,0
CUST_09143,53,72,97.03,7100.08,Month-to-month,Electronic check,1
CUST_09144,38,23,76.99,1731.66,Month-to-month,Bank transfer,1
CUST_09145,23,11,84.22,917.32,Month-to-month,Bank transfer,1
CUST_09146,18,3,30.41,65.64,Month-to-month,Bank transfer,0
CUST_09147,21,11,23.99,270.63,One year,Bank transfer,1
CUST_09148,28,68,53.06,3623.0,One year,Credit card,0
CUST_09149,61,52,102.14,5372.07,One year,Credit card,0
CUST_09150,43,17,66.58,1104.31,Two year,Bank transfer,0
CUST_09151,54,18,42.34,749.46,Month-to-month,Electronic check,1
CUST_09152,40,8,103.45,839.86,Month-to-month,Credit card,1
CUST_09153,46,14,42.86,510.27,One year,Electronic check,1
CUST_09154,38,30,101.55,3104.84,Month-to-month,Electronic check,1
CUST_09155,65,12,65.3,621.45,Month-to-month,Bank transfer,0
CUST_09156,62,4,66.35,301.37,Month-to-month,Bank transfer,1
CUST_09157,62,18,47.27,1024.62,Month-to-month,Bank transfer,1
CUST_09158,66,6,110.02,690.39,Month-to-month,Mailed check,1
CUST_09159,44,72,28.88,2114.38,Two year,Credit card,0
CUST_09160,56,11,34.44,384.16,One year,Credit card,0
CUST_09161,57,57,83.59,4722.81,One year,Bank transfer,1
CUST_09162,30,6,105.01,669.51,One year,Mailed check,1
CUST_09163,40,5,29.55,77.41,Month-to-month,Bank transfer,1
CUST_09164,33,23,93.38,2088.65,Month-to-month,Electronic check,1
CUST_09165,47,36,94.25,3370.24,Two year,Credit card,0
CUST_09166,21,20,78.15,1589.12,Month-to-month,Credit card,0
CUST_09167,57,6,68.67,350.16,Month-to-month,Credit card,1
CUST_09168,33,0,52.11,33.71,Month-to-month,Bank transfer,1
CUST_09169,48,23,55.15,1290.41,Month-to-month,Credit card,1
CUST_09170,70,3,87.44,266.32,Month-to-month,Credit card,1
CUST_09171,59,10,26.53,181.91,One year,Credit card,0
CUST_09172,42,27,78.49,2165.29,Month-to-month,Credit card,0
CUST_09173,61,2,47.87,83.47,Month-to-month,Credit card,0
CUST_09174,29,3,66.66,196.46,Two year,Electronic check,0
CUST_09175,43,1,75.9,51.4,One year,Credit card,1
CUST_09176,54,72,108.57,7738.95,One year,Mailed check,0
CUST_09177,65,11,77.91,807.66,One year,Bank transfer,0
CUST_09178,50,56,42.72,2439.85,Month-to-month,Credit card,0
CUST_09179,45,8,27.95,303.35,One year,Mailed check,0
CUST_09180,26,33,82.7,2756.74,One year,Electronic check,0
CUST_09181,29,5,74.5,410.21,One year,Bank transfer,1
CUST_09182,22,16,87.18,1477.79,One year,Credit card,0
CUST_09183,71,41,65.94,2785.16,One year,Credit card,0
CUST_09184,69,40,102.51,4129.99,One year,Credit card,0
CUST_09185,71,37,112.02,4114.8,One year,Credit card,1
CUST_09186,45,41,24.0,885.09,One year,Credit card,0
CUST_09187,73,5,94.41,475.2,One year,Electronic check,0
CUST_09188,52,15,23.52,361.52,Month-to-month,Mailed check,0
CUST_09189,22,15,64.51,1098.5,Month-to-month,Mailed check,1
CUST_09190,51,53,66.16,3539.72,One year,Electronic check,0
CUST_09191,63,8,89.62,727.29,Two year,Credit card,0
CUST_09192,51,64,55.24,3490.94,Month-to-month,Bank transfer,1
CUST_09193,30,14,102.09,1433.65,Two year,Credit card,0
CUST_09194,56,26,54.29,1474.12,One year,Bank transfer,0
CUST_09195,59,7,54.25,369.44,One year,Bank transfer,1
CUST_09196,62,12,42.28,443.07,Two year,Mailed check,0
CUST_09197,65,29,88.39,2520.44,One year,Credit card,0
CUST_09198,31,17,27.66,402.38,Two year,Bank transfer,0
CUST_09199,28,64,56.31,3569.45,Month-to-month,Mailed check,1
CUST_09200,59,32,46.69,1437.15,Month-to-month,Credit card,0
CUST_09201,55,19,42.93,843.14,Month-to-month,Bank transfer,0
CUST_09202,21,52,26.1,1391.5,Two year,Mailed check,0
CUST_09203,70,26,39.04,1090.52,Two year,Bank transfer,0
CUST_09204,50,25,64.62,1612.97,Month-to-month,Electronic check,1
CUST_09205,24,6,70.37,418.81,Month-to-month,Credit card,0
CUST_09206,73,12,46.95,580.67,Two year,Bank transfer,0
CUST_09207,58,27,85.02,2267.41,One year,Credit card,1
CUST_09208,25,53,53.58,2783.38,One year,Mailed check,0
CUST_09209,54,9,56.72,465.38,Two year,Credit card,0
CUST_09210,68,5,98.26,521.71,Month-to-month,Bank transfer,1
CUST_09211,27,21,75.2,1625.06,Month-to-month,Electronic check,1
CUST_09212,60,1,115.32,234.82,Two year,Electronic check,1
CUST_09213,74,30,55.93,1626.55,Month-to-month,Electronic check,1
CUST_09214,32,29,102.78,2927.04,Month-to-month,Credit card,1
CUST_09215,55,10,93.83,843.1,Month-to-month,Electronic check,1
CUST_09216,32,53,109.02,5785.82,Month-to-month,Bank transfer,0
CUST_09217,22,16,115.68,1877.89,Month-to-month,Bank transfer,0
CUST_09218,46,24,20.77,466.89,One year,Credit card,1
CUST_09219,36,5,28.83,67.88,Two year,Credit card,0
CUST_09220,71,12,87.43,1149.15,Month-to-month,Bank transfer,0
CUST_09221,68,47,59.02,2792.08,One year,Electronic check,1
CUST_09222,27,5,101.91,448.29,Month-to-month,Bank transfer,1
CUST_09223,29,11,21.2,215.16,Month-to-month,Electronic check,0
CUST_09224,71,9,100.7,1020.89,One year,Credit card,1
CUST_09225,21,3,33.52,147.98,Two year,Bank transfer,0
CUST_09226,48,8,49.02,375.73,Two year,Electronic check,0
CUST_09227,35,6,116.91,653.65,Month-to-month,Bank transfer,1
CUST_09228,33,61,25.16,1602.84,Month-to-month,Electronic check,1
CUST_09229,57,32,54.9,1685.38,Two year,Credit card,0
CUST_09230,53,9,28.45,281.02,Month-to-month,Credit card,0
CUST_09231,42,34,105.36,3606.35,One year,Mailed check,0
CUST_09232,40,0,90.3,55.15,Month-to-month,Credit card,1
CUST_09233,29,17,100.03,1728.62,One year,Credit card,0
CUST_09234,51,6,72.73,467.54,One year,Electronic check,1
CUST_09235,53,2,55.77,128.42,One year,Mailed check,0
CUST_09236,54,51,20.23,1047.03,Two year,Electronic check,0
CUST_09237,20,5,47.79,332.6,Month-to-month,Mailed check,1
CUST_09238,26,41,71.46,2930.62,Month-to-month,Mailed check,1
CUST_09239,70,12,86.44,1080.7,Month-to-month,Bank transfer,1
CUST_09240,35,0,42.89,0.0,Month-to-month,Electronic check,0
CUST_09241,60,31,33.89,999.16,Month-to-month,Electronic check,1
CUST_09242,52,21,40.16,819.42,Month-to-month,Bank transfer,1
CUST_09243,74,10,55.41,541.84,Month-to-month,Mailed check,1
CUST_09244,72,7,34.84,191.41,Two year,Electronic check,1
CUST_09245,51,1,35.68,0.0,One year,Mailed check,0
CUST_09246,58,68,24.38,1717.74,One year,Bank transfer,0
CUST_09247,31,16,105.67,1660.79,One year,Bank transfer,0
CUST_09248,21,2,41.98,69.88,One year,Electronic check,0
CUST_09249,46,48,102.19,4876.43,One year,Credit card,1
CUST_09250,58,7,63.83,331.07,Month-to-month,Bank transfer,0
CUST_09251,62,5,83.24,498.14,Month-to-month,Bank transfer,1
CUST_09252,67,7,27.57,146.9,Month-to-month,Credit card,0
CUST_09253,32,19,78.36,1539.44,Two year,Electronic check,0
CUST_09254,45,1,49.0,0.0,One year,Bank transfer,0
CUST_09255,59,15,29.52,454.15,One year,Bank transfer,0
CUST_09256,33,54,110.82,6031.89,Month-to-month,Electronic check,1
CUST_09257,29,5,80.36,342.94,One year,Bank transfer,1
CUST_09258,69,9,44.17,377.07,One year,Electronic check,1
CUST_09259,22,12,61.96,712.5,Month-to-month,Bank transfer,0
CUST_09260,51,21,55.69,1146.98,Month-to-month,Mailed check,0
CUST_09261,59,60,90.06,5442.28,Two year,Credit card,0
CUST_09262,18,12,80.74,1038.26,One year,Credit card,0
CUST_09263,56,1,21.98,4.13,Month-to-month,Credit card,0
CUST_09264,49,10,39.78,411.28,Month-to-month,Bank transfer,1
CUST_09265,43,5,67.81,273.53,Month-to-month,Electronic check,0
CUST_09266,34,25,64.55,1737.23,One year,Credit card,0
CUST_09267,65,0,71.67,25.03,One year,Bank transfer,0
CUST_09268,44,8,91.48,773.83,One year,Mailed check,0
CUST_09269,41,18,88.2,1563.52,Two year,Bank transfer,0
CUST_09270,52,7,57.28,454.48,Two year,Electronic check,0
CUST_09271,63,19,107.76,2054.39,Two year,Bank transfer,0
CUST_09272,59,2,26.29,100.81,Month-to-month,Electronic check,0
CUST_09273,71,68,78.45,5288.48,Month-to-month,Mailed check,1
CUST_09274,56,8,114.97,928.8,Month-to-month,Bank transfer,1
CUST_09275,43,61,74.91,4467.99,Month-to-month,Credit card,0
CUST_09276,66,9,65.51,620.79,Two year,Bank transfer,1
CUST_09277,55,36,33.39,1229.81,Month-to-month,Mailed check,1
CUST_09278,40,6,101.02,513.64,Two year,Electronic check,0
CUST_09279,39,26,57.38,1435.25,One year,Bank transfer,0
CUST_09280,21,9,90.12,770.09,Month-to-month,Bank transfer,1
CUST_09281,66,17,39.75,700.42,One year,Electronic check,0
CUST_09282,26,26,24.19,488.14,Month-to-month,Bank transfer,1
CUST_09283,21,21,50.55,1159.03,Month-to-month,Mailed check,0
CUST_09284,24,20,48.14,925.58,Two year,Mailed check,0
CUST_09285,40,1,107.35,256.74,One year,Credit card,0
CUST_09286,19,6,106.47,639.41,Month-to-month,Electronic check,1
CUST_09287,66,20,73.39,1349.99,Two year,Mailed check,0
CUST_09288,41,0,21.9,0.0,Month-to-month,Mailed check,1
CUST_09289,57,6,42.83,257.94,Month-to-month,Electronic check,1
CUST_09290,72,6,83.9,435.04,Month-to-month,Credit card,1
CUST_09291,48,6,30.14,130.81,Month-to-month,Credit card,1
CUST_09292,64,18,90.06,1497.66,Month-to-month,Bank transfer,1
CUST_09293,48,20,21.2,401.3,Two year,Credit card,0
CUST_09294,64,57,88.25,5104.08,Two year,Electronic check,1
CUST_09295,57,11,104.45,1112.87,Two year,Electronic check,1
CUST_09296,65,62,66.92,4175.69,One year,Electronic check,0
CUST_09297,68,25,102.91,2518.87,One year,Bank transfer,1
CUST_09298,60,58,98.15,5743.34,One year,Bank transfer,0
CUST_09299,51,43,87.14,3721.61,Month-to-month,Credit card,0
CUST_09300,72,27,64.51,1754.39,One year,Bank transfer,0
CUST_09301,41,10,47.19,432.45,Two year,Electronic check,0
CUST_09302,66,6,106.09,619.3,Month-to-month,Credit card,1
CUST_09303,43,6,84.86,442.6,Month-to-month,Bank transfer,1
CUST_09304,33,72,99.8,7265.94,Month-to-month,Credit card,1
CUST_09305,74,72,75.2,5416.86,Month-to-month,Bank transfer,1
CUST_09306,64,30,37.19,1075.91,One year,Electronic check,0
CUST_09307,30,51,117.94,6001.43,One year,Credit card,1
CUST_09308,32,60,38.27,2317.16,Month-to-month,Credit card,0
CUST_09309,44,17,111.12,1922.69,Month-to-month,Mailed check,1
CUST_09310,21,23,40.81,909.39,One year,Electronic check,0
CUST_09311,33,13,57.37,780.79,One year,Electronic check,1
CUST_09312,47,13,64.01,831.45,Two year,Mailed check,0
CUST_09313,61,0,112.14,0.0,Month-to-month,Bank transfer,1
CUST_09314,47,13,108.82,1395.15,Month-to-month,Mailed check,1
CUST_09315,53,26,102.32,2628.96,Month-to-month,Electronic check,1
CUST_09316,20,13,57.67,843.62,Month-to-month,Credit card,1
CUST_09317,39,49,20.45,1007.92,Month-to-month,Credit card,1
CUST_09318,66,9,88.16,830.55,Month-to-month,Mailed check,1
CUST_09319,39,3,61.1,243.31,One year,Electronic check,0
CUST_09320,67,40,95.71,3832.93,Month-to-month,Electronic check,1
CUST_09321,74,26,99.49,2633.9,Two year,Credit card,0
CUST_09322,67,6,63.97,385.22,Month-to-month,Bank transfer,0
CUST_09323,72,18,94.81,1701.78,Month-to-month,Mailed check,1
CUST_09324,66,12,103.99,1232.06,Month-to-month,Mailed check,0
CUST_09325,29,67,112.85,7538.17,Two year,Electronic check,0
CUST_09326,72,22,78.25,1747.8,One year,Mailed check,0
CUST_09327,38,4,97.85,338.22,Month-to-month,Bank transfer,1
CUST_09328,73,16,69.46,1053.21,Month-to-month,Bank transfer,0
CUST_09329,21,47,24.17,1180.4,One year,Electronic check,1
CUST_09330,48,26,35.52,981.75,One year,Credit card,0
CUST_09331,61,44,32.82,1528.55,Month-to-month,Bank transfer,0
CUST_09332,48,6,37.18,202.73,One year,Mailed check,0
CUST_09333,40,52,21.02,1006.73,Month-to-month,Bank transfer,0
CUST_09334,71,33,105.87,3399.12,Month-to-month,Electronic check,1
CUST_09335,70,31,76.01,2422.79,One year,Electronic check,0
CUST_09336,37,10,58.32,626.61,Two year,Mailed check,1
CUST_09337,32,52,60.98,3194.03,One year,Electronic check,0
CUST_09338,40,24,66.34,1623.99,Month-to-month,Mailed check,0
CUST_09339,45,45,27.39,1266.77,Month-to-month,Bank transfer,0
CUST_09340,33,10,47.47,569.5,Two year,Credit card,0
CUST_09341,54,3,105.16,260.93,Month-to-month,Bank transfer,1
CUST_09342,38,9,94.37,805.51,One year,Bank transfer,1
CUST_09343,32,14,76.34,1093.13,One year,Credit card,0
CUST_09344,34,18,68.07,1263.75,One year,Credit card,1
CUST_09345,67,17,45.9,719.91,Month-to-month,Mailed check,0
CUST_09346,54,18,67.13,1249.76,Month-to-month,Bank transfer,1
CUST_09347,30,44,79.79,3488.58,One year,Electronic check,1
CUST_09348,36,4,91.26,390.97,Two year,Bank transfer,0
CUST_09349,47,9,36.66,265.31,Month-to-month,Mailed check,0
CUST_09350,62,52,101.31,5171.57,One year,Mailed check,0
CUST_09351,35,19,54.58,1065.71,One year,Electronic check,1
CUST_09352,31,21,70.33,1576.97,One year,Bank transfer,0
CUST_09353,53,15,80.79,1213.92,One year,Bank transfer,1
CUST_09354,53,19,68.81,1398.66,One year,Bank transfer,1
CUST_09355,37,5,77.2,317.13,Two year,Electronic check,1
CUST_09356,69,18,31.15,516.52,Month-to-month,Credit card,1
CUST_09357,36,72,63.22,4576.44,Two year,Electronic check,1
CUST_09358,62,20,48.05,987.89,One year,Credit card,0
CUST_09359,61,1,28.6,3.32,One year,Credit card,0
CUST_09360,24,38,39.16,1517.42,Month-to-month,Electronic check,1
CUST_09361,74,12,80.24,936.01,One year,Electronic check,0
CUST_09362,61,4,39.67,164.56,Month-to-month,Mailed check,1
CUST_09363,70,47,38.11,1808.61,Month-to-month,Credit card,0
CUST_09364,21,5,75.28,468.98,Month-to-month,Credit card,1
CUST_09365,51,60,110.47,6584.27,Two year,Electronic check,0
CUST_09366,19,13,98.87,1315.19,One year,Mailed check,1
CUST_09367,22,32,110.51,3578.71,One year,Electronic check,1
CUST_09368,72,19,78.3,1602.12,One year,Electronic check,0
CUST_09369,27,7,60.99,502.91,Two year,Credit card,1
CUST_09370,49,26,92.96,2451.15,Two year,Credit card,0
CUST_09371,59,72,46.14,3224.93,Month-to-month,Bank transfer,1
CUST_09372,58,35,27.81,997.46,Month-to-month,Electronic check,0
CUST_09373,30,22,54.46,1253.7,One year,Bank transfer,1
CUST_09374,56,72,49.92,3539.81,Month-to-month,Mailed check,0
CUST_09375,22,7,87.55,569.58,Two year,Credit card,1
CUST_09376,27,1,75.14,166.04,Month-to-month,Credit card,1
CUST_09377,27,0,33.83,62.48,One year,Mailed check,0
CUST_09378,55,29,110.85,3138.48,One year,Electronic check,1
CUST_09379,44,42,79.33,3333.19,Month-to-month,Credit card,1
CUST_09380,68,24,65.77,1577.94,Month-to-month,Bank transfer,0
CUST_09381,38,56,113.72,6447.65,Month-to-month,Mailed check,1
CUST_09382,25,28,29.73,915.68,One year,Electronic check,1
CUST_09383,18,11,98.96,1103.69,Month-to-month,Electronic check,1
CUST_09384,45,4,56.47,175.68,One year,Electronic check,0
CUST_09385,66,62,89.54,5530.22,One year,Electronic check,1
CUST_09386,56,2,113.07,135.63,One year,Bank transfer,0
CUST_09387,31,18,71.77,1213.97,Month-to-month,Bank transfer,1
CUST_09388,38,9,22.26,335.29,Month-to-month,Credit card,1
CUST_09389,47,7,22.88,144.87,One year,Electronic check,0
CUST_09390,38,24,53.06,1258.62,Month-to-month,Electronic check,1
CUST_09391,66,6,98.17,582.23,One year,Bank transfer,1
CUST_09392,26,59,48.83,2886.61,Month-to-month,Bank transfer,1
CUST_09393,34,12,53.45,662.36,One year,Credit card,1
CUST_09394,22,27,98.45,2611.43,One year,Bank transfer,0
CUST_09395,74,31,31.62,1056.06,One year,Mailed check,0
CUST_09396,48,27,104.68,2793.55,Two year,Bank transfer,0
CUST_09397,69,56,46.58,2523.03,Month-to-month,Credit card,0
CUST_09398,57,6,25.12,81.87,Two year,Electronic check,0
CUST_09399,55,2,31.73,62.84,Month-to-month,Credit card,1
CUST_09400,60,1,115.26,161.43,Month-to-month,Bank transfer,1
CUST_09401,36,50,65.13,3296.53,Month-to-month,Credit card,0
CUST_09402,53,72,45.64,3350.09,One year,Credit card,0
CUST_09403,67,8,72.13,514.1,One year,Electronic check,0
CUST_09404,50,28,88.23,2536.23,One year,Bank transfer,1
CUST_09405,30,0,51.88,24.9,One year,Bank transfer,0
CUST_09406,31,5,92.53,446.66,Two year,Bank transfer,1
CUST_09407,73,28,45.23,1229.1,One year,Electronic check,0
CUST_09408,50,1,31.23,0.0,Month-to-month,Credit card,0
CUST_09409,46,15,74.97,1151.23,Month-to-month,Credit card,1
CUST_09410,60,26,35.11,916.32,Month-to-month,Bank transfer,0
CUST_09411,66,34,114.05,3786.84,Month-to-month,Electronic check,1
CUST_09412,53,14,20.04,265.52,Month-to-month,Credit card,0
CUST_09413,61,23,95.57,2176.81,Month-to-month,Bank transfer,1
CUST_09414,27,18,47.95,922.2,Two year,Bank transfer,0
CUST_09415,48,1,104.61,122.02,One year,Electronic check,0
CUST_09416,23,32,26.02,811.47,Two year,Electronic check,0
CUST_09417,74,4,115.3,421.63,Two year,Bank transfer,0
CUST_09418,18,0,30.14,13.45,One year,Electronic check,1
CUST_09419,24,14,98.79,1351.3,Month-to-month,Bank transfer,1
CUST_09420,44,48,71.73,3370.35,One year,Electronic check,0
CUST_09421,38,3,63.04,206.73,Month-to-month,Credit card,1
CUST_09422,45,0,48.02,0.0,Month-to-month,Credit card,0
CUST_09423,33,2,104.14,199.04,Month-to-month,Electronic check,1
CUST_09424,73,10,39.98,403.3,Month-to-month,Electronic check,1
CUST_09425,63,20,92.12,1869.78,One year,Bank transfer,1
CUST_09426,40,5,64.58,257.38,Two year,Mailed check,1
CUST_09427,69,38,119.85,4513.01,Month-to-month,Electronic check,1
CUST_09428,37,33,81.14,2751.42,Month-to-month,Bank transfer,1
CUST_09429,55,28,30.42,907.46,Month-to-month,Credit card,0
CUST_09430,71,16,61.95,1093.02,One year,Electronic check,1
CUST_09431,42,10,26.63,305.93,Month-to-month,Electronic check,0
CUST_09432,45,11,48.57,569.51,Two year,Bank transfer,0
CUST_09433,22,16,54.33,864.96,Month-to-month,Credit card,1
CUST_09434,73,1,105.32,30.48,Two year,Electronic check,1
CUST_09435,38,27,103.8,2836.63,Month-to-month,Bank transfer,0
CUST_09436,35,10,21.16,207.55,One year,Electronic check,0
CUST_09437,64,6,73.23,354.61,Month-to-month,Credit card,0
CUST_09438,23,7,42.35,325.48,One year,Bank transfer,1
CUST_09439,74,4,52.01,264.09,Month-to-month,Bank transfer,1
CUST_09440,46,55,22.17,1179.16,Two year,Credit card,0
CUST_09441,36,4,94.97,361.22,Month-to-month,Bank transfer,1
CUST_09442,50,51,115.06,5886.45,One year,Credit card,0
CUST_09443,18,20,41.93,794.11,Month-to-month,Electronic check,0
CUST_09444,62,48,54.18,2593.3,Month-to-month,Bank transfer,1
CUST_09445,20,15,40.64,621.05,Month-to-month,Electronic check,0
CUST_09446,59,63,113.0,7159.13,Two year,Credit card,0
CUST_09447,38,5,20.94,104.19,Month-to-month,Bank transfer,1
CUST_09448,52,19,78.39,1515.79,Month-to-month,Credit card,0
CUST_09449,58,3,107.08,310.94,Month-to-month,Electronic check,1
CUST_09450,57,14,38.63,548.06,One year,Electronic check,1
CUST_09451,20,20,79.0,1597.85,Month-to-month,Bank transfer,1
CUST_09452,42,22,25.06,427.86,Two year,Electronic check,0
CUST_09453,62,10,101.46,980.88,One year,Electronic check,1
CUST_09454,55,1,47.44,104.11,One year,Credit card,0
CUST_09455,62,25,118.88,2870.72,Month-to-month,Electronic check,1
CUST_09456,72,16,112.2,1814.93,One year,Mailed check,0
CUST_09457,37,3,93.25,349.03,Month-to-month,Credit card,1
CUST_09458,69,65,69.68,4586.07,Month-to-month,Electronic check,1
CUST_09459,61,72,96.66,7001.15,Month-to-month,Mailed check,1
CUST_09460,62,46,33.06,1607.29,One year,Credit card,0
CUST_09461,51,44,51.02,2305.94,Month-to-month,Credit card,1
CUST_09462,38,2,22.69,26.19,Month-to-month,Bank transfer,0
CUST_09463,73,72,84.5,6119.89,One year,Credit card,0
CUST_09464,72,12,100.55,1137.4,Month-to-month,Electronic check,1
CUST_09465,65,4,114.63,507.24,One year,Electronic check,1
CUST_09466,40,40,88.65,3542.49,One year,Bank transfer,0
CUST_09467,23,6,93.21,613.15,Month-to-month,Credit card,1
CUST_09468,68,17,109.55,1876.07,Month-to-month,Bank transfer,1
CUST_09469,70,3,113.64,390.79,Month-to-month,Bank transfer,0
CUST_09470,30,15,69.13,1044.12,One year,Credit card,0
CUST_09471,66,19,30.98,576.01,Two year,Bank transfer,0
CUST_09472,40,14,66.64,948.39,Month-to-month,Credit card,1
CUST_09473,26,1,75.61,0.0,One year,Bank transfer,1
CUST_09474,34,15,83.15,1242.1,One year,Bank transfer,1
CUST_09475,19,15,118.93,1761.69,One year,Mailed check,0
CUST_09476,36,7,111.76,713.4,One year,Credit card,1
CUST_09477,36,61,59.64,3603.15,Month-to-month,Bank transfer,0
CUST_09478,73,12,31.35,311.34,Month-to-month,Credit card,0
CUST_09479,24,47,41.48,1872.47,Two year,Credit card,0
CUST_09480,71,2,37.38,46.04,One year,Bank transfer,1
CUST_09481,59,9,55.6,525.64,Month-to-month,Credit card,1
CUST_09482,59,4,107.65,355.75,Month-to-month,Bank transfer,1
CUST_09483,37,12,63.8,763.27,Month-to-month,Electronic check,1
CUST_09484,26,2,76.73,163.37,Two year,Bank transfer,0
CUST_09485,34,13,37.92,487.34,One year,Electronic check,0
CUST_09486,44,10,69.28,734.71,One year,Bank transfer,1
CUST_09487,64,6,107.36,799.66,Month-to-month,Credit card,1
CUST_09488,19,24,97.35,2418.97,Month-to-month,Credit card,1
CUST_09489,53,72,28.12,1992.65,Month-to-month,Bank transfer,1
CUST_09490,36,5,106.21,482.75,Month-to-month,Credit card,1
CUST_09491,34,29,47.38,1350.8,Month-to-month,Bank transfer,0
CUST_09492,22,32,86.57,2796.13,Month-to-month,Bank transfer,1
CUST_09493,56,16,34.64,556.33,Month-to-month,Credit card,1
CUST_09494,35,54,87.46,4725.3,One year,Bank transfer,0
CUST_09495,70,72,23.57,1701.96,Month-to-month,Mailed check,0
CUST_09496,71,10,80.06,804.46,Month-to-month,Credit card,1
CUST_09497,24,25,84.59,2127.96,Two year,Electronic check,0
CUST_09498,34,26,44.45,1202.6,Month-to-month,Credit card,1
CUST_09499,56,12,113.7,1381.87,Month-to-month,Mailed check,1
CUST_09500,53,9,24.6,166.62,Two year,Bank transfer,0
CUST_09501,57,65,109.17,7142.35,One year,Bank transfer,0
CUST_09502,62,37,58.19,2207.6,One year,Electronic check,0
CUST_09503,21,2,91.39,175.43,Month-to-month,Credit card,1
CUST_09504,55,3,85.15,270.89,Two year,Bank transfer,0
CUST_09505,42,61,36.82,2222.68,Month-to-month,Mailed check,0
CUST_09506,22,2,51.9,65.0,Two year,Credit card,1
CUST_09507,47,27,72.97,1937.51,Two year,Bank transfer,0
CUST_09508,29,6,104.65,598.6,One year,Credit card,1
CUST_09509,21,0,115.49,72.13,One year,Credit card,0
CUST_09510,41,1,22.06,18.36,One year,Electronic check,0
CUST_09511,46,11,55.26,566.99,Month-to-month,Bank transfer,0
CUST_09512,26,1,86.81,74.74,One year,Credit card,1
CUST_09513,21,21,72.77,1561.39,Two year,Credit card,0
CUST_09514,68,25,114.3,2930.15,Month-to-month,Mailed check,1
CUST_09515,41,11,21.7,265.78,Two year,Credit card,1
CUST_09516,31,32,63.77,2039.42,One year,Bank transfer,0
CUST_09517,22,16,86.88,1476.42,One year,Electronic check,1
CUST_09518,35,13,41.76,531.9,Month-to-month,Electronic check,1
CUST_09519,59,12,92.59,1096.99,Month-to-month,Bank transfer,1
CUST_09520,74,13,28.12,307.91,Two year,Credit card,0
CUST_09521,36,72,65.1,4656.6,Month-to-month,Mailed check,1
CUST_09522,29,27,87.62,2307.77,One year,Credit card,1
CUST_09523,35,9,46.68,354.88,One year,Bank transfer,0
CUST_09524,34,31,27.38,844.71,Month-to-month,Electronic check,1
CUST_09525,47,9,115.7,1016.66,One year,Credit card,0
CUST_09526,41,3,111.38,394.36,Month-to-month,Bank transfer,1
CUST_09527,28,15,112.64,1704.85,One year,Bank transfer,0
CUST_09528,52,33,117.85,3923.67,Month-to-month,Electronic check,1
CUST_09529,40,11,38.47,446.87,One year,Electronic check,0
CUST_09530,34,48,35.78,1663.45,Two year,Bank transfer,0
CUST_09531,18,11,23.42,247.46,Month-to-month,Credit card,0
CUST_09532,32,10,109.18,1112.91,One year,Electronic check,1
CUST_09533,49,72,95.28,6773.04,Month-to-month,Credit card,1
CUST_09534,26,15,83.33,1161.66,Month-to-month,Bank transfer,1
CUST_09535,32,39,112.77,4407.39,One year,Bank transfer,0
CUST_09536,45,39,77.51,3010.64,Two year,Credit card,1
CUST_09537,41,62,32.97,1870.0,Two year,Electronic check,1
CUST_09538,52,2,37.69,0.0,Month-to-month,Credit card,0
CUST_09539,39,7,33.22,183.62,One year,Credit card,1
CUST_09540,44,35,50.77,1802.0,One year,Mailed check,0
CUST_09541,36,19,57.95,1076.2,Two year,Bank transfer,0
CUST_09542,62,19,99.68,1951.37,Month-to-month,Electronic check,1
CUST_09543,29,4,39.13,120.31,Two year,Bank transfer,0
CUST_09544,37,7,92.54,619.99,Two year,Bank transfer,0
CUST_09545,18,17,69.12,1290.7,Two year,Credit card,0
CUST_09546,38,7,119.97,882.19,One year,Mailed check,0
CUST_09547,66,5,97.66,541.08,Month-to-month,Bank transfer,1
CUST_09548,62,2,116.9,196.71,One year,Bank transfer,1
CUST_09549,18,4,54.24,204.95,Month-to-month,Bank transfer,1
CUST_09550,27,35,32.31,1132.29,Month-to-month,Electronic check,1
CUST_09551,64,30,70.59,2106.28,Month-to-month,Electronic check,0
CUST_09552,49,1,32.42,40.75,Month-to-month,Electronic check,0
CUST_09553,56,5,69.25,354.09,Month-to-month,Electronic check,1
CUST_09554,39,19,46.99,883.39,Month-to-month,Mailed check,0
CUST_09555,35,9,69.1,609.17,Month-to-month,Bank transfer,1
CUST_09556,65,41,114.96,4782.69,One year,Electronic check,1
CUST_09557,63,36,48.9,1717.13,Month-to-month,Credit card,0
CUST_09558,49,53,119.34,6302.09,Two year,Electronic check,0
CUST_09559,44,19,42.93,743.85,One year,Bank transfer,0
CUST_09560,45,10,40.81,362.15,One year,Bank transfer,0
CUST_09561,35,22,74.48,1614.73,Month-to-month,Electronic check,1
CUST_09562,56,2,104.2,213.82,Two year,Electronic check,1
CUST_09563,66,0,94.95,41.86,Two year,Electronic check,1
CUST_09564,46,0,92.35,42.83,Month-to-month,Bank transfer,1
CUST_09565,35,12,48.26,646.75,Month-to-month,Credit card,1
CUST_09566,61,6,22.25,83.82,One year,Credit card,0
CUST_09567,25,4,36.17,101.94,One year,Electronic check,0
CUST_09568,71,22,54.95,1154.31,Month-to-month,Credit card,1
CUST_09569,48,72,117.17,8525.33,Two year,Bank transfer,0
CUST_09570,51,4,111.98,475.81,One year,Mailed check,1
CUST_09571,24,18,40.06,765.22,One year,Electronic check,0
CUST_09572,53,3,92.56,220.0,Month-to-month,Electronic check,1
CUST_09573,35,65,77.9,5063.13,Month-to-month,Bank transfer,0
CUST_09574,55,8,24.98,227.75,Month-to-month,Credit card,1
CUST_09575,26,50,57.17,2787.27,Month-to-month,Electronic check,1
CUST_09576,26,7,68.61,455.53,Two year,Mailed check,0
CUST_09577,63,39,86.76,3405.39,One year,Electronic check,0
CUST_09578,25,5,49.49,138.88,Two year,Electronic check,0
CUST_09579,68,8,113.38,981.22,Two year,Credit card,1
CUST_09580,52,5,65.19,359.32,Month-to-month,Electronic check,1
CUST_09581,35,7,44.85,256.74,Month-to-month,Electronic check,1
CUST_09582,22,43,51.64,2218.11,Two year,Credit card,0
CUST_09583,31,24,95.19,2308.36,One year,Mailed check,0
CUST_09584,45,12,84.03,1014.88,One year,Electronic check,0
CUST_09585,47,72,94.22,6780.92,Month-to-month,Bank transfer,1
CUST_09586,21,15,49.23,732.72,Two year,Bank transfer,0
CUST_09587,56,72,52.68,3831.73,One year,Credit card,0
CUST_09588,37,5,59.67,339.15,Two year,Bank transfer,0
CUST_09589,42,56,38.86,2211.12,Two year,Mailed check,0
CUST_09590,45,0,89.1,35.3,One year,Electronic check,1
CUST_09591,29,18,52.93,976.83,One year,Credit card,0
CUST_09592,19,13,52.62,713.65,Month-to-month,Electronic check,1
CUST_09593,60,17,46.94,882.0,Month-to-month,Credit card,0
CUST_09594,31,19,65.28,1234.69,One year,Electronic check,1
CUST_09595,39,11,97.2,984.29,Month-to-month,Credit card,1
CUST_09596,48,72,103.56,7518.41,Two year,Credit card,0
CUST_09597,40,72,100.45,7255.02,One year,Bank transfer,1
CUST_09598,65,72,82.12,5939.07,Two year,Mailed check,1
CUST_09599,37,72,48.04,3415.44,Month-to-month,Bank transfer,0
CUST_09600,55,37,93.49,3376.06,Two year,Bank transfer,0
CUST_09601,72,72,23.94,1737.86,One year,Bank transfer,0
CUST_09602,21,53,99.82,5277.46,Two year,Bank transfer,1
CUST_09603,32,12,98.02,1175.32,Month-to-month,Bank transfer,1
CUST_09604,41,36,87.0,3105.77,One year,Electronic check,0
CUST_09605,42,58,29.79,1730.6,One year,Electronic check,1
CUST_09606,18,29,119.73,3438.49,Month-to-month,Mailed check,1
CUST_09607,24,13,95.64,1318.25,Month-to-month,Bank transfer,1
CUST_09608,74,1,93.48,83.76,Two year,Credit card,0
CUST_09609,48,39,26.4,1072.62,Month-to-month,Mailed check,0
CUST_09610,29,72,59.87,4334.36,Month-to-month,Mailed check,0
CUST_09611,59,10,28.62,351.11,Month-to-month,Bank transfer,1
CUST_09612,22,3,56.1,177.23,Two year,Electronic check,0
CUST_09613,61,9,77.05,739.47,One year,Credit card,1
CUST_09614,67,20,107.89,2193.88,Month-to-month,Mailed check,1
CUST_09615,59,9,48.29,512.14,Month-to-month,Credit card,1
CUST_09616,55,22,82.34,1847.03,Two year,Electronic check,0
CUST_09617,29,72,36.47,2587.04,Month-to-month,Bank transfer,0
CUST_09618,56,26,55.4,1431.21,Month-to-month,Credit card,1
CUST_09619,35,10,114.72,1086.36,Month-to-month,Bank transfer,1
CUST_09620,19,65,94.76,6143.86,One year,Bank transfer,1
CUST_09621,27,20,74.58,1422.68,One year,Electronic check,1
CUST_09622,32,3,45.17,173.17,One year,Mailed check,1
CUST_09623,47,16,57.97,837.64,One year,Bank transfer,0
CUST_09624,61,25,35.67,838.41,Month-to-month,Electronic check,1
CUST_09625,34,43,55.35,2396.04,Month-to-month,Electronic check,0
CUST_09626,21,66,35.06,2354.11,Month-to-month,Credit card,0
CUST_09627,24,9,99.53,795.27,Month-to-month,Credit card,1
CUST_09628,58,4,28.08,131.02,Month-to-month,Credit card,1
CUST_09629,48,1,38.94,71.16,One year,Bank transfer,0
CUST_09630,68,32,89.12,2767.75,Month-to-month,Mailed check,0
CUST_09631,72,38,110.25,4099.89,One year,Electronic check,0
CUST_09632,56,12,116.46,1398.08,One year,Credit card,1
CUST_09633,72,12,103.6,1266.64,Month-to-month,Bank transfer,1
CUST_09634,51,72,41.15,2939.51,One year,Bank transfer,0
CUST_09635,23,59,48.57,2876.01,One year,Mailed check,1
CUST_09636,67,6,107.08,642.81,Two year,Bank transfer,0
CUST_09637,55,36,108.93,4021.43,Two year,Credit card,1
CUST_09638,62,23,84.07,1821.6,Month-to-month,Bank transfer,1
CUST_09639,68,4,51.36,181.94,One year,Credit card,0
CUST_09640,51,10,42.41,404.6,Month-to-month,Bank transfer,0
CUST_09641,61,4,105.23,335.3,One year,Bank transfer,0
CUST_09642,32,8,40.53,342.12,Two year,Electronic check,0
CUST_09643,31,22,86.18,1867.83,One year,Mailed check,0
CUST_09644,23,11,116.8,1240.13,Month-to-month,Credit card,1
CUST_09645,67,12,90.53,1023.78,One year,Mailed check,0
CUST_09646,54,18,45.77,828.77,Two year,Credit card,0
CUST_09647,67,2,48.25,120.77,Month-to-month,Credit card,1
CUST_09648,49,32,29.29,928.4,One year,Electronic check,0
CUST_09649,20,12,88.62,1108.98,Month-to-month,Mailed check,1
CUST_09650,20,15,71.84,1096.29,Month-to-month,Bank transfer,1
CUST_09651,39,72,40.65,3017.34,Month-to-month,Electronic check,1
CUST_09652,39,10,42.77,373.14,Month-to-month,Electronic check,0
CUST_09653,27,25,20.9,451.57,Month-to-month,Bank transfer,1
CUST_09654,68,11,117.84,1326.45,Month-to-month,Bank transfer,1
CUST_09655,20,53,102.8,5434.76,One year,Bank transfer,0
CUST_09656,29,45,59.42,2606.95,Month-to-month,Credit card,0
CUST_09657,46,6,114.61,638.18,Two year,Electronic check,1
CUST_09658,65,28,87.71,2493.22,Month-to-month,Electronic check,0
CUST_09659,34,1,95.15,142.5,One year,Electronic check,1
CUST_09660,24,72,88.0,6374.54,Month-to-month,Bank transfer,1
CUST_09661,30,10,95.68,961.76,Month-to-month,Credit card,1
CUST_09662,73,42,37.09,1546.31,One year,Credit card,0
CUST_09663,19,9,76.24,677.01,One year,Electronic check,1
CUST_09664,21,24,104.94,2531.35,One year,Electronic check,1
CUST_09665,27,72,21.95,1588.93,One year,Mailed check,0
CUST_09666,56,50,32.34,1567.94,One year,Bank transfer,0
CUST_09667,41,4,44.56,229.02,Month-to-month,Credit card,0
CUST_09668,34,19,49.47,942.23,One year,Credit card,0
CUST_09669,69,10,38.27,272.05,One year,Credit card,0
CUST_09670,23,13,82.43,1008.99,Month-to-month,Credit card,1
CUST_09671,36,9,49.4,423.84,Month-to-month,Mailed check,1
CUST_09672,22,9,35.81,332.8,Month-to-month,Electronic check,1
CUST_09673,49,18,110.58,1990.83,Month-to-month,Electronic check,1
CUST_09674,27,5,89.5,412.71,One year,Bank transfer,0
CUST_09675,26,18,44.61,864.67,One year,Bank transfer,0
CUST_09676,44,7,56.1,430.21,Month-to-month,Electronic check,0
CUST_09677,30,8,94.08,750.92,Two year,Electronic check,0
CUST_09678,36,32,99.09,3092.68,Month-to-month,Electronic check,1
CUST_09679,38,0,37.64,0.0,Month-to-month,Electronic check,1
CUST_09680,41,11,113.66,1231.41,One year,Credit card,0
CUST_09681,55,12,98.53,1098.29,Two year,Bank transfer,0
CUST_09682,21,15,105.68,1611.26,One year,Bank transfer,1
CUST_09683,41,26,34.39,903.54,One year,Electronic check,0
CUST_09684,52,11,34.34,329.27,Two year,Credit card,0
CUST_09685,20,5,50.54,265.11,One year,Bank transfer,1
CUST_09686,21,51,26.46,1398.34,One year,Bank transfer,0
CUST_09687,74,72,29.11,2121.46,Two year,Electronic check,0
CUST_09688,54,0,34.32,0.0,Month-to-month,Credit card,0
CUST_09689,57,18,91.24,1762.16,Two year,Credit card,1
CUST_09690,65,10,23.02,252.0,Month-to-month,Credit card,1
CUST_09691,71,7,28.32,166.96,Two year,Bank transfer,0
CUST_09692,52,9,114.42,1111.25,Month-to-month,Mailed check,1
CUST_09693,48,24,28.37,591.01,One year,Electronic check,0
CUST_09694,73,5,73.75,310.42,Two year,Electronic check,1
CUST_09695,61,58,84.26,4862.41,Month-to-month,Electronic check,0
CUST_09696,42,15,115.86,1786.62,One year,Electronic check,1
CUST_09697,57,9,109.98,956.71,Month-to-month,Electronic check,1
CUST_09698,30,34,64.07,2172.06,Month-to-month,Credit card,1
CUST_09699,21,0,114.22,0.0,Two year,Bank transfer,0
CUST_09700,63,13,63.23,857.05,Month-to-month,Credit card,1
CUST_09701,31,10,86.99,893.7,One year,Electronic check,1
CUST_09702,30,9,45.96,341.03,Month-to-month,Electronic check,1
CUST_09703,44,9,83.66,750.6,Two year,Mailed check,1
CUST_09704,23,0,73.82,12.62,One year,Credit card,0
CUST_09705,34,3,80.68,232.6,One year,Electronic check,1
CUST_09706,53,3,88.27,261.29,Two year,Electronic check,1
CUST_09707,57,72,37.35,2654.7,Month-to-month,Electronic check,0
CUST_09708,66,0,50.13,41.53,One year,Bank transfer,0
CUST_09709,52,4,93.62,336.28,One year,Mailed check,1
CUST_09710,34,72,36.38,2666.52,Month-to-month,Electronic check,0
CUST_09711,58,23,54.42,1251.57,One year,Bank transfer,1
CUST_09712,19,14,86.65,1188.27,One year,Bank transfer,0
CUST_09713,74,1,113.77,110.74,One year,Electronic check,1
CUST_09714,30,26,27.53,720.03,Month-to-month,Bank transfer,1
CUST_09715,69,3,71.66,197.69,Month-to-month,Electronic check,1
CUST_09716,19,26,28.19,713.96,Month-to-month,Credit card,0
CUST_09717,69,72,57.91,4119.41,Month-to-month,Bank transfer,1
CUST_09718,45,18,37.54,747.63,Month-to-month,Bank transfer,1
CUST_09719,60,5,84.94,384.2,One year,Electronic check,1
CUST_09720,43,23,95.78,2142.08,Month-to-month,Bank transfer,1
CUST_09721,39,17,44.73,782.05,Two year,Credit card,0
CUST_09722,64,18,91.29,1548.86,One year,Bank transfer,1
CUST_09723,60,15,64.68,971.52,Month-to-month,Credit card,1
CUST_09724,72,26,48.36,1201.71,Month-to-month,Mailed check,1
CUST_09725,20,20,72.34,1468.89,One year,Mailed check,0
CUST_09726,52,72,57.97,4164.23,Two year,Bank transfer,0
CUST_09727,29,41,43.0,1718.63,One year,Electronic check,0
CUST_09728,41,7,95.68,661.09,One year,Electronic check,0
CUST_09729,22,31,99.75,3114.13,Month-to-month,Bank transfer,1
CUST_09730,37,5,100.03,477.72,One year,Electronic check,0
CUST_09731,56,36,58.21,2077.06,One year,Credit card,0
CUST_09732,56,3,36.95,157.22,Month-to-month,Bank transfer,0
CUST_09733,30,15,104.04,1581.36,One year,Bank transfer,1
CUST_09734,58,37,52.93,1934.72,Month-to-month,Bank transfer,1
CUST_09735,74,7,94.81,667.72,One year,Bank transfer,0
CUST_09736,70,43,101.75,4359.26,One year,Bank transfer,1
CUST_09737,62,24,96.82,2375.47,One year,Electronic check,1
CUST_09738,29,12,58.98,622.53,One year,Credit card,1
CUST_09739,30,13,113.8,1506.83,One year,Bank transfer,0
CUST_09740,73,62,86.02,5357.34,Two year,Bank transfer,0
CUST_09741,27,5,77.57,351.15,One year,Mailed check,0
CUST_09742,50,28,89.79,2468.79,One year,Electronic check,1
CUST_09743,74,29,24.47,767.37,Month-to-month,Credit card,0
CUST_09744,57,61,59.05,3591.47,One year,Credit card,0
CUST_09745,71,29,108.12,3207.31,Month-to-month,Credit card,1
CUST_09746,33,21,36.11,707.51,Month-to-month,Credit card,1
CUST_09747,62,55,61.44,3374.83,Month-to-month,Electronic check,0
CUST_09748,52,42,60.52,2513.4,One year,Electronic check,0
CUST_09749,20,30,55.6,1646.77,One year,Credit card,0
CUST_09750,73,0,76.24,17.12,Two year,Electronic check,1
CUST_09751,22,11,119.62,1278.22,One year,Electronic check,1
CUST_09752,43,23,45.58,1039.54,Month-to-month,Credit card,1
CUST_09753,28,17,90.5,1500.57,One year,Bank transfer,1
CUST_09754,24,9,95.8,892.5,One year,Mailed check,0
CUST_09755,70,3,78.45,331.44,One year,Bank transfer,0
CUST_09756,73,19,29.75,630.04,Month-to-month,Credit card,0
CUST_09757,27,8,77.24,569.69,Month-to-month,Credit card,1
CUST_09758,59,6,115.35,668.31,One year,Bank transfer,1
CUST_09759,69,12,54.21,647.92,One year,Credit card,0
CUST_09760,51,36,83.97,2920.83,Two year,Bank transfer,0
CUST_09761,20,16,115.94,1852.35,Month-to-month,Electronic check,1
CUST_09762,25,5,99.8,522.81,One year,Mailed check,1
CUST_09763,48,2,88.83,176.83,One year,Electronic check,1
CUST_09764,28,16,117.11,1868.87,Month-to-month,Electronic check,1
CUST_09765,62,37,37.06,1338.37,One year,Electronic check,0
CUST_09766,24,25,97.27,2414.37,Two year,Mailed check,0
CUST_09767,62,6,60.68,340.28,One year,Bank transfer,1
CUST_09768,19,13,56.04,676.53,Month-to-month,Electronic check,1
CUST_09769,23,46,72.07,3361.55,Month-to-month,Mailed check,1
CUST_09770,58,4,23.38,172.43,Month-to-month,Electronic check,0
CUST_09771,49,18,51.25,891.83,Month-to-month,Mailed check,1
CUST_09772,37,10,36.62,315.48,One year,Electronic check,1
CUST_09773,74,3,33.87,63.78,One year,Mailed check,0
CUST_09774,51,1,53.73,4.91,One year,Bank transfer,0
CUST_09775,67,19,100.23,1880.76,One year,Electronic check,1
CUST_09776,33,0,40.11,13.28,One year,Bank transfer,0
CUST_09777,42,2,73.14,206.38,One year,Credit card,1
CUST_09778,29,10,94.87,869.22,Month-to-month,Electronic check,1
CUST_09779,24,1,44.1,91.38,Month-to-month,Electronic check,1
CUST_09780,56,12,112.42,1348.87,Month-to-month,Bank transfer,1
CUST_09781,34,3,106.65,213.56,Two year,Credit card,1
CUST_09782,62,10,45.12,388.26,Two year,Credit card,0
CUST_09783,28,37,118.96,4426.85,One year,Electronic check,0
CUST_09784,23,23,86.92,1956.29,One year,Electronic check,1
CUST_09785,40,14,48.61,661.16,One year,Electronic check,1
CUST_09786,44,2,88.1,169.75,One year,Bank transfer,0
CUST_09787,63,23,86.62,2051.39,Month-to-month,Bank transfer,1
CUST_09788,23,4,80.62,258.7,Month-to-month,Credit card,1
CUST_09789,55,1,91.17,123.33,Two year,Credit card,0
CUST_09790,19,26,46.83,1281.24,Month-to-month,Bank transfer,1
CUST_09791,39,58,117.9,6789.33,One year,Mailed check,1
CUST_09792,37,14,105.79,1520.12,Two year,Mailed check,1
CUST_09793,42,1,94.57,68.32,One year,Bank transfer,1
CUST_09794,32,50,22.63,1096.89,One year,Bank transfer,0
CUST_09795,66,1,79.04,62.51,Two year,Bank transfer,1
CUST_09796,46,48,90.65,4362.65,One year,Mailed check,0
CUST_09797,25,11,105.41,1122.17,One year,Bank transfer,0
CUST_09798,54,10,114.62,1191.97,Month-to-month,Bank transfer,1
CUST_09799,66,18,111.59,1986.85,One year,Mailed check,0
CUST_09800,69,72,60.6,4261.39,Month-to-month,Bank transfer,0
CUST_09801,50,54,109.65,5917.51,Month-to-month,Electronic check,1
CUST_09802,39,15,20.07,237.1,One year,Bank transfer,0
CUST_09803,67,28,55.15,1531.08,Month-to-month,Credit card,0
CUST_09804,64,20,31.39,646.21,Two year,Bank transfer,0
CUST_09805,22,28,108.31,2999.81,Month-to-month,Mailed check,0
CUST_09806,56,42,112.8,4651.71,One year,Bank transfer,1
CUST_09807,35,0,45.6,0.0,Month-to-month,Mailed check,1
CUST_09808,55,9,56.73,575.5,Two year,Electronic check,0
CUST_09809,71,72,118.39,8533.57,Month-to-month,Mailed check,1
CUST_09810,70,71,76.61,5482.22,Month-to-month,Credit card,1
CUST_09811,54,0,69.71,83.24,One year,Bank transfer,1
CUST_09812,47,5,70.04,453.28,Two year,Bank transfer,0
CUST_09813,68,72,89.62,6463.23,Two year,Electronic check,0
CUST_09814,48,16,115.45,1833.05,Month-to-month,Mailed check,1
CUST_09815,27,20,56.66,1101.93,One year,Credit card,0
CUST_09816,32,4,37.27,154.13,One year,Mailed check,0
CUST_09817,59,53,38.5,2063.56,One year,Electronic check,0
CUST_09818,65,6,22.04,167.45,One year,Electronic check,0
CUST_09819,61,5,75.54,326.92,One year,Electronic check,0
CUST_09820,35,6,112.91,627.36,Two year,Bank transfer,0
CUST_09821,40,60,91.31,5466.55,Two year,Bank transfer,0
CUST_09822,50,29,119.3,3459.82,One year,Bank transfer,0
CUST_09823,33,35,110.95,3964.05,One year,Bank transfer,1
CUST_09824,71,11,69.19,643.12,One year,Bank transfer,0
CUST_09825,55,57,68.65,3882.7,Month-to-month,Electronic check,1
CUST_09826,52,37,82.84,3107.36,One year,Credit card,0
CUST_09827,51,33,31.09,975.9,One year,Bank transfer,0
CUST_09828,45,72,80.77,5814.38,Month-to-month,Electronic check,1
CUST_09829,19,10,66.41,712.14,Two year,Electronic check,0
CUST_09830,47,22,84.27,1887.06,Two year,Bank transfer,1
CUST_09831,30,57,76.52,4395.77,Two year,Electronic check,0
CUST_09832,58,37,51.04,1878.34,Month-to-month,Credit card,1
CUST_09833,33,19,80.78,1540.87,One year,Bank transfer,0
CUST_09834,22,1,56.6,64.92,Two year,Credit card,1
CUST_09835,72,25,39.46,959.91,Month-to-month,Bank transfer,0
CUST_09836,45,17,87.51,1529.34,One year,Credit card,1
CUST_09837,70,4,50.63,137.17,Two year,Mailed check,0
CUST_09838,56,51,108.9,5520.54,One year,Electronic check,1
CUST_09839,62,10,39.93,441.31,Two year,Bank transfer,0
CUST_09840,37,11,80.01,781.38,One year,Mailed check,0
CUST_09841,41,26,77.15,2013.05,Month-to-month,Credit card,0
CUST_09842,44,16,39.77,691.45,Month-to-month,Electronic check,0
CUST_09843,47,2,63.99,89.74,One year,Bank transfer,1
CUST_09844,62,11,87.55,983.7,Month-to-month,Credit card,1
CUST_09845,44,2,51.85,109.9,One year,Mailed check,1
CUST_09846,43,5,31.38,189.67,Month-to-month,Credit card,1
CUST_09847,24,0,81.52,0.7,Two year,Electronic check,1
CUST_09848,59,4,42.41,227.01,Month-to-month,Bank transfer,1
CUST_09849,64,9,88.15,811.98,One year,Credit card,1
CUST_09850,70,18,103.95,1914.25,One year,Electronic check,1
CUST_09851,55,60,32.34,1980.89,Two year,Electronic check,0
CUST_09852,22,18,63.76,1215.51,One year,Electronic check,1
CUST_09853,40,29,64.49,1821.85,Two year,Mailed check,0
CUST_09854,45,10,83.25,770.45,One year,Electronic check,1
CUST_09855,51,33,53.44,1815.63,Month-to-month,Electronic check,1
CUST_09856,70,23,61.86,1430.91,One year,Bank transfer,0
CUST_09857,32,14,21.2,390.52,One year,Electronic check,1
CUST_09858,49,5,32.24,51.56,One year,Credit card,0
CUST_09859,43,8,76.99,612.38,One year,Bank transfer,1
CUST_09860,65,23,41.59,955.61,Month-to-month,Electronic check,1
CUST_09861,48,13,34.46,492.79,Month-to-month,Bank transfer,1
CUST_09862,36,52,52.44,2824.42,Month-to-month,Credit card,0
CUST_09863,26,6,36.35,218.45,Two year,Electronic check,1
CUST_09864,46,1,25.96,47.01,One year,Credit card,0
CUST_09865,71,21,48.39,926.86,Month-to-month,Bank transfer,1
CUST_09866,68,52,36.44,1909.22,Month-to-month,Credit card,0
CUST_09867,56,10,99.94,1014.18,Month-to-month,Bank transfer,1
CUST_09868,21,25,26.27,628.24,Two year,Bank transfer,0
CUST_09869,20,6,94.74,583.37,Month-to-month,Electronic check,1
CUST_09870,73,19,58.28,1119.77,One year,Mailed check,0
CUST_09871,46,37,87.53,3319.49,Month-to-month,Bank transfer,1
CUST_09872,69,48,25.27,1174.93,One year,Electronic check,0
CUST_09873,28,2,112.07,179.8,Month-to-month,Bank transfer,1
CUST_09874,50,10,96.74,924.83,Month-to-month,Mailed check,1
CUST_09875,55,24,34.01,794.47,One year,Electronic check,0
CUST_09876,28,0,41.88,0.0,One year,Electronic check,0
CUST_09877,44,28,84.4,2350.1,One year,Electronic check,0
CUST_09878,50,18,112.16,2020.63,Month-to-month,Bank transfer,1
CUST_09879,38,8,64.58,591.61,One year,Mailed check,0
CUST_09880,56,40,68.56,2736.16,Month-to-month,Mailed check,1
CUST_09881,48,8,43.78,413.53,One year,Electronic check,0
CUST_09882,55,72,58.3,4239.04,Month-to-month,Credit card,0
CUST_09883,63,40,48.6,1950.91,Month-to-month,Bank transfer,0
CUST_09884,19,29,55.06,1589.62,Month-to-month,Mailed check,1
CUST_09885,44,1,22.06,48.87,Month-to-month,Electronic check,1
CUST_09886,53,56,24.11,1382.29,One year,Bank transfer,0
CUST_09887,28,37,88.07,3232.18,One year,Credit card,0
CUST_09888,64,6,88.18,558.39,One year,Electronic check,1
CUST_09889,35,11,53.02,578.7,Month-to-month,Bank transfer,1
CUST_09890,18,7,108.55,787.11,Month-to-month,Mailed check,1
CUST_09891,52,72,46.61,3438.0,Month-to-month,Electronic check,0
CUST_09892,52,46,59.58,2722.63,Month-to-month,Bank transfer,1
CUST_09893,48,63,93.14,5768.55,Month-to-month,Electronic check,0
CUST_09894,45,37,94.36,3488.66,Month-to-month,Bank transfer,1
CUST_09895,56,14,106.12,1432.01,Two year,Electronic check,1
CUST_09896,18,5,22.91,127.7,One year,Bank transfer,0
CUST_09897,42,5,38.38,141.52,One year,Electronic check,1
CUST_09898,60,3,84.06,246.64,One year,Mailed check,1
CUST_09899,55,18,53.82,1050.29,Two year,Electronic check,1
CUST_09900,37,60,24.36,1553.21,Month-to-month,Bank transfer,0
CUST_09901,20,72,78.65,5680.86,Month-to-month,Electronic check,0
CUST_09902,68,8,59.31,429.41,Two year,Electronic check,0
CUST_09903,19,28,56.41,1623.16,One year,Electronic check,0
CUST_09904,35,21,46.44,951.99,One year,Credit card,0
CUST_09905,61,16,20.6,255.11,One year,Bank transfer,0
CUST_09906,27,26,38.24,1091.92,One year,Electronic check,0
CUST_09907,22,11,67.42,741.1,One year,Bank transfer,0
CUST_09908,26,69,47.57,3309.9,One year,Bank transfer,0
CUST_09909,19,29,107.44,3099.49,Month-to-month,Credit card,1
CUST_09910,51,33,34.3,1158.63,One year,Electronic check,0
CUST_09911,55,6,107.53,603.87,Two year,Mailed check,1
CUST_09912,48,4,60.48,236.14,One year,Bank transfer,0
CUST_09913,27,12,47.58,616.8,Month-to-month,Electronic check,1
CUST_09914,67,34,50.43,1705.64,One year,Electronic check,1
CUST_09915,29,67,53.01,3509.51,Month-to-month,Bank transfer,1
CUST_09916,53,13,70.66,964.66,Two year,Mailed check,1
CUST_09917,71,35,55.39,1920.6,One year,Electronic check,0
CUST_09918,38,15,84.72,1251.7,Month-to-month,Bank transfer,1
CUST_09919,66,8,62.52,443.7,One year,Electronic check,1
CUST_09920,64,32,87.16,2866.49,One year,Bank transfer,1
CUST_09921,23,38,80.44,3109.93,Month-to-month,Credit card,1
CUST_09922,65,5,44.45,209.56,Month-to-month,Bank transfer,0
CUST_09923,66,8,101.28,766.7,One year,Bank transfer,0
CUST_09924,20,16,99.9,1632.34,Two year,Bank transfer,0
CUST_09925,27,4,118.9,495.74,Month-to-month,Credit card,1
CUST_09926,22,63,37.51,2342.56,One year,Electronic check,0
CUST_09927,63,21,104.78,2195.78,Month-to-month,Mailed check,1
CUST_09928,43,3,107.2,351.16,Month-to-month,Credit card,0
CUST_09929,38,4,84.22,348.3,Month-to-month,Bank transfer,0
CUST_09930,62,72,70.64,5104.55,Month-to-month,Mailed check,0
CUST_09931,43,32,115.73,3716.43,Two year,Credit card,1
CUST_09932,55,31,117.27,3671.84,Two year,Electronic check,1
CUST_09933,61,1,84.17,56.27,Month-to-month,Bank transfer,1
CUST_09934,43,54,55.96,3029.87,Month-to-month,Credit card,1
CUST_09935,25,14,101.72,1387.96,Two year,Bank transfer,0
CUST_09936,22,25,28.93,690.79,Month-to-month,Credit card,0
CUST_09937,32,72,49.06,3627.5,Month-to-month,Bank transfer,1
CUST_09938,33,2,118.56,165.87,Month-to-month,Credit card,1
CUST_09939,18,15,101.43,1554.85,One year,Credit card,0
CUST_09940,33,1,113.96,249.88,Month-to-month,Electronic check,1
CUST_09941,54,16,79.48,1359.91,One year,Electronic check,1
CUST_09942,20,6,60.77,392.77,One year,Bank transfer,0
CUST_09943,69,58,117.97,6937.78,Month-to-month,Credit card,1
CUST_09944,64,12,50.94,631.32,Month-to-month,Bank transfer,1
CUST_09945,48,24,95.74,2283.0,Two year,Credit card,0
CUST_09946,30,47,75.82,3564.58,Two year,Credit card,0
CUST_09947,73,72,42.85,3130.22,One year,Bank transfer,0
CUST_09948,33,16,21.75,451.87,Month-to-month,Bank transfer,1
CUST_09949,72,14,58.38,870.45,Month-to-month,Mailed check,1
CUST_09950,60,1,74.77,70.34,One year,Electronic check,1
CUST_09951,38,0,38.32,0.0,Month-to-month,Credit card,1
CUST_09952,19,22,61.46,1255.14,Two year,Electronic check,1
CUST_09953,71,1,81.52,74.7,Month-to-month,Credit card,0
CUST_09954,44,11,91.49,954.66,One year,Mailed check,1
CUST_09955,55,0,25.27,46.35,Month-to-month,Electronic check,0
CUST_09956,43,22,86.42,1888.63,One year,Electronic check,1
CUST_09957,55,13,25.67,382.34,One year,Credit card,0
CUST_09958,63,3,22.82,193.84,Month-to-month,Electronic check,1
CUST_09959,42,8,35.24,275.41,Month-to-month,Bank transfer,0
CUST_09960,28,20,85.36,1715.34,One year,Electronic check,0
CUST_09961,25,25,25.28,650.17,Two year,Bank transfer,0
CUST_09962,25,14,22.09,295.14,One year,Electronic check,0
CUST_09963,50,39,31.8,1246.0,Month-to-month,Mailed check,0
CUST_09964,70,2,114.97,212.44,Two year,Electronic check,1
CUST_09965,24,2,110.73,289.36,Month-to-month,Bank transfer,1
CUST_09966,55,1,28.65,17.87,Month-to-month,Mailed check,1
CUST_09967,38,18,50.4,844.77,Month-to-month,Mailed check,1
CUST_09968,25,29,114.73,3269.04,Month-to-month,Electronic check,1
CUST_09969,68,3,29.77,47.25,Month-to-month,Electronic check,1
CUST_09970,71,24,29.46,684.64,One year,Bank transfer,0
CUST_09971,38,15,28.6,472.76,Month-to-month,Electronic check,1
CUST_09972,73,72,117.65,8511.41,One year,Mailed check,0
CUST_09973,37,30,94.31,2874.09,Month-to-month,Credit card,1
CUST_09974,25,25,41.45,1037.09,One year,Mailed check,0
CUST_09975,63,20,24.59,541.48,Month-to-month,Electronic check,0
CUST_09976,48,72,116.52,8377.19,Month-to-month,Bank transfer,1
CUST_09977,67,72,62.55,4411.85,Month-to-month,Credit card,1
CUST_09978,74,18,79.84,1484.55,Month-to-month,Bank transfer,1
CUST_09979,46,14,47.92,636.62,Month-to-month,Mailed check,0
CUST_09980,65,14,95.84,1330.93,One year,Electronic check,1
CUST_09981,26,13,39.68,497.69,Month-to-month,Electronic check,1
CUST_09982,32,18,98.69,1802.53,Month-to-month,Credit card,0
CUST_09983,47,7,43.06,309.37,Month-to-month,Credit card,1
CUST_09984,43,62,29.79,1835.52,One year,Electronic check,0
CUST_09985,27,16,67.88,1166.03,One year,Electronic check,0
CUST_09986,46,44,101.32,4453.54,One year,Electronic check,0
CUST_09987,71,15,58.49,865.5,Two year,Credit card,0
CUST_09988,33,30,22.89,727.09,Two year,Bank transfer,0
CUST_09989,53,9,75.33,736.34,Month-to-month,Credit card,1
CUST_09990,37,23,88.05,2069.7,Month-to-month,Bank transfer,1
CUST_09991,62,16,94.07,1475.23,Two year,Credit card,0
CUST_09992,71,10,60.19,620.27,Month-to-month,Electronic check,1
CUST_09993,54,51,29.7,1518.94,One year,Mailed check,0
CUST_09994,39,2,78.43,147.17,Two year,Mailed check,1
CUST_09995,24,16,52.95,800.48,One year,Credit card,0
CUST_09996,40,5,114.69,584.47,Month-to-month,Mailed check,1
CUST_09997,58,47,70.27,3357.07,One year,Mailed check,0
CUST_09998,57,7,67.23,552.09,Month-to-month,Credit card,0
CUST_09999,46,24,50.92,1279.74,Two year,Credit card,0
CUST_10000,33,4,53.88,193.07,Month-to-month,Credit card,1
